# https://github.com/mikedh/trimesh
v 0.05886666 0.26053399 -0.02068362
v 0.06298983 0.25967667 -0.01970074
v 0.06358854 0.26115376 -0.01957381
v 0.05930753 0.26185820 -0.02053906
v 0.07125711 0.26146379 -0.03021092
v 0.07122666 0.26515627 -0.02654528
v 0.07069884 0.26795602 -0.02640561
v 0.07036575 0.26773933 -0.02927248
v 0.02711125 0.22257915 -0.08185122
v 0.01286206 0.22161941 -0.08689561
v 0.01270130 0.21330476 -0.08384654
v 0.02639767 0.21171223 -0.07848415
v 0.04575220 0.19218285 -0.05812818
v 0.04028737 0.19834776 -0.06384505
v 0.03851904 0.18988900 -0.06708304
v 0.04749072 0.18665500 -0.05730800
v 0.03799702 0.32190913 0.06201692
v 0.04550345 0.32023618 0.05707679
v 0.04396714 0.31424603 0.06046762
v -0.05886973 0.26053268 -0.02068308
v -0.06299315 0.25967509 -0.01969980
v -0.06359179 0.26115206 -0.01957310
v -0.05931007 0.26185718 -0.02053865
v -0.07126066 0.26146206 -0.03021020
v -0.07122855 0.26515493 -0.02654523
v -0.07070091 0.26795420 -0.02640603
v -0.07036793 0.26773724 -0.02927276
v 0.03687988 0.31536886 0.06437650
v 0.08906456 0.28360960 -0.04246143
v 0.08889673 0.28085616 -0.04359965
v 0.08896524 0.27936849 -0.04173343
v 0.08897845 0.28181246 -0.04076742
v 0.08476848 0.26505271 -0.04024896
v 0.08475165 0.27254361 -0.04197725
v 0.08613796 0.27517700 -0.04286149
v 0.08617327 0.27300069 -0.04195604
v 0.08478919 0.25431830 -0.03701153
v 0.08389539 0.25495732 -0.03642061
v 0.08538204 0.25964648 -0.03840051
v 0.08624962 0.25938162 -0.03919514
v 0.07300693 0.23428515 -0.01222110
v 0.07496955 0.23677328 -0.01442613
v 0.07564379 0.23426570 -0.01563074
v 0.07162461 0.23287876 -0.01402169
v 0.06895152 0.23433667 -0.01488120
v 0.07270406 0.23376352 -0.01910519
v 0.07190997 0.23694631 -0.02016791
v 0.06893510 0.23692721 -0.01677428
v 0.08491475 0.29393589 -0.02796380
v 0.08505075 0.29065087 -0.02744405
v 0.08346485 0.28984651 -0.02509568
v 0.08332428 0.29313511 -0.02521383
v 0.07187665 0.25980371 -0.03606771
v 0.07068919 0.25310370 -0.03421517
v 0.07640900 0.25812158 -0.03724398
v 0.07668640 0.26106247 -0.03768630
v 0.08270250 0.28335914 -0.03486269
v 0.08338337 0.28413799 -0.03840445
v 0.08369082 0.28188306 -0.03957668
v 0.08273293 0.28035930 -0.03680433
v 0.08562608 0.28537840 -0.04361188
v 0.08557435 0.28228241 -0.04489973
v 0.07114546 0.24407761 -0.01069788
v 0.07000168 0.24792875 -0.01020689
v 0.07010154 0.24953146 -0.01176564
v 0.07038116 0.24832962 -0.01311682
v 0.07013930 0.26137722 -0.02686552
v 0.07175539 0.26578900 -0.02504846
v 0.08152237 0.24387746 -0.03128513
v 0.08122557 0.24579124 -0.03049861
v 0.08308376 0.24975678 -0.03420158
v 0.08339897 0.24847654 -0.03517787
v 0.07837822 0.24842662 -0.02850097
v 0.08025704 0.25099948 -0.03216426
v 0.08125787 0.25153500 -0.03404963
v 0.08037750 0.24941394 -0.03189581
v 0.08548826 0.28649575 -0.03468111
v 0.08381844 0.28886107 -0.02998151
v 0.08459622 0.28839827 -0.02985660
v 0.08624087 0.28594854 -0.03468440
v 0.07831914 0.27325234 -0.03748723
v 0.07716320 0.27833951 -0.03584028
v 0.07639856 0.27765661 -0.03550856
v 0.07745698 0.27321589 -0.03709961
v 0.08557180 0.28302997 -0.04141075
v 0.08577157 0.28031620 -0.04241619
v 0.08397702 0.27915537 -0.04081641
v 0.07311202 0.28105575 -0.02310112
v 0.07397593 0.28198874 -0.02445501
v 0.07430934 0.28030837 -0.02487953
v 0.07386760 0.27901128 -0.02384232
v 0.07504199 0.23346230 -0.01919517
v 0.06872179 0.24420254 -0.02759753
v 0.07025886 0.24469611 -0.02941484
v 0.07286857 0.24890944 -0.03258082
v 0.07166764 0.25008520 -0.03278070
v 0.06956110 0.23624513 -0.00993651
v 0.07222392 0.23651196 -0.00989845
v 0.07265934 0.23506829 -0.01107154
v 0.06999601 0.23449081 -0.01165832
v 0.07610648 0.28544959 -0.02474004
v 0.07842772 0.28490776 -0.02690697
v 0.07654735 0.28383249 -0.02612727
v 0.07502894 0.28412029 -0.02440942
v 0.08358037 0.27065367 -0.04013193
v 0.08268712 0.27746087 -0.03842634
v 0.08337245 0.26141074 -0.03451236
v 0.08310316 0.26150188 -0.03746833
v 0.08246867 0.25738665 -0.03587688
v -0.02712049 0.22257647 -0.08184892
v -0.01287152 0.22161815 -0.08689498
v -0.01271118 0.21330254 -0.08384595
v -0.02640810 0.21170783 -0.07848176
v 0.08296251 0.25739095 -0.03307810
v 0.08302435 0.26962823 -0.03455463
v 0.08309805 0.26958415 -0.03800011
v 0.08657372 0.27867734 -0.04029868
v 0.08656669 0.27250394 -0.04056120
v 0.08627968 0.27928481 -0.04124824
v 0.07548563 0.28158399 -0.03336721
v 0.07611506 0.28447157 -0.03704561
v 0.07524407 0.27763927 -0.03831485
v 0.07572130 0.27902958 -0.03456902
v 0.07046589 0.25366923 -0.01248179
v 0.07164355 0.25583014 -0.01395452
v 0.07046545 0.25339776 -0.01519554
v 0.06981223 0.25105214 -0.01463258
v 0.07343566 0.24698052 -0.03114146
v 0.07096186 0.24373308 -0.02848088
v 0.07143242 0.24337406 -0.02767401
v 0.07388181 0.24530523 -0.02959624
v 0.08082205 0.28612942 -0.02914160
v 0.08091856 0.28081113 -0.02989064
v 0.07937597 0.28080270 -0.02828924
v 0.07530584 0.25008145 -0.02011456
v 0.07600217 0.25145879 -0.02200453
v 0.07691052 0.24823298 -0.02377225
v 0.07618310 0.24616721 -0.02210021
v 0.07823171 0.23745823 -0.02491852
v 0.07611430 0.23701641 -0.02559643
v 0.07440946 0.23497635 -0.02217690
v 0.07656284 0.23493886 -0.02193357
v 0.07011279 0.25000292 -0.01382895
v 0.07021143 0.25098583 -0.01216850
v 0.07975245 0.27358440 -0.03962559
v 0.07903196 0.27970013 -0.03766229
v 0.08215471 0.27883148 -0.03440928
v 0.08224409 0.27626908 -0.03578575
v 0.07253318 0.26630923 -0.01830595
v 0.07004398 0.26683220 -0.01950922
v 0.06994528 0.26607653 -0.01944940
v 0.07312394 0.26470846 -0.01814584
v 0.07313348 0.26618910 -0.01710179
v 0.07361387 0.26458165 -0.01698758
v 0.07328618 0.26440063 -0.01579191
v 0.07295387 0.26532063 -0.01565328
v 0.06911141 0.26709011 -0.01997767
v 0.06941550 0.26682320 -0.01969021
v 0.06977228 0.26735342 -0.01999671
v 0.07356305 0.26954323 -0.03173013
v 0.07464410 0.26172963 -0.03377397
v 0.07280085 0.26132405 -0.03264263
v 0.07143904 0.26862434 -0.03091444
v 0.08370958 0.26260281 -0.03917705
v 0.08032985 0.28940344 -0.02101152
v 0.07898325 0.29153991 -0.02092003
v 0.08130671 0.29495290 -0.02523011
v 0.07061314 0.25262782 -0.02417433
v 0.07337596 0.25370774 -0.02147298
v 0.07205041 0.25347349 -0.01983585
v 0.07028946 0.25235707 -0.02242865
v 0.06974670 0.25770986 -0.01800686
v 0.06783339 0.25429431 -0.01723062
v 0.07195845 0.25611567 -0.01655317
v 0.07316456 0.27213418 -0.01708979
v 0.07140233 0.26836845 -0.01948355
v 0.07229950 0.26725909 -0.01816148
v 0.07281216 0.26764289 -0.01694946
v 0.08491148 0.25368422 -0.03821908
v 0.08620621 0.25902143 -0.04068448
v 0.08465689 0.25892755 -0.04210571
v 0.08346936 0.25325420 -0.03950910
v 0.07008971 0.24027514 -0.00842788
v 0.06757110 0.23733492 -0.01146228
v 0.06937486 0.24370147 -0.00811177
v 0.08860011 0.29058605 -0.03713896
v 0.08536529 0.29279816 -0.03751933
v 0.08561711 0.29062071 -0.03998567
v 0.08897720 0.28848940 -0.03936350
v 0.06976009 0.27337140 -0.02545532
v 0.06988361 0.27135384 -0.02499376
v 0.07021087 0.27278000 -0.02374929
v 0.07000447 0.27479890 -0.02393548
v 0.05180781 0.23542887 -0.06657378
v 0.06043586 0.23692678 -0.04751329
v 0.06408716 0.24935372 -0.05638666
v 0.05740838 0.24734408 -0.07239306
v 0.07889500 0.24019766 -0.02446265
v 0.07828877 0.23803650 -0.02166565
v 0.07452685 0.27991909 -0.01638079
v 0.07437080 0.28183290 -0.01517347
v 0.07525033 0.28728271 -0.01684998
v 0.07564158 0.28402895 -0.01687954
v 0.08590462 0.27408677 -0.04588958
v 0.08859486 0.27345446 -0.04424959
v 0.07551916 0.28588915 -0.02318285
v 0.07905728 0.28942007 -0.02630049
v 0.07706456 0.28699720 -0.02522786
v 0.07529553 0.28545138 -0.02339914
v 0.07553108 0.27748424 -0.02122483
v 0.07614127 0.27873698 -0.02094069
v 0.07420418 0.27970308 -0.02113720
v 0.07325132 0.27828297 -0.02119999
v 0.07451329 0.28665859 -0.01408893
v 0.07555309 0.29150218 -0.01762309
v 0.06728326 0.24400413 -0.02665602
v 0.07587761 0.27883011 -0.01870356
v 0.07671859 0.28144878 -0.01855740
v 0.07707691 0.28031993 -0.02083111
v -0.04575670 0.19217828 -0.05812154
v -0.04029309 0.19834426 -0.06383846
v -0.03852400 0.18988541 -0.06707795
v -0.04749508 0.18665047 -0.05730205
v 0.06969135 0.24898526 -0.00814999
v 0.06989650 0.25065345 -0.01046440
v 0.07458185 0.28447032 -0.02326456
v 0.07391107 0.28324094 -0.02320346
v 0.07257859 0.27944008 -0.02223077
v 0.07300002 0.27738279 -0.02372871
v 0.07932831 0.27086911 -0.03116143
v 0.08119658 0.26216832 -0.03242811
v 0.06683862 0.25099063 -0.04213916
v 0.06384300 0.23797967 -0.02629066
v 0.07294406 0.28003678 -0.02128388
v 0.07286914 0.28031614 -0.02144643
v 0.07215793 0.27948856 -0.02162270
v 0.07208401 0.27888808 -0.02147432
v 0.07760568 0.23621601 -0.01905884
v 0.07803851 0.27730611 -0.02838936
v 0.07517962 0.27521557 -0.02622749
v 0.07585741 0.27759123 -0.02563877
v 0.08633924 0.26433340 -0.03946407
v 0.08751012 0.27239251 -0.04050827
v 0.08890075 0.27278945 -0.04220633
v 0.08745929 0.26420420 -0.04076033
v 0.06782487 0.23574941 -0.01307195
v 0.06980261 0.27053764 -0.02585221
v 0.07122251 0.26897150 -0.02512202
v 0.07052389 0.27598253 -0.02436435
v 0.07110073 0.27776289 -0.02229054
v 0.07009921 0.25375229 -0.01034297
v 0.08484209 0.28720331 -0.03852284
v 0.08531257 0.28525788 -0.04005485
v 0.08335197 0.28583178 -0.03703655
v 0.08311653 0.28708944 -0.03540299
v 0.08263668 0.28888100 -0.03234532
v 0.08263922 0.29031041 -0.03190754
v 0.08413880 0.28893083 -0.03642413
v 0.07387929 0.27630809 -0.02492480
v 0.07492927 0.27801952 -0.02453821
v 0.07464539 0.24880268 -0.01878178
v 0.07540549 0.24259463 -0.01931418
v 0.08150655 0.25391126 -0.03350770
v 0.08185861 0.25460926 -0.03065714
v 0.08205394 0.26466009 -0.04305756
v 0.08178777 0.27373546 -0.04399234
v 0.08065844 0.27353418 -0.04164178
v 0.08117287 0.26493534 -0.04153538
v 0.07660749 0.26700631 -0.03772278
v 0.07358339 0.26752919 -0.03734850
v 0.07258365 0.26637137 -0.01523107
v 0.07231720 0.27022284 -0.01342104
v 0.07031631 0.27542186 -0.02412146
v 0.07072508 0.27710754 -0.02233068
v 0.07729998 0.24975635 -0.03381221
v 0.07344069 0.24254030 -0.02599895
v 0.07713985 0.24760701 -0.03202655
v 0.06979755 0.24191026 -0.02362783
v 0.06962021 0.24105021 -0.02115902
v 0.07185082 0.24093470 -0.02300138
v 0.07887850 0.25039312 -0.02749347
v 0.08046540 0.25154880 -0.03040087
v 0.06881381 0.26684347 -0.02055273
v 0.06728010 0.26528916 -0.02180646
v 0.06768874 0.26660055 -0.02002120
v 0.08206595 0.27007648 -0.03246304
v 0.08296287 0.26186463 -0.03281070
v 0.07575871 0.28089413 -0.02128847
v 0.07408573 0.27083036 -0.02149220
v 0.07518975 0.27432910 -0.01969400
v 0.07915888 0.28428876 -0.02120402
v 0.07733592 0.28268048 -0.02166126
v 0.07675556 0.28176159 -0.02144886
v 0.07802457 0.28220126 -0.02077078
v 0.06190878 0.25711185 -0.02022407
v 0.06520577 0.25542057 -0.01872603
v 0.06675411 0.25870156 -0.01859802
v 0.08164465 0.29007336 -0.03011396
v 0.08199570 0.28803396 -0.03128120
v 0.08001338 0.28037679 -0.03962990
v 0.07478068 0.28227919 -0.02544107
v 0.07523984 0.28072339 -0.02624463
v 0.07799250 0.29289457 -0.03208099
v 0.07725312 0.29122844 -0.02884192
v 0.07726261 0.29159299 -0.02766053
v 0.07813541 0.29544625 -0.02799064
v 0.06920452 0.23841384 -0.01782262
v 0.07147455 0.23871854 -0.02073544
v 0.07120165 0.23989746 -0.02123132
v 0.06940859 0.23981875 -0.01913065
v 0.07143231 0.25314942 -0.01913955
v 0.07010195 0.25218564 -0.02141855
v 0.08256494 0.25508258 -0.03645346
v 0.08187230 0.25429747 -0.03536005
v 0.08295922 0.25832558 -0.03758907
v 0.08398639 0.25952032 -0.03855180
v 0.07047976 0.27387169 -0.02771906
v 0.06991907 0.27287841 -0.02745574
v 0.07717208 0.28562742 -0.03010536
v 0.07905325 0.28799152 -0.03164925
v 0.07815573 0.29084027 -0.02813651
v 0.07676001 0.28872269 -0.02778743
v 0.08104555 0.28118655 -0.04207755
v 0.07527019 0.27925149 -0.02582379
v 0.07589108 0.27943388 -0.02690925
v 0.07482925 0.27967423 -0.02535659
v 0.07257864 0.27732188 -0.02137457
v 0.07480127 0.27624065 -0.02169843
v 0.07824598 0.28449327 -0.02254795
v 0.08173782 0.28801781 -0.02574941
v 0.08067250 0.28817600 -0.02586981
v 0.07755474 0.28528386 -0.02272880
v 0.07325789 0.28201535 -0.02209714
v 0.01438630 0.23041442 -0.09455765
v 0.01647611 0.23900287 -0.10206799
v -0.03799901 0.32190764 0.06201335
v -0.04550526 0.32023433 0.05707237
v -0.04396875 0.31424415 0.06046394
v -0.03688142 0.31536695 0.06437366
v 0.07720857 0.29151416 -0.02078430
v 0.07791553 0.29307371 -0.02464956
v 0.07868399 0.29402643 -0.02504838
v 0.07759912 0.29229787 -0.02169625
v 0.08290460 0.28590143 -0.03484511
v 0.08624675 0.28188032 -0.04032480
v 0.07256472 0.26750347 -0.02349202
v 0.06937081 0.26446402 -0.02336837
v 0.05907963 0.26319516 -0.02188877
v 0.05943574 0.26443744 -0.02188795
v 0.05994509 0.26399362 -0.02301535
v 0.05959581 0.26265723 -0.02325397
v 0.06253487 0.25796172 -0.02384212
v 0.06537270 0.25696129 -0.02246946
v 0.06469364 0.25503805 -0.02090677
v 0.06191811 0.25576189 -0.02299649
v 0.05857115 0.26001474 -0.02220923
v 0.05881951 0.26166004 -0.02191431
v 0.05942885 0.26091191 -0.02348107
v 0.05925146 0.25907606 -0.02398631
v 0.08108684 0.28997904 -0.02798272
v 0.08294341 0.28984940 -0.02984329
v 0.08746400 0.28085059 -0.03927230
v 0.08744363 0.27859670 -0.04025899
v 0.08590202 0.28600523 -0.03745813
v 0.08616872 0.28410089 -0.03898272
v 0.07200495 0.25849047 -0.01399280
v 0.07299177 0.25865948 -0.01574025
v 0.07257654 0.25703421 -0.01565433
v 0.08867653 0.28402582 -0.03951452
v 0.08910976 0.28606445 -0.04102800
v 0.07213636 0.24050808 -0.00992600
v 0.07143869 0.23889036 -0.00896080
v 0.04986245 0.17108926 0.01201667
v 0.05772888 0.17797843 -0.00187399
v 0.05693593 0.16954906 -0.00038575
v 0.04832596 0.16323262 0.01256741
v 0.07900181 0.28696138 -0.01976379
v 0.07795246 0.28940445 -0.01947756
v 0.05866548 0.25838381 -0.02137018
v 0.05858110 0.25757805 -0.02262238
v 0.06137126 0.25615236 -0.02161261
v 0.06394898 0.26270452 -0.01972555
v 0.05969756 0.26322842 -0.02050489
v 0.06280341 0.25972056 -0.02387457
v 0.06363259 0.26493251 -0.02257813
v 0.06393237 0.26607192 -0.02114864
v 0.06704219 0.25193071 -0.01816292
v 0.06865709 0.25128195 -0.02016747
v 0.07027656 0.25125793 -0.01697967
v 0.05923656 0.25712261 -0.02377883
v 0.07051685 0.27488843 -0.02582252
v 0.06597795 0.26053321 -0.02345050
v 0.06877124 0.25809026 -0.02507978
v 0.06850401 0.25585487 -0.02406655
v 0.06572178 0.25858057 -0.02325322
v 0.07718927 0.24762782 -0.02554900
v 0.07757808 0.24950427 -0.02542757
v 0.07112095 0.25331739 -0.02626360
v 0.07451236 0.25367188 -0.02428793
v 0.07189085 0.27039650 -0.02424210
v 0.07352830 0.27366695 -0.02266950
v 0.06935152 0.26704636 -0.02075734
v 0.06650563 0.26279646 -0.02287439
v 0.06891034 0.26050451 -0.02482274
v 0.06417663 0.26403075 -0.01999463
v 0.06797983 0.26414788 -0.01921135
v 0.06772800 0.26523757 -0.01944745
v 0.06413692 0.26501602 -0.02029767
v 0.07767546 0.28077555 -0.02747622
v 0.07674839 0.28726813 -0.01804178
v 0.07787365 0.28429115 -0.01892849
v 0.07896503 0.29628649 -0.04414445
v 0.07714241 0.28789935 -0.04868728
v 0.07753588 0.28970256 -0.03574365
v 0.06297457 0.26159719 -0.02373339
v 0.06001914 0.26533517 -0.02176492
v 0.06053452 0.26489130 -0.02088720
v 0.08227670 0.25092554 -0.03392883
v 0.07111307 0.25085747 -0.01668826
v 0.07126610 0.27541095 -0.02203693
v 0.08173379 0.25944173 -0.04134474
v 0.08066002 0.25395870 -0.03914084
v 0.07061195 0.27659467 -0.02236849
v 0.07133727 0.27772796 -0.02189102
v 0.06952336 0.25160912 -0.02093183
v 0.07102321 0.25225148 -0.01814633
v 0.07156238 0.27813721 -0.02172675
v 0.07257931 0.25810775 -0.01690756
v 0.08230612 0.28045854 -0.03309007
v 0.07439643 0.23930678 -0.02627382
v 0.07305727 0.23793751 -0.02299262
v 0.06016789 0.26425841 -0.02055631
v 0.06396040 0.25539458 -0.02024069
v 0.06334580 0.26332438 -0.02319263
v 0.07074443 0.26194993 -0.01850031
v 0.07034318 0.25978205 -0.01810281
v 0.07293262 0.26034105 -0.01703643
v 0.07579295 0.25407261 -0.02608251
v 0.07180426 0.25489721 -0.02865947
v 0.07287896 0.25568497 -0.03093473
v 0.07747523 0.25477564 -0.02782271
v 0.07940328 0.24894978 -0.03653432
v 0.07792628 0.24453221 -0.03290418
v 0.08031075 0.24319457 -0.03233436
v 0.08213786 0.24778676 -0.03634891
v 0.07904605 0.31079835 -0.05316707
v 0.08006174 0.30229065 -0.03766398
v 0.08037433 0.31802440 -0.04219926
v 0.08097658 0.28949970 -0.03709366
v 0.08098190 0.28702730 -0.03885717
v 0.08565074 0.28805932 -0.04202151
v 0.07713009 0.29405296 -0.02259532
v 0.07729028 0.29161289 -0.02614242
v 0.07754064 0.29262736 -0.02425735
v 0.08522736 0.26429895 -0.04427804
v 0.07382587 0.27606007 -0.01641462
v 0.07541087 0.27652442 -0.01898179
v 0.07652393 0.25089478 -0.03467852
v 0.07788406 0.25292474 -0.02572571
v 0.07995747 0.25337040 -0.02791118
v 0.08630040 0.29050270 -0.03023523
v 0.08331453 0.28878567 -0.02763077
v 0.01148283 0.15758884 0.03935151
v 0.01106413 0.15333872 0.03565906
v 0.00816354 0.26833695 0.08193050
v 0.00964919 0.26811975 0.08044437
v 0.00830916 0.27002543 0.07935444
v 0.00766070 0.27006391 0.08009972
v 0.00854016 0.25906044 0.08098476
v 0.00791448 0.26061678 0.07976498
v 0.00894991 0.26027671 0.07880965
v 0.00982964 0.25898176 0.08008616
v 0.00528838 0.26971489 0.07930094
v 0.00386379 0.26717359 0.08189660
v 0.00537731 0.26813000 0.08338708
v 0.00639079 0.27028272 0.08004557
v 0.08637691 0.29374212 -0.03119332
v 0.01203637 0.25871968 0.08070925
v 0.01101317 0.26056272 0.07936663
v 0.01171448 0.26110017 0.08119295
v 0.01335099 0.25954926 0.08237075
v 0.00467787 0.26004073 0.08858690
v 0.00573674 0.26213744 0.08866977
v 0.00460058 0.26131454 0.08647475
v 0.00462901 0.25932896 0.08617515
v 0.00749416 0.26254836 0.08803116
v 0.00938437 0.26207045 0.08974980
v 0.01115399 0.26195678 0.08822064
v 0.00898142 0.26231861 0.08657372
v 0.00426018 0.26343441 0.08143250
v 0.00562926 0.26158112 0.08296500
v 0.00351233 0.26373991 0.08506663
v 0.01198580 0.26339257 0.07918818
v 0.01062983 0.26229310 0.07778426
v 0.00945947 0.26609573 0.07699364
v 0.01074073 0.26694870 0.07787853
v 0.05419120 0.18603143 0.01159569
v 0.05951739 0.18981682 -0.00393453
v 0.03481851 0.27977186 0.06356180
v 0.03428821 0.27708924 0.06492290
v 0.02997489 0.27821651 0.06529653
v 0.03072497 0.28057909 0.06416588
v 0.07371525 0.26260129 -0.01649872
v 0.07322607 0.26340151 -0.01536763
v 0.08079454 0.28423253 -0.04052792
v 0.08534724 0.28763115 -0.03530652
v 0.08099000 0.29135859 -0.03489101
v 0.08001161 0.29343733 -0.03011011
v 0.07887191 0.29204547 -0.02907184
v 0.07974169 0.28959608 -0.03312460
v 0.08812843 0.28759605 -0.03577485
v 0.07222555 0.24942572 -0.01646069
v 0.08013752 0.27652314 -0.03022203
v 0.07939477 0.29396486 -0.02751918
v 0.08245211 0.29562211 -0.02826679
v 0.08557472 0.26439211 -0.03943158
v 0.08850566 0.28599480 -0.03777540
v 0.08669831 0.28462988 -0.03652117
v 0.08045982 0.28650054 -0.02192333
v 0.07431131 0.25836340 -0.03319979
v 0.08067580 0.25851330 -0.03109175
v 0.07928895 0.25597090 -0.02940900
v -0.08906519 0.28360808 -0.04246348
v -0.08889753 0.28085428 -0.04360164
v -0.08896660 0.27936646 -0.04173473
v -0.08897962 0.28181058 -0.04076894
v -0.08476873 0.26505008 -0.04025041
v -0.08475234 0.27254134 -0.04197894
v -0.08613849 0.27517498 -0.04286319
v -0.08617409 0.27299851 -0.04195752
v 0.07373716 0.25653568 -0.03215147
v 0.06971452 0.27187020 -0.02694319
v 0.07043977 0.25458014 -0.00793771
v 0.07700820 0.24303170 -0.02272441
v -0.08478984 0.25431436 -0.03701245
v -0.08389652 0.25495365 -0.03642113
v -0.08538330 0.25964302 -0.03840173
v -0.08625027 0.25937790 -0.03919661
v 0.07780287 0.24408533 -0.02525042
v 0.03079545 0.23190206 -0.08833825
v 0.03491120 0.24078950 -0.09562831
v 0.08726591 0.26417482 -0.04269286
v 0.08114681 0.28958994 -0.02900890
v 0.07389656 0.24896191 -0.01774669
v 0.07350923 0.24290742 -0.01654383
v 0.07234470 0.24347760 -0.01456355
v 0.07563218 0.27986875 -0.02663479
v 0.07596866 0.25200915 -0.03487854
v 0.07613803 0.25436440 -0.03595410
v 0.06028887 0.26473403 -0.02270231
v 0.07733551 0.24618171 -0.03225152
v 0.07398681 0.24093434 -0.02616650
v 0.06065309 0.19417673 -0.01938666
v 0.05702799 0.19768275 -0.03584997
v -0.07300811 0.23428251 -0.01221896
v -0.07497126 0.23677012 -0.01442348
v -0.07564556 0.23426230 -0.01562752
v -0.07162640 0.23287453 -0.01401855
v 0.05776485 0.18805045 -0.03300324
v 0.06027365 0.18354000 -0.01733001
v 0.07192413 0.26856643 -0.00971752
v 0.07149775 0.26120317 -0.01213183
v 0.07117256 0.26018825 -0.01020456
v 0.02786619 0.16573848 0.03449803
v 0.02371645 0.15694457 0.03077376
v 0.07177456 0.25521871 -0.00381213
v 0.07218272 0.25479788 0.00713299
v 0.07255416 0.27085376 0.00641266
v 0.07231691 0.26509216 -0.00368882
v 0.05997010 0.30345744 0.03982236
v 0.06206783 0.30380848 0.03556065
v 0.06262415 0.29436356 0.03611653
v 0.06013648 0.29574490 0.03949727
v 0.01983814 0.36148906 0.05256454
v 0.00960858 0.36222696 0.05455161
v 0.00984312 0.36976051 0.04869314
v 0.02038351 0.36880478 0.04645962
v 0.03680332 0.24882841 -0.09974311
v 0.03815643 0.25928104 -0.10440338
v 0.01844150 0.25554919 -0.11133635
v 0.01744147 0.24612597 -0.10626889
v 0.02066419 0.38577911 0.02470461
v 0.01007442 0.38746202 0.02709281
v 0.01014840 0.39207053 0.01705858
v -0.06895400 0.23433225 -0.01487775
v -0.07270650 0.23375927 -0.01910091
v -0.07191265 0.23694184 -0.02016322
v -0.06893823 0.23692305 -0.01676978
v 0.02084735 0.39012957 0.01494377
v 0.05360847 0.27686369 0.05472304
v 0.05590731 0.27072087 0.05524351
v 0.05207203 0.27052116 0.05894699
v 0.05027995 0.27662712 0.05769208
v 0.07420928 0.23815058 -0.01318272
v 0.07338827 0.23916475 -0.01181568
v -0.08491546 0.29393530 -0.02796632
v -0.08505176 0.29065022 -0.02744631
v -0.08346632 0.28984541 -0.02509822
v -0.08332511 0.29313421 -0.02521628
v -0.07187834 0.25980127 -0.03606358
v -0.07069150 0.25310013 -0.03421120
v -0.07641144 0.25811791 -0.03724154
v -0.07668822 0.26105928 -0.03768335
v 0.01029538 0.39585441 0.00524843
v 0.02114093 0.39365238 0.00345864
v 0.01210857 0.28628531 0.06875798
v -0.08270336 0.28335759 -0.03486474
v -0.08338416 0.28413650 -0.03840647
v -0.08369163 0.28188136 -0.03957835
v -0.08273394 0.28035757 -0.03680603
v -0.08562689 0.28537691 -0.04361347
v -0.08557504 0.28228059 -0.04490158
v -0.07114821 0.24407513 -0.01069600
v -0.07000503 0.24792658 -0.01020571
v -0.07010454 0.24952930 -0.01176472
v -0.07038338 0.24832737 -0.01311565
v -0.07014160 0.26137611 -0.02686477
v -0.07175741 0.26578742 -0.02504869
v -0.08152378 0.24387303 -0.03128428
v -0.08122672 0.24578692 -0.03049822
v -0.08308460 0.24975258 -0.03420194
v -0.08339979 0.24847203 -0.03517803
v 0.01264051 0.28822342 0.06626106
v 0.01643903 0.28524041 0.06536946
v 0.01606309 0.28326997 0.06742925
v 0.00722863 0.33577475 0.06757802
v 0.00818067 0.34325394 0.06480297
v 0.01703557 0.34296894 0.06316268
v 0.01545313 0.33557364 0.06648761
v 0.02097085 0.28293654 0.06473335
v 0.02017547 0.28099355 0.06620161
v 0.00999771 0.37645456 0.04230773
v 0.02062180 0.37530398 0.03982511
v 0.02043267 0.39818454 -0.04710748
v -0.07837950 0.24842316 -0.02850066
v -0.08025906 0.25099593 -0.03216432
v -0.08125952 0.25153142 -0.03404957
v -0.08037896 0.24941024 -0.03189561
v 0.02072928 0.39826989 -0.03856606
v 0.00978384 0.40115115 -0.03911973
v -0.08548923 0.28649521 -0.03468329
v -0.08381969 0.28886041 -0.02998358
v -0.08459785 0.28839767 -0.02985892
v -0.08624212 0.28594774 -0.03468642
v 0.01088136 0.40023187 -0.05173093
v 0.06922850 0.26659495 -0.06446638
v 0.07228524 0.26675123 -0.04886753
v 0.07482581 0.27868196 -0.05067230
v 0.07269113 0.28311196 -0.06759249
v 0.04067280 0.17340152 0.02533381
v 0.03730772 0.16297767 0.02296595
v -0.07832097 0.27324980 -0.03748505
v -0.07716446 0.27833748 -0.03583855
v -0.07639972 0.27765447 -0.03550608
v -0.07745860 0.27321342 -0.03709672
v -0.08557210 0.28302816 -0.04141239
v -0.08577189 0.28031424 -0.04241783
v -0.08397777 0.27915353 -0.04081803
v -0.07311475 0.28105429 -0.02310247
v -0.07397720 0.28198618 -0.02445671
v -0.07431067 0.28030619 -0.02488127
v -0.07386837 0.27900931 -0.02384420
v -0.07504468 0.23345789 -0.01919136
v -0.06872499 0.24419767 -0.02759361
v -0.07026190 0.24469073 -0.02941168
v -0.07287112 0.24890436 -0.03257864
v -0.07167042 0.25008082 -0.03277782
v 0.05251921 0.32550493 0.04563318
v 0.05439778 0.33055934 0.04083301
v 0.05784679 0.32336342 0.03787316
v 0.05597086 0.31924456 0.04303530
v 0.00570112 0.32344031 0.07098114
v 0.01284331 0.32331797 0.07038898
v 0.01099572 0.31717491 0.07117659
v 0.00498830 0.31705806 0.07174325
v -0.06956398 0.23624131 -0.00993462
v -0.07222591 0.23650889 -0.00989671
v -0.07266086 0.23506537 -0.01106967
v -0.06999800 0.23448683 -0.01165611
v 0.06003113 0.28851390 0.04055638
v 0.06293823 0.28544319 0.03827424
v 0.06218188 0.27776250 0.04367866
v 0.05899242 0.28185913 0.04496147
v 0.05615214 0.27784604 0.05148328
v -0.07610901 0.28544781 -0.02474184
v -0.07843018 0.28490585 -0.02690905
v -0.07654971 0.28383067 -0.02612926
v -0.07503156 0.28411856 -0.02441112
v 0.05880240 0.27198946 0.05156868
v -0.08358163 0.27065128 -0.04013328
v -0.08268803 0.27745897 -0.03842797
v 0.01858691 0.35208514 0.05882986
v 0.00896058 0.35273328 0.06072608
v 0.06058091 0.31398153 0.03589831
v 0.05859792 0.31153879 0.04106966
v 0.00908268 0.28928405 0.07076992
v 0.00995631 0.29076481 0.06764123
v 0.00723610 0.29493955 0.06914718
v -0.08337446 0.26140842 -0.03451343
v -0.08310488 0.26149929 -0.03746940
v -0.08247057 0.25738409 -0.03587789
v -0.08296383 0.25738850 -0.03307869
v 0.00342486 0.29465526 0.07421944
v 0.00346774 0.29869360 0.07267199
v 0.00673552 0.29851544 0.06942779
v 0.03320664 0.33457822 0.05996781
v 0.03489450 0.34138504 0.05593105
v 0.04243469 0.33956486 0.05072310
v 0.04082693 0.33320132 0.05495772
v 0.02067877 0.38078761 0.03282323
v -0.08302642 0.26962617 -0.03455592
v -0.08309974 0.26958185 -0.03800125
v 0.01002968 0.38224322 0.03527003
v 0.00402824 0.30862096 0.07153365
v 0.00816754 0.30862844 0.07020159
v 0.00724734 0.30483466 0.06934813
v -0.08657461 0.27867538 -0.04029994
v -0.08656780 0.27250168 -0.04056232
v -0.08628044 0.27928320 -0.04125022
v -0.07548699 0.28158218 -0.03336557
v -0.07611700 0.28446934 -0.03704502
v -0.07524537 0.27763700 -0.03831293
v -0.07572235 0.27902731 -0.03456654
v 0.00388709 0.30510569 0.07135817
v 0.02507742 0.27940011 0.06577319
v 0.02579403 0.28151292 0.06464633
v 0.06770047 0.23868890 -0.01585529
v 0.06813590 0.23756650 -0.01588419
v 0.07372417 0.28654325 -0.00739449
v 0.07272474 0.27574578 -0.00497950
v 0.07341217 0.28418243 0.00492190
v 0.07243466 0.29720569 0.00166865
v 0.07465380 0.30862987 -0.00231611
v 0.07704662 0.31733325 -0.00823022
v 0.07709935 0.30134562 -0.01481523
v 0.07484602 0.29540628 -0.01031273
v 0.05213026 0.19106276 -0.04663021
v 0.04952972 0.19928469 -0.05060551
v 0.00364147 0.29171726 0.07668750
v 0.00368018 0.28906426 0.07915913
v 0.02034983 0.29714352 -0.12575717
v -0.07046932 0.25366724 -0.01248158
v -0.07164694 0.25582814 -0.01395433
v -0.07046872 0.25339571 -0.01519548
v -0.06981513 0.25104997 -0.01463214
v 0.01956975 0.28394413 -0.12222642
v 0.04001986 0.28850356 -0.11404854
v 0.03951732 0.30173033 -0.11610083
v 0.06617288 0.25635108 -0.06042805
v -0.07343839 0.24697529 -0.03113920
v -0.07096495 0.24372789 -0.02847751
v -0.07143556 0.24336916 -0.02767046
v -0.07388487 0.24529992 -0.02959340
v 0.06951270 0.25831589 -0.04597072
v 0.01056486 0.26493308 0.08246015
v 0.00715243 0.26933748 0.07740456
v 0.00742632 0.26585150 0.07701226
v 0.00708578 0.26849195 0.07711937
v 0.01052667 0.26189101 0.08444741
v 0.01284199 0.26118085 0.08582292
v 0.00821148 0.26197144 0.07747539
v 0.00730470 0.26222304 0.07801960
v 0.00662638 0.26616439 0.07727051
v 0.00828709 0.26982519 0.07814423
v 0.00187225 0.25859126 0.09080683
v 0.00245669 0.26011124 0.09351496
v 0.00630698 0.26112983 0.09238715
v 0.00480199 0.25970849 0.09046116
v 0.00522169 0.26882210 0.07867450
v 0.00411377 0.26658520 0.07961639
v 0.00489543 0.26469374 0.08705951
v 0.00676540 0.26832390 0.08298845
v 0.00705523 0.27026740 0.08018215
v 0.00676625 0.26525486 0.08623225
v 0.00582484 0.25923282 0.08368418
v 0.00861415 0.26530722 0.08463726
v -0.08082391 0.28612748 -0.02914396
v -0.08091988 0.28080940 -0.02989272
v -0.07937741 0.28080097 -0.02829140
v -0.07530686 0.25007910 -0.02011333
v -0.07600381 0.25145641 -0.02200325
v -0.07691164 0.24823001 -0.02377135
v -0.07618417 0.24616404 -0.02209907
v 0.07657035 0.25228965 -0.02388163
v 0.06300842 0.20572565 0.00119666
v 0.06656189 0.21940386 -0.00788136
v 0.06420858 0.21915045 -0.01391185
v -0.07823338 0.23745367 -0.02491614
v -0.07611696 0.23701161 -0.02559333
v -0.07441263 0.23497199 -0.02217324
v -0.07656532 0.23493420 -0.02193044
v -0.07011545 0.25000075 -0.01382810
v -0.07021483 0.25098366 -0.01216784
v -0.07975372 0.27358195 -0.03962474
v -0.07903323 0.27969825 -0.03766162
v 0.06207469 0.20463820 -0.00897596
v 0.07796881 0.27913386 -0.02801189
v 0.06615201 0.32955679 0.02027663
v 0.06818256 0.34072465 0.01028654
v 0.07432877 0.32907465 -0.00026488
v -0.08215611 0.27882975 -0.03441115
v -0.08224534 0.27626711 -0.03578734
v 0.07278355 0.31853595 0.00559786
v 0.06809911 0.34968108 0.00188878
v 0.07444393 0.33913606 -0.00794672
v 0.07830387 0.32694620 -0.01674573
v 0.08004753 0.30601764 -0.02950634
v 0.04196899 0.29225990 0.05747896
v 0.04223235 0.29206926 0.05766869
v 0.04068943 0.29181421 0.05896559
v -0.07253622 0.26630715 -0.01830622
v -0.07004706 0.26683024 -0.01950932
v -0.06994842 0.26607457 -0.01944937
v -0.07312719 0.26470625 -0.01814587
v 0.04069195 0.29194376 0.05877866
v 0.04147606 0.29230696 0.05686720
v 0.04012910 0.29187775 0.05796909
v -0.07313682 0.26618683 -0.01710203
v -0.07361728 0.26457927 -0.01698759
v -0.07328970 0.26439852 -0.01579194
v -0.07295741 0.26531851 -0.01565342
v 0.04236914 0.29264179 0.05587637
v 0.04292828 0.29249549 0.05638229
v 0.04320773 0.29228133 0.05653910
v 0.02458594 0.29307008 0.06078995
v 0.02527273 0.29336098 0.06009449
v 0.02791130 0.29248831 0.06040677
v 0.02723374 0.29249322 0.06150370
v 0.02436201 0.29280862 0.06121182
v 0.02717940 0.29221398 0.06191800
v -0.06911468 0.26708817 -0.01997754
v -0.06941862 0.26682132 -0.01969024
v -0.06977540 0.26735136 -0.01999663
v -0.07356562 0.26954144 -0.03173072
v -0.07464658 0.26172757 -0.03377414
v -0.07280403 0.26132202 -0.03264209
v -0.07144131 0.26862273 -0.03091506
v 0.02838808 0.29490504 0.05445471
v 0.02788261 0.29517043 0.05435506
v -0.08371040 0.26260012 -0.03917826
v 0.02922653 0.29456985 0.05465213
v 0.02279483 0.29486343 0.05845837
v 0.02281990 0.29579470 0.05858172
v -0.08033158 0.28940231 -0.02101366
v -0.07898456 0.29153812 -0.02092193
v -0.08130784 0.29495156 -0.02523206
v 0.02761817 0.29580134 0.05448386
v 0.02762589 0.29538211 0.05434402
v 0.02307520 0.29442999 0.05863364
v -0.07061599 0.25262609 -0.02417323
v -0.07337867 0.25370565 -0.02147163
v -0.07205337 0.25347149 -0.01983453
v -0.07029241 0.25235540 -0.02242754
v -0.06975055 0.25770774 -0.01800641
v -0.06783713 0.25429222 -0.01723001
v -0.07196181 0.25611353 -0.01655293
v -0.07316684 0.27213213 -0.01709123
v -0.07140545 0.26836625 -0.01948413
v -0.07230272 0.26725689 -0.01816187
v -0.07281525 0.26764086 -0.01695006
v -0.08491177 0.25367993 -0.03822000
v -0.08620640 0.25901732 -0.04068600
v -0.08465687 0.25892350 -0.04210722
v -0.08346969 0.25324973 -0.03950978
v 0.02151189 0.29423040 0.05871827
v 0.02061455 0.29451194 0.05834539
v -0.07009266 0.24027222 -0.00842549
v -0.06757575 0.23733120 -0.01146081
v -0.06937857 0.24369906 -0.00811025
v -0.08860063 0.29058558 -0.03714174
v -0.08536636 0.29279733 -0.03752125
v -0.08561813 0.29061973 -0.03998748
v -0.08897783 0.28848875 -0.03936622
v -0.06976215 0.27336985 -0.02545652
v -0.06988559 0.27135214 -0.02499497
v -0.07021289 0.27277896 -0.02375069
v -0.07000650 0.27479732 -0.02393679
v 0.02064637 0.29578966 0.05856868
v 0.03240824 0.29119280 0.06202545
v 0.03261774 0.29039517 0.06210813
v 0.02787637 0.29073390 0.06232315
v 0.02747350 0.29162392 0.06220906
v 0.03220614 0.29166377 0.06182737
v 0.03564124 0.29173890 0.06091721
v 0.03574134 0.29123384 0.06109820
v 0.03586593 0.29045364 0.06112535
v -0.05181289 0.23542610 -0.06656681
v -0.06044194 0.23692150 -0.04750606
v -0.06409094 0.24935052 -0.05638061
v -0.05741232 0.24734204 -0.07238770
v -0.07889667 0.24019332 -0.02446094
v -0.07829072 0.23803234 -0.02166321
v -0.07452898 0.27991688 -0.01638320
v -0.07437330 0.28183094 -0.01517562
v -0.07525292 0.28728071 -0.01685206
v -0.07564413 0.28402689 -0.01688184
v 0.02456107 0.29162568 0.06204390
v 0.02445254 0.29249111 0.06166433
v 0.03589851 0.28977340 0.06112396
v 0.03285820 0.28969744 0.06204850
v -0.08590489 0.27408433 -0.04589191
v -0.08859520 0.27345210 -0.04425167
v 0.02809385 0.29003015 0.06231241
v 0.02454799 0.29116368 0.06215599
v 0.02175521 0.29231924 0.06139730
v 0.02287658 0.29259712 0.06143425
v 0.03292350 0.28890392 0.06190377
v 0.03288666 0.28799009 0.06184531
v 0.02807934 0.28826466 0.06237258
v 0.02814648 0.28919607 0.06229709
v -0.07552193 0.28588775 -0.02318509
v -0.07905948 0.28941825 -0.02630285
v -0.07706714 0.28699574 -0.02522985
v -0.07529826 0.28544998 -0.02340060
v -0.07553346 0.27748260 -0.02122659
v -0.07614356 0.27873573 -0.02094290
v -0.07420651 0.27970138 -0.02113904
v -0.07325370 0.27828151 -0.02120164
v 0.03595985 0.28899756 0.06086585
v 0.03595530 0.28809109 0.06077343
v -0.07451580 0.28665704 -0.01409114
v -0.07555455 0.29150042 -0.01762530
v 0.04436989 0.29220945 0.05486095
v 0.04485304 0.29259717 0.05389780
v 0.04487243 0.29204926 0.05406558
v -0.06728504 0.24400021 -0.02665102
v 0.04458976 0.29169160 0.05460749
v 0.04754028 0.28911611 0.05165979
v 0.04836297 0.29016429 0.05046331
v 0.05009170 0.28925794 0.04920815
v -0.07587971 0.27882791 -0.01870591
v -0.07672080 0.28144675 -0.01855993
v -0.07707904 0.28031841 -0.02083386
v -0.06969574 0.24898295 -0.00814942
v -0.06990051 0.25065121 -0.01046361
v -0.07458444 0.28446871 -0.02326632
v -0.07391371 0.28323919 -0.02320512
v -0.07258117 0.27943829 -0.02223210
v -0.07300139 0.27738053 -0.02373080
v 0.04906261 0.28809407 0.05069404
v -0.07932990 0.27086768 -0.03116310
v -0.08119844 0.26216623 -0.03242872
v 0.05795449 0.27925861 0.04815172
v 0.05162750 0.28513619 0.05049165
v 0.05290034 0.28635189 0.04832859
v 0.04387957 0.29207230 0.05567554
v 0.04323311 0.29185620 0.05660012
v 0.04378005 0.29240921 0.05560009
v 0.04422210 0.29263920 0.05463249
v 0.04410465 0.29137290 0.05542474
v 0.04336835 0.29116616 0.05647626
v 0.04232723 0.29170325 0.05772839
v 0.04242913 0.29093593 0.05770915
v 0.04081821 0.29066527 0.05904322
v 0.04069494 0.29144359 0.05904491
v 0.03858777 0.29130766 0.06008676
v -0.06684200 0.25098708 -0.04213384
v -0.06384610 0.23797497 -0.02628464
v 0.03885842 0.29178432 0.05987848
v 0.03870546 0.29050219 0.06006880
v 0.04096238 0.29000387 0.05884697
v 0.03884054 0.28983575 0.05999555
v 0.04249819 0.29023987 0.05740584
v 0.04352485 0.29056370 0.05613963
v 0.04430094 0.29087582 0.05500442
v 0.04491961 0.29120600 0.05414670
v 0.04532128 0.29174772 0.05349708
v 0.04466805 0.29028305 0.05445644
v 0.04537226 0.28947365 0.05370028
v 0.04415961 0.28907299 0.05513948
v 0.04375653 0.28994718 0.05571956
v 0.04547977 0.29070318 0.05346690
v 0.04635737 0.28997615 0.05255013
v -0.07294628 0.28003514 -0.02128573
v -0.07287142 0.28031474 -0.02144827
v -0.07216042 0.27948663 -0.02162405
v -0.07208623 0.27888659 -0.02147605
v 0.04267586 0.28965455 0.05699006
v 0.04279674 0.28886715 0.05662225
v 0.04103940 0.28854528 0.05818804
v 0.04102961 0.28933558 0.05854436
v -0.07760817 0.23621228 -0.01905589
v -0.07803964 0.27730471 -0.02839163
v -0.07518099 0.27521417 -0.02622933
v -0.07585894 0.27758947 -0.02564044
v 0.03890756 0.28915715 0.05972210
v 0.03903301 0.28826135 0.05944782
v -0.08633962 0.26433048 -0.03946535
v -0.08751133 0.27239010 -0.04050944
v -0.08890221 0.27278683 -0.04220715
v -0.08745948 0.26420122 -0.04076177
v 0.03211863 0.29176593 0.06155770
v 0.03182190 0.29179326 0.06041222
v 0.03533346 0.29155484 0.05981039
v 0.03564561 0.29180038 0.06063276
v 0.03886563 0.29183626 0.05969810
v -0.06782802 0.23574491 -0.01306862
v -0.06980471 0.27053589 -0.02585341
v -0.07122444 0.26896939 -0.02512310
v 0.03828317 0.29156283 0.05893161
v 0.03518555 0.29143271 0.05872241
v 0.03344608 0.29362020 0.05454025
v 0.03478948 0.29361156 0.05415632
v 0.03786292 0.29143447 0.05792499
v -0.07052463 0.27597976 -0.02436662
v -0.07110279 0.27776104 -0.02229176
v 0.03202121 0.29177952 0.05922081
v 0.03189830 0.29378420 0.05476958
v 0.02873165 0.29263011 0.05925146
v -0.07010332 0.25375023 -0.01034278
v 0.03041351 0.29415765 0.05479028
v 0.02604482 0.29337257 0.05937249
v 0.03353899 0.30317327 0.06133971
v 0.03354379 0.30325681 0.06152202
v 0.03824707 0.30259508 0.06095845
v 0.03786996 0.30244616 0.06062039
v 0.05122920 0.26324910 -0.09469563
v 0.05201394 0.27810872 -0.10025989
v 0.03940194 0.27275881 -0.10966752
v 0.04092304 0.30010203 0.05967508
v 0.04086587 0.30094782 0.05924820
v 0.04331532 0.29955888 0.05788858
v 0.04315200 0.29879183 0.05802100
v 0.04089964 0.29918674 0.06005649
v -0.08484294 0.28720155 -0.03852465
v -0.08531313 0.28525612 -0.04005653
v -0.08335335 0.28583014 -0.03703833
v -0.08311820 0.28708783 -0.03540485
v -0.08263741 0.28887945 -0.03234696
v -0.08264004 0.29030931 -0.03190929
v -0.08413999 0.28892908 -0.03642610
v -0.07388085 0.27630597 -0.02492683
v -0.07493059 0.27801761 -0.02453986
v 0.04287808 0.29782614 0.05817790
v 0.03814672 0.30048379 0.06177755
v -0.07464603 0.24880029 -0.01878049
v -0.07540707 0.24259135 -0.01931217
v -0.08150887 0.25390831 -0.03350805
v -0.08186004 0.25460672 -0.03065711
v -0.08205315 0.26465660 -0.04305886
v -0.08178785 0.27373290 -0.04399338
v -0.08065913 0.27353168 -0.04164178
v -0.08117304 0.26493198 -0.04153586
v 0.03814585 0.30151814 0.06132692
v 0.03797048 0.30224794 0.06077285
v 0.04199402 0.29661435 0.05396021
v 0.04124277 0.29756802 0.05465810
v -0.07660924 0.26700363 -0.03771982
v -0.07358471 0.26752687 -0.03734455
v -0.07258727 0.26636946 -0.01523132
v -0.07231988 0.27022114 -0.01342246
v -0.07031817 0.27542016 -0.02412269
v -0.07072740 0.27710563 -0.02233185
v -0.07730263 0.24975123 -0.03381067
v -0.07344357 0.24253519 -0.02599573
v -0.07714244 0.24760200 -0.03202472
v -0.06980058 0.24190563 -0.02362384
v -0.06962333 0.24104577 -0.02115484
v -0.07185373 0.24092992 -0.02299766
v 0.04183283 0.29734033 0.05610769
v 0.04287073 0.29657194 0.05485772
v 0.04263898 0.29594067 0.05335904
v 0.04350288 0.29587105 0.05394309
v 0.03737267 0.29581463 0.05180018
v 0.03703046 0.29618552 0.05209853
v 0.03648581 0.29664162 0.05250927
v -0.07887968 0.25039023 -0.02749302
v -0.08046669 0.25154591 -0.03040060
v 0.03754656 0.29550713 0.05161508
v -0.06881687 0.26684135 -0.02055277
v -0.06728246 0.26528743 -0.02180659
v -0.06769209 0.26659882 -0.02002093
v -0.08206708 0.27007484 -0.03246497
v -0.08296444 0.26186246 -0.03281171
v -0.07576102 0.28089291 -0.02129098
v 0.03761756 0.29523712 0.05152694
v -0.07408765 0.27082801 -0.02149375
v -0.07519154 0.27432680 -0.01969611
v -0.07916142 0.28428742 -0.02120654
v -0.07733858 0.28267908 -0.02166379
v -0.07675784 0.28176033 -0.02145145
v -0.07802662 0.28219989 -0.02077355
v -0.06191203 0.25711021 -0.02022315
v -0.06520910 0.25541884 -0.01872491
v -0.06675753 0.25869969 -0.01859710
v 0.03758828 0.29498947 0.05154912
v 0.03748945 0.29476225 0.05169533
v 0.06135881 0.26331446 0.04954232
v 0.06081814 0.27420262 0.04776989
v -0.08164626 0.29007161 -0.03011632
v -0.08199723 0.28803214 -0.03128351
v -0.08001436 0.28037488 -0.03963011
v 0.06363598 0.26604161 0.04523367
v 0.04346588 0.29269087 0.05537844
v -0.07478214 0.28227660 -0.02544264
v -0.07524127 0.28072113 -0.02624640
v 0.04394867 0.29297620 0.05445801
v -0.07799453 0.29289246 -0.03208250
v -0.07725481 0.29122642 -0.02884273
v -0.07726406 0.29159078 -0.02766148
v -0.07813665 0.29544392 -0.02799233
v 0.04286643 0.29292342 0.05498086
v -0.06920763 0.23840958 -0.01781805
v -0.07147775 0.23871419 -0.02073128
v -0.07120474 0.23989294 -0.02122727
v -0.06941168 0.23981422 -0.01912608
v -0.07143536 0.25314739 -0.01913835
v -0.07010501 0.25218388 -0.02141754
v 0.04333008 0.29325700 0.05419198
v -0.08256637 0.25507927 -0.03645381
v -0.08187412 0.25429425 -0.03536024
v -0.08296054 0.25832266 -0.03758995
v -0.08398767 0.25951713 -0.03855298
v 0.04446973 0.29340088 0.05357664
v 0.04486615 0.29317531 0.05356817
v 0.04085037 0.29220712 0.05610272
v 0.03643175 0.29389673 0.05317944
v 0.03685786 0.29411900 0.05271889
v -0.07048047 0.27387059 -0.02772060
v -0.06992116 0.27287728 -0.02745711
v -0.07717398 0.28562576 -0.03010556
v -0.07905460 0.28799000 -0.03165004
v -0.07815669 0.29083866 -0.02813751
v -0.07676149 0.28872102 -0.02778790
v -0.08104597 0.28118473 -0.04207866
v 0.04156429 0.29275835 0.05519971
v 0.03958300 0.29174891 0.05703539
v 0.03576179 0.29371357 0.05367839
v 0.03709097 0.29432201 0.05233648
v 0.03729506 0.29453406 0.05198185
v -0.07527169 0.27924964 -0.02582556
v -0.07589272 0.27943209 -0.02691107
v 0.04188507 0.29307091 0.05446985
v -0.07483069 0.27967229 -0.02535831
v 0.04234492 0.29343018 0.05373561
v 0.04370574 0.29379797 0.05360255
v -0.07258110 0.27732050 -0.02137608
v -0.07480386 0.27623916 -0.02170005
v -0.07824853 0.28449190 -0.02255056
v -0.08174053 0.28801626 -0.02575189
v -0.08067469 0.28817472 -0.02587266
v -0.07755706 0.28528237 -0.02273135
v 0.04291390 0.29435405 0.05285832
v 0.04299761 0.29482737 0.05283546
v 0.04393309 0.29425299 0.05340936
v -0.07326049 0.28201342 -0.02209866
v 0.04399673 0.29470474 0.05331673
v 0.04273330 0.29389191 0.05313454
v -0.01439496 0.23041363 -0.09455703
v -0.01648350 0.23900275 -0.10206707
v 0.04290397 0.29536128 0.05298927
v 0.04385094 0.29521874 0.05351070
v 0.04514917 0.29264653 0.05348148
v 0.04513547 0.29339564 0.05317686
v 0.04570121 0.29426089 0.05266093
v 0.04561881 0.29253632 0.05297919
v -0.07720944 0.29151225 -0.02078607
v -0.07791669 0.29307202 -0.02465097
v -0.07868513 0.29402494 -0.02504997
v -0.07760014 0.29229608 -0.02169798
v -0.08290564 0.28589988 -0.03484718
v 0.04634423 0.29235166 0.05226594
v 0.04596736 0.29132515 0.05269343
v 0.04676236 0.29464900 0.05228215
v 0.04815463 0.29481494 0.05147232
v -0.08624757 0.28187931 -0.04032774
v -0.07256670 0.26750156 -0.02349323
v -0.06937283 0.26446265 -0.02336847
v 0.04766480 0.29208583 0.05119878
v 0.04701650 0.29088625 0.05170377
v 0.04475993 0.29385263 0.05316288
v -0.05908210 0.26319355 -0.02188844
v -0.05943818 0.26443583 -0.02188776
v -0.05994745 0.26399180 -0.02301525
v -0.05959795 0.26265538 -0.02325410
v 0.04495304 0.29444090 0.05296301
v 0.04616499 0.29568824 0.05357487
v -0.06253750 0.25796029 -0.02384020
v -0.06537590 0.25695986 -0.02246782
v -0.06469698 0.25503653 -0.02090558
v -0.06192135 0.25576055 -0.02299517
v 0.04699387 0.29638395 0.05342127
v 0.04541197 0.29528081 0.05365124
v 0.04492439 0.29595393 0.05492841
v 0.04546583 0.29656854 0.05495131
v -0.05857354 0.26001328 -0.02220894
v -0.05882188 0.26165843 -0.02191423
v -0.05943099 0.26091006 -0.02348096
v -0.05925408 0.25907421 -0.02398602
v 0.04608159 0.29722220 0.05487686
v 0.04451992 0.29752186 0.05644535
v -0.08108934 0.28997788 -0.02798490
v -0.08294431 0.28984839 -0.02984540
v 0.04493653 0.29828459 0.05641942
v 0.04413665 0.29673374 0.05642525
v 0.04474107 0.29519382 0.05356751
v -0.08746512 0.28084883 -0.03927389
v -0.08744484 0.27859470 -0.04026021
v -0.08590309 0.28600448 -0.03746094
v -0.08616979 0.28410009 -0.03898582
v 0.04426540 0.29582134 0.05454483
v 0.04352469 0.29649881 0.05586677
v 0.04246623 0.29713413 0.05770440
v -0.07200858 0.25848851 -0.01399250
v -0.07299518 0.25865734 -0.01573992
v -0.07257995 0.25703204 -0.01565399
v -0.08867797 0.28402412 -0.03951577
v -0.08911036 0.28606325 -0.04103035
v -0.07213879 0.24050505 -0.00992370
v -0.07144096 0.23888728 -0.00895854
v -0.04985565 0.17108434 0.01202269
v -0.05772531 0.17797291 -0.00186675
v -0.05693161 0.16954288 -0.00037896
v -0.04831759 0.16322757 0.01257299
v -0.07900386 0.28695977 -0.01976601
v -0.07795404 0.28940257 -0.01947970
v 0.04060835 0.29832548 0.05964616
v 0.03982545 0.29831970 0.05774526
v 0.03788706 0.29965603 0.06137352
v -0.05866863 0.25838244 -0.02136942
v -0.05858405 0.25757632 -0.02262188
v -0.06137439 0.25615060 -0.02161155
v -0.06395229 0.26270276 -0.01972489
v -0.05970073 0.26322722 -0.02050449
v 0.03704342 0.29928997 0.05930449
v 0.03408729 0.30372950 0.06269994
v 0.03922499 0.30327964 0.06206134
v 0.03664979 0.29928434 0.05748484
v 0.03414813 0.29744858 0.05381032
v 0.03255929 0.29756144 0.05434989
v 0.03335914 0.29939365 0.05849050
v -0.06280571 0.25971928 -0.02387313
v 0.02341399 0.29645678 0.05904589
v 0.02424485 0.29724658 0.05944632
v -0.06363504 0.26493078 -0.02257793
v -0.06393546 0.26607016 -0.02114823
v -0.06704575 0.25192842 -0.01816269
v -0.06866020 0.25128016 -0.02016681
v -0.07027955 0.25125569 -0.01697901
v -0.05923926 0.25712132 -0.02377848
v -0.07051745 0.27488694 -0.02582522
v 0.02822972 0.29647583 0.05477997
v 0.02784727 0.29610229 0.05462646
v 0.02194536 0.29652449 0.05965727
v 0.02330192 0.29729602 0.06026774
v -0.06598025 0.26053175 -0.02344889
v -0.06877415 0.25808886 -0.02507776
v -0.06850716 0.25585330 -0.02406482
v -0.06572419 0.25857911 -0.02325134
v -0.07719032 0.24762456 -0.02554834
v -0.07757923 0.24950141 -0.02542695
v -0.07112379 0.25331551 -0.02626284
v -0.07451501 0.25366974 -0.02428699
v -0.07189293 0.27039495 -0.02424376
v -0.07353079 0.27366546 -0.02267106
v -0.06935439 0.26704445 -0.02075767
v -0.06650808 0.26279533 -0.02287374
v -0.06891266 0.26050335 -0.02482149
v -0.06417983 0.26402909 -0.01999418
v -0.06798311 0.26414600 -0.01921099
v -0.06773122 0.26523572 -0.01944715
v -0.06414007 0.26501447 -0.02029724
v -0.07767745 0.28077352 -0.02747804
v -0.07675030 0.28726605 -0.01804416
v -0.07787572 0.28428933 -0.01893106
v -0.07896735 0.29628393 -0.04414552
v -0.07714479 0.28789666 -0.04868687
v -0.07753863 0.28970051 -0.03574418
v -0.06297676 0.26159599 -0.02373189
v -0.06002162 0.26533380 -0.02176403
v -0.06053768 0.26489002 -0.02088677
v -0.08227807 0.25092161 -0.03392877
v -0.07111567 0.25085521 -0.01668732
v -0.07126848 0.27540961 -0.02203823
v -0.08173387 0.25943735 -0.04134567
v -0.08066048 0.25395387 -0.03914154
v -0.07061434 0.27659330 -0.02237003
v -0.07133964 0.27772668 -0.02189258
v -0.06952638 0.25160733 -0.02093085
v -0.07102631 0.25224948 -0.01814531
v -0.07156470 0.27813581 -0.02172841
v -0.07258286 0.25810561 -0.01690737
v -0.08230726 0.28045684 -0.03309204
v 0.02759041 0.29887936 0.05956381
v 0.02972445 0.29725865 0.05493705
v -0.07439879 0.23930155 -0.02627092
v -0.07306018 0.23793289 -0.02298883
v 0.02882021 0.29689002 0.05491320
v -0.06017101 0.26425716 -0.02055600
v 0.02587630 0.29806820 0.05938788
v -0.06396365 0.25539276 -0.02023957
v -0.06334807 0.26332283 -0.02319198
v 0.02696823 0.29936996 0.06136251
v 0.02470708 0.29817659 0.06069166
v 0.03356373 0.29985124 0.06043746
v -0.07074800 0.26194775 -0.01849997
v -0.07034690 0.25977990 -0.01810242
v -0.07293597 0.26033887 -0.01703621
v 0.02112683 0.33451268 -0.12496184
v 0.02096365 0.31768250 -0.12710196
v -0.07579575 0.25407040 -0.02608179
v -0.07180736 0.25489542 -0.02865886
v -0.07288218 0.25568309 -0.03093419
v -0.07747802 0.25477347 -0.02782208
v -0.07940412 0.24894458 -0.03653422
v -0.07792792 0.24452671 -0.03290327
v -0.08031277 0.24318959 -0.03233270
v -0.08213894 0.24778208 -0.03634869
v 0.03866767 0.32036993 -0.11645340
v 0.03851123 0.33481947 -0.11436892
v -0.07904879 0.31079534 -0.05316841
v -0.08006403 0.30228806 -0.03766575
v -0.08037763 0.31802160 -0.04220117
v -0.08097741 0.28949860 -0.03709492
v -0.08098277 0.28702602 -0.03885824
v -0.08565129 0.28805834 -0.04202346
v -0.07713161 0.29405063 -0.02259701
v -0.07729141 0.29161054 -0.02614358
v -0.07754117 0.29262573 -0.02425857
v -0.08522671 0.26429570 -0.04428008
v 0.03915947 0.29853877 0.05617352
v 0.03547858 0.29710457 0.05316903
v 0.04819965 0.33670503 -0.10613236
v 0.04707875 0.34598842 -0.10359702
v 0.03896070 0.34762591 -0.10997220
v 0.03639306 0.21048251 -0.06947906
v 0.02681649 0.20209292 -0.07589956
v -0.07382778 0.27605787 -0.01641690
v -0.07541282 0.27652210 -0.01898411
v 0.01982543 0.29628739 0.06072127
v -0.07652645 0.25088975 -0.03467692
v 0.02155399 0.29759604 0.06109541
v -0.07788547 0.25292236 -0.02572505
v -0.07995871 0.25336814 -0.02791097
v -0.08630105 0.29050228 -0.03023761
v -0.08331611 0.28878444 -0.02763334
v 0.01871344 0.29513153 0.06044637
v 0.01809197 0.29489648 0.06061161
v 0.01913710 0.29626727 0.06080770
v 0.02060891 0.29763827 0.06112027
v 0.02364430 0.29877254 0.06153385
v 0.02292750 0.29897469 0.06194340
v 0.02638638 0.30044290 0.06296893
v 0.02650356 0.29985604 0.06258927
v 0.03388657 0.30047801 0.06237607
v 0.03397722 0.30125669 0.06281976
v 0.02587410 0.30108920 0.06238325
v 0.02235424 0.29928213 0.06143797
v 0.02528852 0.30171058 0.06170617
v 0.02212689 0.30005983 0.06110950
v 0.03366978 0.30293143 0.06171035
v 0.03395044 0.30220214 0.06237940
v 0.02157015 0.29319745 0.06085315
v 0.01936978 0.29344577 0.06070764
v 0.02207149 0.29354301 0.06063455
v 0.01966449 0.29374266 0.06039484
v 0.02321446 0.29385659 0.05958515
v 0.01892619 0.29410475 0.06025402
v 0.01822412 0.29388955 0.06051990
v -0.01147335 0.15758771 0.03935361
v -0.01105352 0.15333745 0.03566145
v 0.02404611 0.29396546 0.05911103
v 0.01845546 0.29623735 0.06051259
v 0.01723545 0.29467449 0.06059202
v 0.01734228 0.29650655 0.05975236
v 0.01652910 0.29477382 0.06014622
v 0.01947700 0.29860774 0.06020859
v 0.01992632 0.29779759 0.06053057
v 0.01728794 0.29367161 0.06047809
v 0.01787366 0.29325819 0.06059969
v 0.01663476 0.29356059 0.06040690
v 0.01724214 0.29300487 0.06053199
v 0.02434986 0.29044533 0.06222652
v 0.02415689 0.28969732 0.06225996
v 0.02104726 0.29171932 0.06150866
v 0.02051346 0.29120132 0.06141673
v 0.03271873 0.28698963 0.06180798
v 0.03583968 0.28709227 0.06070805
v 0.03242362 0.28579858 0.06187224
v -0.00816156 0.26833674 0.08192956
v -0.00964724 0.26811945 0.08044330
v -0.00830736 0.27002519 0.07935344
v -0.00765891 0.27006382 0.08009887
v 0.03579834 0.28579620 0.06077936
v 0.02743309 0.28625262 0.06255046
v 0.02787065 0.28726840 0.06240103
v 0.03631363 0.15705121 0.02225204
v 0.04631276 0.28843561 0.05313351
v 0.04751484 0.28719082 0.05261482
v 0.04581926 0.28661427 0.05446417
v 0.04483015 0.28806525 0.05466073
v 0.04317304 0.28776252 0.05628406
v -0.00853770 0.25906008 0.08098370
v -0.00791201 0.26061642 0.07976387
v -0.00894746 0.26027629 0.07880842
v -0.00982723 0.25898138 0.08008504
v 0.04371043 0.28626439 0.05630118
v 0.04133038 0.28602147 0.05806051
v 0.04107184 0.28745618 0.05796944
v 0.03905154 0.28726122 0.05928754
v 0.03895232 0.28577653 0.05945696
v 0.04928054 0.29147330 0.04966854
v 0.05048795 0.29450613 0.04927701
v 0.05107666 0.29078773 0.04809368
v 0.05264630 0.29421049 0.04705396
v 0.01580849 0.29727483 0.05976120
v -0.00528650 0.26971486 0.07930013
v -0.00386175 0.26717347 0.08189540
v -0.00537525 0.26812989 0.08338613
v -0.00638905 0.27028260 0.08004475
v 0.01542735 0.29500318 0.05971034
v 0.01421825 0.29784960 0.06059241
v 0.01398257 0.29526299 0.06033611
v 0.01542613 0.30077463 0.06143076
v 0.01724485 0.29990357 0.06046156
v 0.01579565 0.29339001 0.06023461
v 0.01653614 0.29264328 0.06046674
v 0.01452182 0.29326665 0.06037697
v 0.01556705 0.29194170 0.06060231
v 0.02370768 0.28885326 0.06227374
v 0.02322005 0.28790200 0.06231149
v 0.01996068 0.29056689 0.06143764
v 0.01912020 0.28966597 0.06149418
v 0.05024888 0.25245070 -0.08958431
v 0.05255122 0.29382446 -0.10381608
v 0.04647443 0.30755818 0.05866652
v 0.04442307 0.30462086 0.05994665
v 0.04077618 0.30579114 0.06227367
v 0.04248056 0.30950946 0.06157734
v 0.04913378 0.31144869 0.05630483
v 0.05152633 0.30776647 0.05386775
v 0.04916133 0.30506837 0.05602849
v 0.04709248 0.30284113 0.05764278
v 0.05106295 0.29733112 0.05013824
v 0.04929370 0.29733938 0.05198799
v 0.04925565 0.29909992 0.05335015
v 0.05104912 0.29973671 0.05185031
v 0.05335088 0.29737085 0.04807626
v 0.05349342 0.30060217 0.04980119
v 0.05040328 0.30217344 0.05401567
v 0.04841721 0.30080926 0.05539368
v 0.05289645 0.30382857 0.05200203
v 0.02307929 0.30520597 0.06373798
v 0.02391003 0.30354163 0.06271327
v 0.02074598 0.30177486 0.06153943
v 0.01933311 0.30254200 0.06180099
v 0.02179468 0.30702412 0.06452997
v 0.01722610 0.30368769 0.06255602
v 0.03580418 0.31009299 0.06451891
v 0.03511071 0.30664185 0.06402398
v 0.02494894 0.30206326 0.06136591
v 0.02283978 0.30099922 0.06114637
v 0.02477670 0.30221719 0.06133756
v 0.02219525 0.30082473 0.06094287
v 0.05560409 0.35863656 -0.08644799
v 0.05819020 0.36529869 -0.07425016
v 0.04277834 0.37748292 -0.08234733
v 0.04146701 0.36874607 -0.09428671
v 0.04087793 0.30126190 0.05923408
v 0.04142765 0.30156866 0.05957416
v 0.04398026 0.30023634 0.05812522
v 0.04343984 0.29990411 0.05795556
v 0.04529067 0.29874769 0.05646537
v 0.04591454 0.29911628 0.05646429
v 0.04708206 0.29804561 0.05470050
v 0.04654080 0.29780349 0.05498158
v 0.04716527 0.29705456 0.05378519
v 0.04776089 0.29700050 0.05327538
v 0.02249154 0.30164477 0.06138934
v 0.02466609 0.30248752 0.06176922
v 0.05014760 0.32432562 -0.10691251
v 0.04459904 0.34660146 0.04542464
v 0.05145177 0.34279177 0.03936373
v 0.04925125 0.33653894 0.04515284
v 0.04254967 0.30234131 0.06026103
v 0.04517026 0.30106118 0.05830257
v 0.04691745 0.29980338 0.05619320
v 0.04790000 0.29861945 0.05430246
v 0.04836876 0.29768014 0.05314830
v 0.07067456 0.25731739 -0.00994888
v 0.07076088 0.25725332 -0.01180878
v 0.07816926 0.26643166 -0.03778971
v 0.07659518 0.27299744 -0.03679438
v 0.07561612 0.27653718 -0.03570959
v 0.07613812 0.28596586 -0.02281193
v 0.07947396 0.28913721 -0.02577936
v 0.08059024 0.24775875 -0.03072466
v 0.07757246 0.24611193 -0.02654523
v -0.08637797 0.29374161 -0.03119565
v 0.08047169 0.24868520 -0.03124065
v 0.08594688 0.28495067 -0.03672917
v 0.08619739 0.28315881 -0.03813715
v 0.08714427 0.28285539 -0.03784190
v 0.04208349 0.23376301 -0.07814286
v 0.04810170 0.24393578 -0.08537242
v 0.08646203 0.28106102 -0.03942404
v 0.07263701 0.26180854 -0.01456652
v 0.07905319 0.26582903 -0.03825177
v 0.08034514 0.26526380 -0.04016812
v 0.08093023 0.26000854 -0.04024583
v 0.08054300 0.26059869 -0.03925569
v 0.08020106 0.25481173 -0.03809405
v 0.07993748 0.25566635 -0.03748765
v 0.08188299 0.25131431 -0.03403451
v 0.08349232 0.25500524 -0.03645464
v 0.08071496 0.28955209 -0.02710604
v 0.08003224 0.28870744 -0.02577244
v 0.08169204 0.28939784 -0.02741804
v 0.07326497 0.26060975 -0.01591244
v 0.07435507 0.28399733 -0.02246171
v 0.07398701 0.28171381 -0.02139504
v 0.07358449 0.28212056 -0.02182763
v 0.06916276 0.26562825 -0.01933343
v 0.06916215 0.26649916 -0.01960433
v 0.07062292 0.26407930 -0.01913906
v 0.07326838 0.26261654 -0.01773305
v 0.06685500 0.25482386 -0.01775213
v 0.06624527 0.25354433 -0.01956691
v 0.06681667 0.25256881 -0.01880568
v 0.08359631 0.29551744 -0.03147252
v 0.07423827 0.28073874 -0.02108576
v 0.07557595 0.28187993 -0.02127423
v 0.07594323 0.28310391 -0.02155393
v 0.08256728 0.28889331 -0.02771299
v 0.07620198 0.28410444 -0.02185972
v 0.07528845 0.28398591 -0.02185045
v 0.07689115 0.28573486 -0.02272441
v 0.07467283 0.28399220 -0.02209668
v 0.07281630 0.25807613 -0.03202381
v 0.07142328 0.25795683 -0.02986097
v 0.07287599 0.27834961 -0.01160640
v 0.07297539 0.27594352 -0.01382911
v 0.07681333 0.24559304 -0.02419593
v 0.07558707 0.28359079 -0.03210013
v 0.07594967 0.28636929 -0.03341947
v 0.08476841 0.25966778 -0.03837217
v 0.07889570 0.25445035 -0.02753552
v 0.07681897 0.25388595 -0.02566024
v 0.08082065 0.25548279 -0.02945552
v 0.08228300 0.25808966 -0.03141626
v 0.07015280 0.27434224 -0.02566764
v 0.08102389 0.27857310 -0.03081215
v 0.08136930 0.27624431 -0.03209077
v 0.07958682 0.27874845 -0.02918547
v 0.07688626 0.28991330 -0.03163459
v 0.07659236 0.29003578 -0.02942627
v 0.07620420 0.28503472 -0.03010225
v 0.07607510 0.28827935 -0.02887017
v 0.06869125 0.25837332 -0.01808437
v 0.06840447 0.25210956 -0.02112464
v 0.06809729 0.25401238 -0.02219387
v 0.06948943 0.25209588 -0.02206806
v 0.06950580 0.25299716 -0.02361168
v 0.06987818 0.25441426 -0.02534512
v 0.07028422 0.25624871 -0.02682969
v 0.07039654 0.25878042 -0.02743522
v 0.06803725 0.26252675 -0.01892976
v 0.07655814 0.29032606 -0.01946498
v 0.06756554 0.26067749 -0.01867211
v 0.06951686 0.26421630 -0.01910056
v 0.06969906 0.26241159 -0.01867772
v 0.06938521 0.26045433 -0.01820396
v 0.07413416 0.25126299 -0.01929336
v 0.07482485 0.25288403 -0.02169234
v 0.07288513 0.25196540 -0.01854499
v 0.07551620 0.25333405 -0.02385326
v 0.07180272 0.25221181 -0.01811034
v 0.07595313 0.28488442 -0.03085249
v 0.07617353 0.28806034 -0.03078024
v 0.07140087 0.26090273 -0.00810795
v 0.06546932 0.27089918 0.04010732
v 0.06653066 0.28003967 0.03408705
v 0.02703988 0.22466229 0.06056329
v 0.02640393 0.22154190 0.06113512
v 0.05821470 0.26101449 0.05405861
v 0.05377149 0.25894144 0.05946079
v 0.02579778 0.23037770 0.07211470
v 0.02491999 0.22975111 0.07241780
v 0.02401369 0.23042090 0.07264127
v 0.02488010 0.23065959 0.07217644
v 0.02274958 0.23102292 0.07095784
v 0.02360364 0.23084214 0.07014417
v 0.02376213 0.23087540 0.07106605
v 0.02297264 0.23104587 0.07183868
v 0.02952470 0.24534240 0.07329100
v 0.03345152 0.24908921 0.07288983
v 0.03651400 0.24470466 0.07172944
v 0.03260934 0.24155971 0.07260447
v 0.02548426 0.22940682 0.06273273
v 0.02521251 0.23100629 0.06308620
v 0.02410428 0.23096202 0.06701332
v 0.02440646 0.23034143 0.06666984
v 0.02534728 0.22689155 0.06299411
v 0.02429856 0.22910103 0.06635685
v 0.02709401 0.22857969 0.06027527
v 0.02654320 0.23110366 0.06048767
v 0.03531152 0.22357778 0.06924213
v 0.03139766 0.22595026 0.07033809
v 0.03239245 0.22900052 0.07051702
v 0.03628741 0.22816870 0.06928444
v 0.02620736 0.25651202 0.07307839
v 0.03010693 0.25276747 0.07318532
v 0.02675744 0.24894080 0.07345835
v 0.02290934 0.25315025 0.07310905
v 0.01897744 0.25794533 0.07335603
v 0.02211582 0.26045918 0.07278682
v 0.01724993 0.26529405 0.07615052
v 0.01765692 0.26172712 0.07714417
v 0.01695286 0.26090580 0.08008311
v 0.01732786 0.26290199 0.07905963
v 0.01528451 0.25712052 0.07857430
v 0.01771315 0.25954023 0.07574130
v 0.01127386 0.25631800 0.07894760
v -0.01203397 0.25871933 0.08070811
v -0.01101078 0.26056230 0.07936540
v -0.01171210 0.26109987 0.08119173
v -0.01334849 0.25954914 0.08236947
v 0.01102261 0.25699756 0.07967053
v 0.01542293 0.25657773 0.07745530
v -0.00467517 0.26004076 0.08858618
v -0.00573408 0.26213735 0.08866881
v -0.00459793 0.26131463 0.08647391
v -0.00462660 0.25932893 0.08617461
v 0.01570290 0.25585389 0.07589528
v 0.01163239 0.25561857 0.07809569
v 0.01037550 0.25802916 0.08025569
v 0.01320166 0.25778660 0.08046161
v -0.00749148 0.26254806 0.08802999
v -0.00938157 0.26207021 0.08974862
v -0.01115131 0.26195645 0.08821935
v -0.00897879 0.26231825 0.08657254
v -0.00425790 0.26343438 0.08143155
v -0.00562674 0.26158103 0.08296418
v -0.00350998 0.26373994 0.08506566
v -0.01198355 0.26339218 0.07918693
v -0.01062745 0.26229262 0.07778291
v -0.00945720 0.26609543 0.07699223
v -0.01073862 0.26694837 0.07787731
v 0.01474635 0.25961393 0.08189449
v 0.00417617 0.25896519 0.08834969
v 0.00532308 0.26021519 0.09019721
v 0.00910714 0.28727689 0.07345835
v 0.01207492 0.28402677 0.07113497
v 0.00911737 0.28491879 0.07566922
v 0.01201186 0.28192425 0.07320995
v 0.01394812 0.26186502 0.08536008
v 0.01524461 0.26343456 0.08395354
v 0.01149897 0.26319736 0.08887239
v 0.01239179 0.26551127 0.08838029
v 0.00362551 0.30197370 0.07172367
v 0.00200954 0.25559768 0.08447535
v 0.00224922 0.25480884 0.08413258
v 0.00169898 0.25671998 0.08625425
v 0.02170040 0.36053905 -0.11383152
v 0.02234066 0.37462270 -0.10320767
v 0.02180225 0.39091480 -0.07999955
v 0.01950333 0.39548737 -0.06729563
v 0.00566079 0.23914550 0.08661836
v 0.00526545 0.24168687 0.08641572
v 0.01332942 0.23476765 0.07058562
v 0.00761985 0.23495580 0.07225886
v 0.00721476 0.23315480 0.07688934
v 0.01268364 0.23307733 0.07547768
v 0.01683567 0.23290570 0.07323653
v 0.01784988 0.23430479 0.06840525
v 0.01373246 0.23609202 0.06787524
v 0.00773727 0.23625106 0.06950205
v 0.01214136 0.23213282 0.07992724
v 0.00678383 0.23239848 0.08212522
v 0.00658687 0.23411730 0.08465677
v 0.01213084 0.23357834 0.08200733
v 0.01861154 0.25132811 0.07489001
v 0.01427370 0.25217825 0.07696664
v 0.00986187 0.25251773 0.08006358
v 0.00647818 0.25251353 0.08241609
v 0.00583242 0.25455478 0.08251554
v 0.00842048 0.25506973 0.08048390
v 0.00561155 0.25541648 0.08275567
v 0.00817707 0.25586301 0.08090645
v 0.00811789 0.25672966 0.08128413
v 0.00853941 0.25806111 0.08137413
v 0.00662702 0.25799382 0.08258513
v 0.00706322 0.25914684 0.08211033
v 0.00558852 0.25632706 0.08289301
v 0.00394262 0.28018838 0.08723342
v 0.00367716 0.28339297 0.08435310
v 0.00992531 0.24304272 0.08417103
v 0.00502745 0.24365740 0.08559354
v 0.00426185 0.24732955 0.08443530
v 0.00868544 0.24724127 0.08308455
v 0.01336433 0.24633847 0.08084727
v 0.01506824 0.24118227 0.08167804
v 0.00256479 0.25400689 0.08389187
v 0.01030775 0.24093561 0.08461250
v 0.01071095 0.23849843 0.08463669
v 0.01561176 0.23892675 0.08196761
v 0.01592592 0.23675686 0.08174496
v 0.01992767 0.23851715 0.07852051
v 0.01887162 0.24419817 0.07811664
v 0.02479181 0.24192581 0.07491754
v 0.02403658 0.23570968 0.07546249
v 0.03220873 0.23218338 0.07106688
v 0.02721119 0.23000458 0.07188292
v 0.02732205 0.23135160 0.07218571
v 0.02698478 0.23256987 0.07291373
v 0.03124979 0.23528895 0.07200322
v 0.03597433 0.23280104 0.06996258
v 0.03474806 0.23735200 0.07113305
v 0.02909922 0.23837000 0.07329102
v 0.02610544 0.23391496 0.07379241
v 0.02593029 0.23112406 0.07243331
v 0.02498644 0.23098063 0.07236973
v 0.02564916 0.23183696 0.07307979
v 0.02470668 0.23130237 0.07289958
v 0.02504406 0.23251756 0.07397237
v 0.02419739 0.23162681 0.07361033
v 0.02317546 0.23228070 0.07477020
v 0.02371772 0.23367584 0.07532911
v 0.02286839 0.23095895 0.07082501
v 0.02186823 0.23103823 0.07180671
v 0.02194072 0.23101507 0.07302592
v 0.02289714 0.23089881 0.07197028
v 0.02354243 0.23087059 0.07021945
v 0.02344690 0.23086904 0.07141563
v 0.02353030 0.23147333 0.06772324
v 0.02254957 0.23169208 0.06843984
v -0.05418725 0.18602677 0.01160241
v -0.05951655 0.18981127 -0.00392749
v 0.02411072 0.23076206 0.06957851
v 0.02409543 0.23081453 0.07061905
v 0.02407645 0.23091277 0.07205392
v 0.02394511 0.23100199 0.07230999
v 0.02342079 0.23112363 0.07290796
v 0.02249273 0.23138045 0.07389559
v 0.01607201 0.23476076 0.08089584
v 0.01973604 0.23464799 0.07849023
v 0.01954356 0.23301478 0.07735074
v 0.01604482 0.23270512 0.07913708
v 0.01921339 0.23184919 0.07597208
v 0.01848346 0.23538981 0.06596839
v 0.01583747 0.23178388 0.07745172
v 0.02162075 0.23324732 0.06599606
v 0.02266341 0.23425700 0.06349219
v 0.02049821 0.23219399 0.07029156
v 0.02457934 0.23209369 0.06396605
v 0.02358678 0.23224647 0.06442487
v 0.02562610 0.23289618 0.06145113
v 0.02439298 0.23343030 0.06231742
v 0.01917307 0.23127410 0.07427225
v 0.01995863 0.23639846 0.07876547
v 0.01131378 0.23606689 0.08370423
v 0.00604444 0.23672423 0.08583249
v -0.03481763 0.27977073 0.06355973
v -0.03428742 0.27708811 0.06492113
v -0.02997392 0.27821609 0.06529547
v -0.03072391 0.28057852 0.06416439
v 0.00473518 0.27337465 0.09372442
v 0.00435988 0.27703217 0.09035917
v 0.02337991 0.23090416 0.07260910
v 0.01138489 0.14973123 0.03287125
v -0.07371867 0.26259899 -0.01649861
v -0.07322945 0.26339942 -0.01536767
v -0.08079495 0.28423116 -0.04052915
v 0.02635067 0.22891153 0.07201217
v 0.02478333 0.22455299 0.06317160
v 0.02348002 0.22817947 0.06685577
v 0.03210280 0.21928720 0.06986080
v 0.02739259 0.21560553 0.07257839
v 0.02502082 0.21984237 0.07385149
v 0.02883810 0.22274771 0.07106003
v 0.02196106 0.22609210 0.07562461
v 0.02471066 0.22763783 0.07323585
v -0.08534849 0.28763080 -0.03530928
v 0.02349686 0.22903676 0.07390326
v 0.02091304 0.22825374 0.07623636
v 0.02014066 0.22990441 0.07662542
v 0.02259328 0.23018922 0.07404427
v 0.01842214 0.23177882 0.07524487
v 0.01389294 0.23238900 0.07828499
v 0.01343007 0.22862415 0.07341263
v 0.01825920 0.22801244 0.07085127
v 0.02233906 0.22795199 0.06818484
v 0.02175719 0.23130353 0.07199262
v -0.08099101 0.29135746 -0.03489245
v -0.08001247 0.29343599 -0.03011161
v -0.07887276 0.29204401 -0.02907311
v -0.07974266 0.28959468 -0.03312578
v 0.01899567 0.23184399 0.07605910
v 0.02191073 0.23133878 0.07299731
v 0.01439610 0.23251681 0.07944400
v 0.02336652 0.15245637 0.02869430
v 0.02216119 0.23103702 0.07379360
v 0.01939669 0.23133118 0.07636827
v 0.01502508 0.23163082 0.08008296
v 0.01591478 0.22967313 0.08058529
v 0.01665572 0.22743687 0.08068878
v 0.01743574 0.22462231 0.08004867
v 0.01972171 0.21718143 0.07826387
v 0.02128676 0.21192634 0.07758865
v 0.01355784 0.21569477 0.08189380
v 0.01470027 0.21045499 0.08204611
v 0.01225093 0.22350128 0.08393427
v 0.01187061 0.22699368 0.08494921
v 0.01120133 0.22963540 0.08443920
v 0.01060731 0.23184364 0.08349848
v 0.00312032 0.25228715 0.08366137
v 0.00537840 0.25797844 0.08382776
v 0.00427784 0.25822699 0.08600405
v 0.00753083 0.26160893 0.09096356
v 0.00164491 0.25758556 0.08837605
v 0.00998468 0.26307818 0.09045028
v 0.00836058 0.26260784 0.09182692
v 0.00893774 0.26407969 0.09263016
v 0.01009892 0.26464221 0.09145889
v 0.00692226 0.26208588 0.09300181
v 0.00806678 0.26392049 0.09349777
v 0.00286604 0.26129472 0.09468973
v 0.00366580 0.26462123 0.09631065
v 0.00456528 0.26994658 0.09580828
v 0.00402588 0.26669204 0.09662463
v 0.00933666 0.26572332 0.09293783
v 0.01071736 0.26742208 0.09124452
v -0.08812904 0.28759521 -0.03577705
v 0.01093432 0.27031261 0.08910775
v 0.01302922 0.26800239 0.08598933
v 0.01030328 0.40068769 -0.02313717
v 0.00994834 0.23298572 0.08259688
v 0.00902194 0.23287444 0.08073054
v -0.07222769 0.24942341 -0.01645943
v -0.08013857 0.27652183 -0.03022433
v 0.01329606 0.21764949 0.06700050
v 0.01332149 0.22256781 0.06918071
v 0.00838681 0.22263110 0.07086174
v -0.07939577 0.29396349 -0.02752069
v -0.08245333 0.29562113 -0.02826877
v 0.00833161 0.21794182 0.06879907
v 0.00499166 0.23295121 0.08169609
v -0.08557615 0.26438910 -0.03943311
v -0.08850648 0.28599370 -0.03777735
v -0.08669938 0.28462863 -0.03652301
v -0.08046205 0.28649908 -0.02192577
v -0.07431410 0.25836125 -0.03319959
v -0.08067825 0.25851098 -0.03109171
v -0.07929165 0.25596848 -0.02940884
v -0.07374007 0.25653371 -0.03215112
v -0.06971678 0.27186874 -0.02694442
v 0.00474471 0.22910067 0.07631384
v 0.00859529 0.22901072 0.07542401
v 0.00525272 0.23323068 0.08399516
v 0.00572477 0.23201770 0.08527222
v 0.00624062 0.22969098 0.08649794
v 0.00454669 0.22257212 0.07174122
v 0.00456909 0.21783932 0.06970996
v -0.07044423 0.25457817 -0.00793782
v 0.02315264 0.22318213 0.06436864
v -0.07700967 0.24302776 -0.02272289
v -0.07780425 0.24408112 -0.02524932
v -0.03080300 0.23190181 -0.08833498
v -0.03491767 0.24078865 -0.09562600
v -0.08726575 0.26417172 -0.04269496
v 0.02377313 0.21914589 0.06253581
v 0.01841480 0.22233935 0.06704393
v 0.01880758 0.21807274 0.06503525
v 0.00799404 0.21029247 0.08517687
v 0.00719375 0.21534848 0.08433872
v 0.00654409 0.22647764 0.08691175
v 0.00666840 0.22255629 0.08593073
v 0.02235536 0.38404512 -0.09229969
v 0.06260506 0.34797323 0.01691153
v 0.06093885 0.34139597 0.02493923
v -0.08114788 0.28958836 -0.02901065
v 0.05431962 0.34921536 0.03106409
v 0.05605492 0.35453346 0.02380094
v 0.06299069 0.35526571 0.00862020
v 0.05650048 0.36074287 0.01614314
v 0.03880117 0.39068896 -0.04194641
v 0.03927556 0.39035985 -0.02771750
v 0.02123627 0.39808202 -0.02429255
v 0.03426137 0.39160302 -0.05624516
v 0.04619762 0.38248545 -0.06500703
v 0.04784630 0.38458443 -0.04532282
v 0.04767684 0.38465399 -0.03009669
v -0.07389798 0.24895965 -0.01774528
v -0.07351083 0.24290445 -0.01654198
v -0.07234691 0.24347478 -0.01456182
v -0.07563375 0.27986676 -0.02663665
v 0.02611392 0.19282417 -0.07596146
v 0.05213878 0.30661854 -0.10588618
v 0.04637801 0.38412604 -0.01640923
v 0.03869013 0.38908127 -0.01394487
v 0.03845821 0.38681030 -0.00143394
v 0.04530521 0.38258776 -0.00468366
v 0.02122021 0.39633453 -0.00967481
v 0.01030646 0.39867833 -0.00795322
v 0.01929761 0.26801196 -0.11682218
v 0.00356079 0.28646085 0.08155517
v 0.04764031 0.22132294 -0.06082384
v 0.05783159 0.22036475 -0.04239248
v 0.06021089 0.17523406 -0.01584456
v 0.06888551 0.24244441 -0.02458859
v 0.06857681 0.24292716 -0.02553758
v 0.06145731 0.20687132 -0.02220386
v 0.06253767 0.21943027 -0.02366491
v 0.03777706 0.22193642 -0.07213511
v 0.07757919 0.25398865 -0.03620097
v 0.07820494 0.25788084 -0.03741402
v 0.07851982 0.25313270 -0.03589583
v 0.07923991 0.25724897 -0.03741885
v 0.07925835 0.26162410 -0.03818882
v 0.07887645 0.25135306 -0.03514060
v 0.07678270 0.29022333 -0.02695563
v 0.07790196 0.29186887 -0.02629656
v -0.07597140 0.25200438 -0.03487659
v -0.07614080 0.25436020 -0.03595164
v 0.06866022 0.24109906 -0.01985259
v 0.06843659 0.24174732 -0.02162858
v -0.06029115 0.26473215 -0.02270190
v 0.06808855 0.24144270 -0.02054850
v 0.06793988 0.24098131 -0.01919550
v 0.06857187 0.24016380 -0.01822162
v 0.06799307 0.24037755 -0.01795576
v 0.07903961 0.30615917 -0.02084096
v 0.06688539 0.24103835 -0.02130481
v 0.06805605 0.24266213 -0.02465145
v 0.06807063 0.24213342 -0.02301182
v 0.06760484 0.24158095 -0.02129573
v 0.06758867 0.24058150 -0.01900954
v 0.06778328 0.23974201 -0.01714805
v 0.06839404 0.23895957 -0.01703241
v -0.07733773 0.24617651 -0.03225004
v -0.07398942 0.24092913 -0.02616352
v -0.06065657 0.19416969 -0.01937874
v -0.05703379 0.19767624 -0.03584337
v -0.05777002 0.18804403 -0.03299636
v -0.06027564 0.18353307 -0.01732193
v -0.07192723 0.26856488 -0.00971870
v -0.07150103 0.26120162 -0.01213196
v -0.07117619 0.26018661 -0.01020489
v 0.07892929 0.25026318 -0.03559249
v 0.07248088 0.23965749 -0.02318956
v -0.02785899 0.16573481 0.03450251
v -0.02370652 0.15694168 0.03077774
v 0.07710702 0.28231886 -0.03299813
v 0.07701795 0.28051785 -0.03435200
v 0.07902627 0.28215390 -0.03609329
v 0.07894512 0.28442729 -0.03477403
v 0.06003531 0.25481525 -0.07680769
v 0.06143734 0.26548907 -0.08195045
v 0.01277245 0.19389994 -0.08075572
v 0.01292806 0.20374385 -0.08184592
v 0.07471455 0.29990691 -0.06771819
v 0.07704296 0.28403097 -0.03154327
v 0.07900762 0.28626198 -0.03328536
v 0.07843857 0.26217201 -0.03801242
v 0.07625889 0.28337583 -0.03132479
v 0.07636676 0.28167316 -0.03271604
v 0.07980101 0.28796604 -0.03499537
v 0.07984274 0.28573704 -0.03666660
v 0.07976020 0.28325057 -0.03812139
v 0.07637255 0.27979177 -0.03407139
v -0.07177872 0.25521678 -0.00381293
v -0.07218593 0.25479591 0.00713117
v -0.07255722 0.27085182 0.00641034
v -0.07232063 0.26509041 -0.00369039
v 0.07690464 0.28838375 -0.03343783
v 0.07874665 0.33156902 -0.04533117
v 0.07733750 0.32475784 -0.05888542
v 0.07435316 0.34793153 -0.04960710
v 0.07295191 0.34207219 -0.06429192
v 0.06848620 0.33517390 -0.07988987
v 0.07268033 0.31651825 -0.07439200
v 0.07650040 0.28995869 -0.02812923
v 0.07848579 0.29283193 -0.02684687
v 0.06271101 0.36080039 0.00058925
v 0.06779519 0.35536641 -0.00620772
v 0.05623275 0.36596897 0.00889886
v 0.05544996 0.37051237 0.00201273
v 0.06131493 0.36612946 -0.00662093
v 0.06866414 0.35883352 -0.01807408
v 0.08014762 0.32379591 -0.03033665
v 0.07793762 0.33788317 -0.03172160
v 0.07530907 0.34264496 -0.01861799
v -0.05997203 0.30345592 0.03981784
v -0.06207040 0.30380702 0.03555625
v -0.06262612 0.29436213 0.03611249
v -0.06013797 0.29574329 0.03949312
v 0.07273723 0.35358167 -0.03471078
v 0.06379023 0.36744794 -0.02488973
v 0.06748004 0.36326179 -0.03896859
v 0.05697999 0.37594903 -0.02919846
v 0.05922109 0.37368459 -0.04356082
v 0.05915408 0.37092394 -0.05941419
v 0.06896798 0.35887024 -0.05377695
v 0.05903595 0.37114835 -0.01299145
v 0.05342427 0.37475693 -0.00355356
v 0.05407332 0.37739339 -0.01672778
v 0.05103925 0.37843379 -0.00822374
v 0.07326385 0.34469160 -0.01171213
v 0.06688596 0.23472871 -0.01561027
v 0.06866346 0.23451868 -0.01106380
v -0.01984143 0.36148787 0.05256177
v -0.00961174 0.36222661 0.05455086
v -0.00984682 0.36976004 0.04869145
v -0.02038698 0.36880338 0.04645604
v 0.07078445 0.24641688 -0.00462491
v -0.03680924 0.24882711 -0.09974157
v -0.03816212 0.25927863 -0.10440194
v -0.01844588 0.25554904 -0.11133520
v -0.01744730 0.24612603 -0.10626828
v 0.06908689 0.27293846 0.02794619
v 0.06916697 0.28531566 0.02493249
v 0.07203884 0.27701622 0.01511167
v 0.07111759 0.26214126 0.01745952
v -0.02066831 0.38577759 0.02470201
v -0.01007864 0.38746113 0.02709130
v -0.01015261 0.39206958 0.01705725
v -0.02085147 0.39012775 0.01494146
v -0.05360826 0.27686244 0.05472017
v -0.05590694 0.27071947 0.05524062
v -0.05207141 0.27051979 0.05894407
v -0.05027960 0.27662581 0.05768929
v 0.06793942 0.29877016 0.02262141
v 0.07172280 0.29105434 0.01314017
v 0.07055795 0.30533397 0.00979993
v 0.06675081 0.31348130 0.02079858
v 0.06021801 0.32878235 -0.09515797
v 0.06312223 0.31181321 -0.09268706
v -0.07421120 0.23814762 -0.01318036
v -0.07339032 0.23916169 -0.01181355
v 0.06399966 0.29917368 -0.09015692
v 0.04766782 0.33085275 0.04947255
v -0.01029949 0.39585328 0.00524732
v -0.02114500 0.39365056 0.00345684
v 0.02132461 0.34970891 -0.11924235
v 0.04710148 0.35386327 0.03787508
v 0.05196538 0.35026917 -0.09679832
v -0.00000522 0.20387201 -0.08345670
v 0.03967029 0.35653055 -0.10479335
v 0.06777941 0.35337874 -0.06823543
v 0.06430842 0.34732458 -0.08123785
v 0.05674967 0.34012523 -0.09608681
v 0.06309086 0.28311002 -0.08722977
v 0.04626789 0.37934130 0.00305353
v 0.05597764 0.29729915 0.04506777
v 0.05524831 0.29281029 0.04442031
v 0.05604415 0.30212700 0.04633792
v 0.05373783 0.28823975 0.04636063
v 0.01578585 0.28123608 0.06940775
v 0.01531512 0.27916798 0.07113443
v 0.01501468 0.27682132 0.07323184
v 0.01883817 0.27669650 0.06962333
v 0.01826360 0.27383682 0.07156108
v 0.01156296 0.27717662 0.07764915
v 0.01189148 0.27963510 0.07541049
v 0.01434702 0.27441621 0.07500345
v 0.01385577 0.27143854 0.07681539
v 0.01148001 0.27431324 0.07999846
v 0.01842224 0.25938579 0.07415321
v 0.01960906 0.26390666 0.07300047
v 0.01680341 0.26800859 0.07418136
v 0.02227598 0.27114901 0.07101810
v 0.02114649 0.26784956 0.07230039
v 0.01750666 0.27122292 0.07298109
v 0.02332163 0.27439076 0.06895150
v 0.01493997 0.26815712 0.07922299
v 0.01584568 0.26514286 0.08188744
v 0.01224305 0.27112517 0.08300462
v 0.01040284 0.27336520 0.08585507
v 0.00967351 0.27672279 0.08280124
v 0.01948388 0.27892357 0.06804115
v 0.02435634 0.27689317 0.06746116
v 0.02484207 0.26443541 0.07253724
v 0.02950251 0.26108772 0.07276050
v 0.02702736 0.26873729 0.07089148
v 0.03147355 0.26602727 0.07108394
v 0.02805284 0.27226546 0.06889205
v 0.03273536 0.26985988 0.06899586
v 0.03378816 0.25743350 0.07277679
v 0.03742962 0.25338084 0.07203853
v 0.04079439 0.24837148 0.07051634
v 0.04036697 0.25838038 0.07029166
v 0.04425563 0.25284901 0.06869152
v 0.04219595 0.26334134 0.06801691
v 0.04670722 0.25824922 0.06629692
v -0.01210749 0.28628537 0.06875742
v -0.01263947 0.28822342 0.06626049
v -0.01643783 0.28524038 0.06536888
v -0.01606183 0.28326988 0.06742869
v -0.00722957 0.33577403 0.06757687
v -0.00818224 0.34325337 0.06480202
v -0.01703729 0.34296796 0.06316116
v -0.01545432 0.33557248 0.06648589
v 0.03629009 0.26254901 0.07100908
v 0.03784025 0.26682779 0.06875959
v 0.03372059 0.27352819 0.06678776
v 0.02910346 0.27536389 0.06702431
v 0.04283872 0.27436361 0.06341220
v 0.04294884 0.26891977 0.06569084
v 0.03845734 0.27139372 0.06640404
v 0.03867601 0.27579263 0.06418601
v 0.04795626 0.26493722 0.06365650
v 0.04734319 0.27252430 0.06174768
v 0.04626886 0.27740574 0.05991744
v 0.03181957 0.28390771 0.06264620
v 0.02692165 0.28456911 0.06324924
v 0.03542117 0.28363466 0.06170184
v 0.04221754 0.27822825 0.06151909
v 0.03869991 0.27897015 0.06265967
v 0.04967478 0.28422910 0.05278319
v 0.04741008 0.28361621 0.05510326
v 0.04170206 0.28336796 0.05919035
v 0.03880522 0.28346214 0.06058727
v 0.04473645 0.28344864 0.05729221
v 0.02235586 0.28613839 0.06299727
v 0.01772641 0.28799701 0.06268638
v 0.05679837 0.20892820 -0.03902966
v 0.00939037 0.27976415 0.08041796
v 0.00921638 0.28248522 0.07799992
v 0.01452210 0.30417204 0.06413697
v 0.01283628 0.30112985 0.06321981
v 0.00679029 0.30176502 0.06930316
v 0.01849275 0.30824459 0.06638113
v 0.01437714 0.29034659 0.06251880
v -0.02096960 0.28293639 0.06473256
v -0.02017421 0.28099337 0.06620096
v 0.01250242 0.29265583 0.06239131
v 0.01185128 0.29501677 0.06247454
v 0.01175165 0.29804492 0.06278218
v -0.01000165 0.37645400 0.04230599
v -0.02062587 0.37530264 0.03982225
v -0.02043702 0.39818373 -0.04710848
v -0.02073362 0.39826867 -0.03856743
v -0.00978827 0.40115055 -0.03912052
v -0.01088575 0.40023133 -0.05173136
v 0.02928669 0.32256800 0.06637036
v 0.02596389 0.31632215 0.06844419
v 0.05768360 0.33511427 0.03386078
v 0.06129597 0.32653996 0.03086724
v 0.05034013 0.31666702 0.05312994
v 0.05343722 0.31227794 0.05051625
v 0.05535198 0.30721498 0.04816988
v 0.06335930 0.31493691 0.02901348
v 0.06493369 0.30240676 0.02948471
v 0.06599069 0.29073426 0.03093678
v -0.06923171 0.26659256 -0.06446328
v -0.07228830 0.26674873 -0.04886452
v -0.07482851 0.27867934 -0.05067032
v -0.07269419 0.28310987 -0.06759161
v 0.04862279 0.36569989 0.02410702
v -0.04066668 0.17339678 0.02533953
v -0.03729806 0.16297348 0.02297077
v -0.00000441 0.19346915 -0.08199363
v 0.04820033 0.37088421 0.01725216
v 0.04825374 0.35989550 0.03096995
v 0.03859090 0.38356262 0.00820080
v 0.03901621 0.37975875 0.01669874
v 0.04740413 0.37544012 0.01024687
v 0.03982978 0.37511209 0.02407324
v 0.04039006 0.36976731 0.03071231
v 0.03989311 0.36385414 0.03757209
v 0.03888994 0.35741538 0.04432754
v 0.03679236 0.34930769 0.05114206
v 0.04614793 0.20980519 -0.05730792
v 0.00757617 0.27005386 0.07856967
v 0.00688473 0.27026290 0.07931388
v -0.05252176 0.32550332 0.04562773
v -0.05440050 0.33055779 0.04082721
v -0.05785006 0.32336172 0.03786787
v -0.05597360 0.31924275 0.04303022
v 0.00648904 0.26963636 0.07795944
v 0.00578831 0.26982379 0.07869285
v 0.00571129 0.26843321 0.07810228
v 0.00674019 0.26106152 0.08110375
v 0.00525055 0.26291832 0.07965179
v 0.00501369 0.26641554 0.07834087
v 0.07039497 0.23952864 -0.00602166
v -0.00570107 0.32343987 0.07098024
v -0.01284351 0.32331702 0.07038734
v -0.01099547 0.31717420 0.07117554
v -0.00498789 0.31705773 0.07174291
v -0.06003197 0.28851205 0.04055256
v -0.06293926 0.28544122 0.03827057
v -0.06218238 0.27776071 0.04367537
v -0.05899312 0.28185740 0.04495823
v -0.05615216 0.27784482 0.05148036
v -0.05880225 0.27198803 0.05156565
v -0.01858960 0.35208422 0.05882760
v -0.00896274 0.35273287 0.06072553
v -0.06058394 0.31398001 0.03589329
v -0.05860047 0.31153712 0.04106492
v -0.00908157 0.28928414 0.07076944
v -0.00995535 0.29076481 0.06764075
v -0.00723461 0.29493934 0.06914683
v -0.00342237 0.29465500 0.07421867
v -0.00346486 0.29869321 0.07267103
v -0.00673346 0.29851499 0.06942712
v -0.03320935 0.33457702 0.05996428
v -0.03489774 0.34138390 0.05592726
v -0.04243754 0.33956361 0.05071776
v -0.04082978 0.33320042 0.05495339
v -0.02068292 0.38078660 0.03282040
v -0.01003387 0.38224268 0.03526836
v -0.00402685 0.30862066 0.07153331
v -0.00816651 0.30862793 0.07020114
v -0.00724566 0.30483422 0.06934760
v -0.00388499 0.30510533 0.07135746
v -0.02507651 0.27939996 0.06577268
v -0.02579311 0.28151268 0.06464557
v -0.06770495 0.23868497 -0.01585100
v -0.06813965 0.23756243 -0.01587992
v -0.07372656 0.28654182 -0.00739708
v -0.07272714 0.27574420 -0.00498200
v -0.07341406 0.28418115 0.00491892
v -0.07243736 0.29720494 0.00166475
v -0.07465513 0.30862847 -0.00232006
v -0.07704856 0.31733137 -0.00823409
v -0.07710040 0.30134356 -0.01481820
v -0.07484759 0.29540479 -0.01031569
v -0.05213650 0.19105703 -0.04662380
v -0.04953605 0.19927934 -0.05059869
v -0.00363857 0.29171684 0.07668694
v -0.00367705 0.28906375 0.07915854
v -0.02035388 0.29714143 -0.12575862
v -0.01957315 0.28394178 -0.12222751
v -0.04002148 0.28850132 -0.11404719
v -0.03952011 0.30172762 -0.11610058
v -0.06617639 0.25634864 -0.06042403
v -0.06951572 0.25831333 -0.04596594
v -0.01056262 0.26493266 0.08245899
v -0.00715027 0.26933703 0.07740328
v -0.00742399 0.26585120 0.07701100
v -0.00708392 0.26849186 0.07711797
v -0.01052413 0.26189059 0.08444624
v -0.01283938 0.26118061 0.08582165
v -0.00820904 0.26197109 0.07747420
v -0.00730230 0.26222271 0.07801850
v -0.00662403 0.26616415 0.07726935
v -0.00828516 0.26982495 0.07814312
v -0.00186966 0.25859120 0.09080660
v -0.00245378 0.26011136 0.09351449
v -0.00630396 0.26112986 0.09238615
v -0.00479913 0.25970852 0.09046041
v -0.00521992 0.26882175 0.07867312
v -0.00411165 0.26658520 0.07961543
v -0.00489301 0.26469368 0.08705854
v -0.00676337 0.26832375 0.08298754
v -0.00705343 0.27026731 0.08018134
v -0.00676386 0.26525462 0.08623116
v -0.00582236 0.25923270 0.08368350
v -0.00861182 0.26530689 0.08463617
v -0.07657187 0.25228727 -0.02388065
v -0.06300925 0.20571996 0.00120278
v -0.06656622 0.21939869 -0.00787695
v -0.06421309 0.21914482 -0.01390602
v -0.06207711 0.20463200 -0.00896898
v -0.07797071 0.27913207 -0.02801373
v -0.06615500 0.32955435 0.02027140
v -0.06818647 0.34072235 0.01028174
v -0.07433227 0.32907254 -0.00026940
v -0.07278542 0.31853455 0.00559275
v -0.06810346 0.34967887 0.00188455
v -0.07444827 0.33913386 -0.00795090
v -0.07830717 0.32694396 -0.01674937
v -0.08004933 0.30601516 -0.02950862
v -0.04196911 0.29225898 0.05747660
v -0.04223236 0.29206836 0.05766626
v -0.04068934 0.29181337 0.05896322
v -0.04069190 0.29194298 0.05877631
v -0.04147617 0.29230601 0.05686486
v -0.04012897 0.29187688 0.05796672
v -0.04236932 0.29264072 0.05587402
v -0.04292849 0.29249451 0.05637990
v -0.04320794 0.29228032 0.05653670
v -0.02458533 0.29306969 0.06078814
v -0.02527226 0.29336059 0.06009272
v -0.02791094 0.29248780 0.06040486
v -0.02723329 0.29249287 0.06150185
v -0.02436133 0.29280820 0.06121002
v -0.02717889 0.29221365 0.06191613
v -0.02838762 0.29490435 0.05445280
v -0.02788212 0.29516968 0.05435317
v -0.02922620 0.29456908 0.05465022
v -0.02279435 0.29486299 0.05845656
v -0.02281957 0.29579410 0.05857991
v -0.02761784 0.29580054 0.05448193
v -0.02762547 0.29538137 0.05434209
v -0.02307466 0.29442954 0.05863190
v -0.02151117 0.29423001 0.05871654
v -0.02061383 0.29451159 0.05834357
v -0.02064584 0.29578930 0.05856689
v -0.03240780 0.29119220 0.06202338
v -0.03261726 0.29039454 0.06210607
v -0.02787577 0.29073340 0.06232122
v -0.02747294 0.29162344 0.06220713
v -0.03220572 0.29166320 0.06182526
v -0.03564092 0.29173824 0.06091504
v -0.03574098 0.29123309 0.06109608
v -0.03586558 0.29045287 0.06112324
v -0.02456045 0.29162526 0.06204205
v -0.02445192 0.29249078 0.06166252
v -0.03589819 0.28977266 0.06112181
v -0.03285772 0.28969678 0.06204639
v -0.02809321 0.29002962 0.06231043
v -0.02454731 0.29116327 0.06215414
v -0.02175437 0.29231900 0.06139550
v -0.02287582 0.29259688 0.06143246
v -0.03292304 0.28890324 0.06190170
v -0.03288609 0.28798935 0.06184326
v -0.02807853 0.28826416 0.06237074
v -0.02814578 0.28919557 0.06229518
v -0.03595961 0.28899670 0.06086376
v -0.03595506 0.28809023 0.06077136
v -0.04437030 0.29220840 0.05485850
v -0.04485351 0.29259610 0.05389533
v -0.04487294 0.29204822 0.05406309
v -0.04459022 0.29169053 0.05460503
v -0.04754077 0.28911501 0.05165703
v -0.04836355 0.29016310 0.05046045
v -0.05009238 0.28925666 0.04920515
v -0.04906316 0.28809291 0.05069121
v -0.05795494 0.27925721 0.04814878
v -0.05162800 0.28513494 0.05048881
v -0.05290106 0.28635055 0.04832564
v -0.04387984 0.29207125 0.05567311
v -0.04323331 0.29185522 0.05659771
v -0.04378033 0.29240817 0.05559767
v -0.04422247 0.29263812 0.05463006
v -0.04410502 0.29137179 0.05542231
v -0.04336858 0.29116508 0.05647386
v -0.04232718 0.29170236 0.05772597
v -0.04242903 0.29093498 0.05770669
v -0.04081801 0.29066429 0.05904081
v -0.04069474 0.29144272 0.05904251
v -0.03858745 0.29130691 0.06008444
v -0.03885822 0.29178366 0.05987618
v -0.03870516 0.29050136 0.06006647
v -0.04096228 0.29000288 0.05884464
v -0.03884032 0.28983486 0.05999329
v -0.04249823 0.29023883 0.05740342
v -0.04352517 0.29056266 0.05613722
v -0.04430137 0.29087475 0.05500198
v -0.04492015 0.29120496 0.05414422
v -0.04532186 0.29174665 0.05349453
v -0.04466856 0.29028198 0.05445401
v -0.04537281 0.28947258 0.05369782
v -0.04416007 0.28907189 0.05513714
v -0.04375693 0.28994611 0.05571718
v -0.04548038 0.29070210 0.05346439
v -0.04635797 0.28997505 0.05254753
v -0.04267612 0.28965348 0.05698776
v -0.04279707 0.28886604 0.05661999
v -0.04103956 0.28854418 0.05818583
v -0.04102971 0.28933454 0.05854213
v -0.03890748 0.28915620 0.05971992
v -0.03903302 0.28826034 0.05944566
v -0.03211829 0.29176545 0.06155556
v -0.03182159 0.29179263 0.06041005
v -0.03533318 0.29155412 0.05980814
v -0.03564541 0.29179978 0.06063058
v -0.03886551 0.29183561 0.05969579
v -0.03828293 0.29156199 0.05892925
v -0.03518529 0.29143173 0.05872015
v -0.03344580 0.29361907 0.05453801
v -0.03478920 0.29361042 0.05415406
v -0.03786264 0.29143339 0.05792259
v -0.03202089 0.29177845 0.05921855
v -0.03189803 0.29378316 0.05476742
v -0.02873141 0.29262960 0.05924955
v -0.03041323 0.29415670 0.05478825
v -0.02604447 0.29337212 0.05937072
v -0.03353948 0.30317190 0.06133734
v -0.03354425 0.30325526 0.06151966
v -0.03824785 0.30259353 0.06095584
v -0.03787074 0.30244464 0.06061783
v -0.05123375 0.26324689 -0.09469297
v -0.05201679 0.27810660 -0.10025796
v -0.03940540 0.27275711 -0.10966624
v -0.04092414 0.30010056 0.05967249
v -0.04086699 0.30094641 0.05924552
v -0.04331641 0.29955739 0.05788564
v -0.04315306 0.29879031 0.05801812
v -0.04090070 0.29918531 0.06005399
v -0.04287902 0.29782468 0.05817512
v -0.03814788 0.30048248 0.06177532
v -0.03814700 0.30151698 0.06132462
v -0.03797146 0.30224663 0.06077033
v -0.04199431 0.29661304 0.05395750
v -0.04124320 0.29756677 0.05465542
v -0.04183339 0.29733911 0.05610496
v -0.04287117 0.29657066 0.05485490
v -0.04263918 0.29593921 0.05335639
v -0.04350319 0.29586968 0.05394032
v -0.03737271 0.29581338 0.05179781
v -0.03703056 0.29618433 0.05209613
v -0.03648595 0.29664055 0.05250682
v -0.03754659 0.29550594 0.05161272
v -0.03761760 0.29523590 0.05152459
v -0.03758829 0.29498833 0.05154687
v -0.03748941 0.29476121 0.05169313
v -0.06135844 0.26331267 0.04953957
v -0.06081828 0.27420104 0.04776680
v -0.06363587 0.26603982 0.04523068
v -0.04346616 0.29268986 0.05537606
v -0.04394900 0.29297510 0.05445561
v -0.04286666 0.29292235 0.05497853
v -0.04333035 0.29325584 0.05418964
v -0.04447012 0.29339969 0.05357414
v -0.04486661 0.29317415 0.05356568
v -0.04085042 0.29220602 0.05610040
v -0.03643171 0.29389563 0.05317731
v -0.03685789 0.29411802 0.05271677
v -0.04156441 0.29275727 0.05519740
v -0.03958279 0.29174790 0.05703304
v -0.03576153 0.29371250 0.05367618
v -0.03709100 0.29432094 0.05233435
v -0.03729516 0.29453301 0.05197968
v -0.04188521 0.29306972 0.05446755
v -0.04234510 0.29342899 0.05373330
v -0.04370604 0.29379675 0.05360017
v -0.04291405 0.29435271 0.05285582
v -0.04299780 0.29482600 0.05283283
v -0.04393335 0.29425171 0.05340680
v -0.04399702 0.29470333 0.05331404
v -0.04273342 0.29389066 0.05313214
v -0.04290414 0.29535979 0.05298665
v -0.04385126 0.29521731 0.05350797
v -0.04514971 0.29264539 0.05347897
v -0.04513601 0.29339442 0.05317432
v -0.04570169 0.29425958 0.05265816
v -0.04561943 0.29253519 0.05297656
v -0.04634491 0.29235047 0.05226316
v -0.04596799 0.29132402 0.05269077
v -0.04676292 0.29464757 0.05227910
v -0.04815536 0.29481336 0.05146901
v -0.04766544 0.29208454 0.05119583
v -0.04701710 0.29088509 0.05170102
v -0.04476043 0.29385135 0.05316032
v -0.04495342 0.29443955 0.05296028
v -0.04616556 0.29568681 0.05357177
v -0.04699445 0.29638243 0.05341796
v -0.04541248 0.29527947 0.05364827
v -0.04492497 0.29595256 0.05492538
v -0.04546652 0.29656705 0.05494821
v -0.04608228 0.29722065 0.05487365
v -0.04452088 0.29752025 0.05644239
v -0.04493752 0.29828304 0.05641633
v -0.04413739 0.29673225 0.05642234
v -0.04474149 0.29519245 0.05356468
v -0.04426585 0.29582000 0.05454192
v -0.04352526 0.29649749 0.05586385
v -0.04246698 0.29713279 0.05770160
v -0.04060922 0.29832408 0.05964355
v -0.03982617 0.29831859 0.05774261
v -0.03788796 0.29965469 0.06137113
v -0.03704416 0.29928875 0.05930209
v -0.03408776 0.30372769 0.06269775
v -0.03922586 0.30327785 0.06205874
v -0.03665043 0.29928336 0.05748237
v -0.03414838 0.29744759 0.05380803
v -0.03255942 0.29756039 0.05434775
v -0.03335965 0.29939261 0.05848827
v -0.02341384 0.29645619 0.05904408
v -0.02424488 0.29724595 0.05944450
v -0.02822962 0.29647496 0.05477805
v -0.02784705 0.29610145 0.05462453
v -0.02194512 0.29652396 0.05965547
v -0.02330190 0.29729542 0.06026587
v -0.02759079 0.29887837 0.05956192
v -0.02972454 0.29725769 0.05493505
v -0.02882024 0.29688913 0.05491128
v -0.02587656 0.29806733 0.05938610
v -0.02696868 0.29936886 0.06136068
v -0.02470719 0.29817581 0.06068983
v -0.03356440 0.29985002 0.06043532
v -0.02113279 0.33451280 -0.12496112
v -0.02097194 0.31768134 -0.12710793
v -0.03866990 0.32036734 -0.11645315
v -0.03851051 0.33481628 -0.11436589
v -0.03915999 0.29853770 0.05617095
v -0.03547879 0.29710358 0.05316665
v -0.04820037 0.33670139 -0.10613073
v -0.04707942 0.34598491 -0.10359587
v -0.03896013 0.34762228 -0.10996968
v -0.03640094 0.21047838 -0.06947375
v -0.02682456 0.20208986 -0.07589483
v -0.01982514 0.29628694 0.06071958
v -0.02155397 0.29759541 0.06109370
v -0.01871289 0.29513118 0.06044472
v -0.01809138 0.29489604 0.06060997
v -0.01913674 0.29626673 0.06080605
v -0.02060883 0.29763758 0.06111851
v -0.02364452 0.29877180 0.06153204
v -0.02292771 0.29897386 0.06194163
v -0.02638693 0.30044186 0.06296714
v -0.02650402 0.29985493 0.06258746
v -0.03388740 0.30047682 0.06237400
v -0.03397811 0.30125567 0.06281779
v -0.02587457 0.30108809 0.06238130
v -0.02235438 0.29928115 0.06143614
v -0.02528888 0.30170947 0.06170426
v -0.02212703 0.30005884 0.06110756
v -0.03367054 0.30293021 0.06170807
v -0.03395133 0.30220115 0.06237728
v -0.02156934 0.29319721 0.06085138
v -0.01936893 0.29344553 0.06070591
v -0.02207073 0.29354268 0.06063272
v -0.01966370 0.29374236 0.06039312
v -0.02321382 0.29385617 0.05958335
v -0.01892546 0.29410452 0.06025235
v -0.01822325 0.29388931 0.06051826
v -0.02404563 0.29396504 0.05910927
v -0.01845505 0.29623678 0.06051086
v -0.01723477 0.29467401 0.06059044
v -0.01734184 0.29650593 0.05975068
v -0.01652836 0.29477340 0.06014476
v -0.01947694 0.29860696 0.06020657
v -0.01992614 0.29779688 0.06052870
v -0.01728698 0.29367128 0.06047656
v -0.01787275 0.29325798 0.06059800
v -0.01663375 0.29356021 0.06040548
v -0.01724113 0.29300457 0.06053052
v -0.02434909 0.29044488 0.06222470
v -0.02415602 0.28969693 0.06225825
v -0.02104634 0.29171902 0.06150685
v -0.02051249 0.29120103 0.06141506
v -0.03271799 0.28698888 0.06180589
v -0.03583928 0.28709134 0.06070591
v -0.03242263 0.28579795 0.06187013
v -0.03579762 0.28579518 0.06077702
v -0.02743207 0.28625217 0.06254889
v -0.02786963 0.28726789 0.06239920
v -0.03630243 0.15704745 0.02225622
v -0.04631319 0.28843451 0.05313085
v -0.04751527 0.28718960 0.05261218
v -0.04581954 0.28661317 0.05446162
v -0.04483043 0.28806418 0.05465825
v -0.04317323 0.28776145 0.05628178
v -0.04371062 0.28626326 0.05629890
v -0.04133036 0.28602037 0.05805834
v -0.04107191 0.28745511 0.05796723
v -0.03905144 0.28726014 0.05928539
v -0.03895196 0.28577542 0.05945472
v -0.04928131 0.29147187 0.04966545
v -0.05048886 0.29450449 0.04927343
v -0.05107740 0.29078624 0.04809036
v -0.05264739 0.29420871 0.04705035
v -0.01580791 0.29727432 0.05975968
v -0.01542663 0.29500282 0.05970909
v -0.01421756 0.29784912 0.06059129
v -0.01398175 0.29526269 0.06033518
v -0.01542548 0.30077389 0.06142943
v -0.01724460 0.29990280 0.06045976
v -0.01579462 0.29338971 0.06023327
v -0.01653513 0.29264292 0.06046542
v -0.01452087 0.29326648 0.06037590
v -0.01556604 0.29194146 0.06060112
v -0.02370665 0.28885293 0.06227221
v -0.02321899 0.28790173 0.06231017
v -0.01995966 0.29056659 0.06143615
v -0.01911926 0.28966564 0.06149304
v -0.05025460 0.25244749 -0.08958153
v -0.05255273 0.29382229 -0.10381466
v -0.04647577 0.30755633 0.05866272
v -0.04442394 0.30461910 0.05994290
v -0.04077712 0.30578926 0.06227074
v -0.04248187 0.30950761 0.06157417
v -0.04913538 0.31144691 0.05630068
v -0.05152824 0.30776456 0.05386377
v -0.04916276 0.30506670 0.05602456
v -0.04709342 0.30283943 0.05763879
v -0.05106402 0.29732937 0.05013450
v -0.04929443 0.29733759 0.05198435
v -0.04925632 0.29909816 0.05334637
v -0.05105031 0.29973477 0.05184665
v -0.05335206 0.29736915 0.04807252
v -0.05349471 0.30060047 0.04979732
v -0.05040460 0.30217162 0.05401187
v -0.04841815 0.30080748 0.05538984
v -0.05289809 0.30382681 0.05199818
v -0.02307931 0.30520472 0.06373604
v -0.02391012 0.30354047 0.06271108
v -0.02074600 0.30177391 0.06153737
v -0.01933302 0.30254099 0.06179909
v -0.02179459 0.30702275 0.06452835
v -0.01722564 0.30368665 0.06255452
v -0.03580512 0.31009108 0.06451677
v -0.03511131 0.30664000 0.06402183
v -0.02494914 0.30206218 0.06136402
v -0.02283991 0.30099821 0.06114450
v -0.02477688 0.30221605 0.06133549
v -0.02219534 0.30082375 0.06094089
v -0.05560702 0.35863385 -0.08644807
v -0.05819366 0.36529601 -0.07425103
v -0.04278171 0.37748054 -0.08234743
v -0.04146998 0.36874384 -0.09428657
v -0.04087884 0.30126035 0.05923126
v -0.04142844 0.30156705 0.05957121
v -0.04398120 0.30023479 0.05812186
v -0.04344084 0.29990259 0.05795248
v -0.04529162 0.29874605 0.05646213
v -0.04591545 0.29911467 0.05646076
v -0.04708270 0.29804403 0.05469690
v -0.04654150 0.29780185 0.05497824
v -0.04716589 0.29705292 0.05378178
v -0.04776152 0.29699892 0.05327185
v -0.02249156 0.30164376 0.06138729
v -0.02466621 0.30248639 0.06176715
v -0.05014814 0.32432181 -0.10691161
v -0.04460208 0.34660009 0.04541849
v -0.05145456 0.34279007 0.03935770
v -0.04925411 0.33653748 0.04514688
v -0.04255048 0.30233952 0.06025784
v -0.04517108 0.30105948 0.05829884
v -0.04691822 0.29980177 0.05618934
v -0.04790050 0.29861781 0.05429864
v -0.04836933 0.29767844 0.05314460
v -0.07067873 0.25731555 -0.00994893
v -0.07076462 0.25725150 -0.01180863
v -0.07817099 0.26642868 -0.03778753
v -0.07659677 0.27299505 -0.03679141
v -0.07561743 0.27653491 -0.03570632
v -0.07614059 0.28596431 -0.02281423
v -0.07947668 0.28913575 -0.02578180
v -0.08059153 0.24775468 -0.03072430
v -0.07757353 0.24610807 -0.02654477
v -0.08047303 0.24868128 -0.03124050
v -0.08594799 0.28494942 -0.03673103
v -0.08619829 0.28315729 -0.03813892
v -0.08714528 0.28285387 -0.03784360
v -0.04208923 0.23376186 -0.07813814
v -0.04810652 0.24393429 -0.08536808
v -0.08646292 0.28105935 -0.03942567
v -0.07264064 0.26180661 -0.01456632
v -0.07905466 0.26582593 -0.03825033
v -0.08034617 0.26526046 -0.04016755
v -0.08093097 0.26000449 -0.04024598
v -0.08054416 0.26059484 -0.03925515
v -0.08020244 0.25480714 -0.03809382
v -0.07993932 0.25566193 -0.03748673
v -0.08188456 0.25131050 -0.03403450
v -0.08349404 0.25500184 -0.03645527
v -0.08071731 0.28955081 -0.02710846
v -0.08003446 0.28870609 -0.02577516
v -0.08169329 0.28939664 -0.02742043
v -0.07326826 0.26060760 -0.01591236
v -0.07435799 0.28399605 -0.02246335
v -0.07398930 0.28171256 -0.02139730
v -0.07358672 0.28211913 -0.02182963
v -0.06916597 0.26562625 -0.01933329
v -0.06916536 0.26649728 -0.01960431
v -0.07062629 0.26407722 -0.01913886
v -0.07327166 0.26261431 -0.01773284
v -0.06685854 0.25482190 -0.01775127
v -0.06624841 0.25354257 -0.01956615
v -0.06681987 0.25256711 -0.01880565
v -0.08359750 0.29551652 -0.03147430
v -0.07424060 0.28073752 -0.02108803
v -0.07557826 0.28187871 -0.02127668
v -0.07594591 0.28310266 -0.02155626
v -0.08256882 0.28889227 -0.02771531
v -0.07620431 0.28410295 -0.02186213
v -0.07529111 0.28398463 -0.02185271
v -0.07689356 0.28573334 -0.02272679
v -0.07467548 0.28399092 -0.02209876
v -0.07281967 0.25807452 -0.03202258
v -0.07142707 0.25795549 -0.02985943
v -0.07287791 0.27834773 -0.01160898
v -0.07297748 0.27594161 -0.01383144
v -0.07681446 0.24558948 -0.02419510
v -0.07558922 0.28358987 -0.03209934
v -0.07595145 0.28636804 -0.03341951
v -0.08477037 0.25966442 -0.03837339
v -0.07889773 0.25444806 -0.02753510
v -0.07682104 0.25388381 -0.02565944
v -0.08082274 0.25548038 -0.02945540
v -0.08228463 0.25808740 -0.03141666
v -0.07015467 0.27434066 -0.02566900
v -0.08102521 0.27857167 -0.03081421
v -0.08137058 0.27624279 -0.03209292
v -0.07958814 0.27874693 -0.02918753
v -0.07688849 0.28991163 -0.03163515
v -0.07659422 0.29003397 -0.02942653
v -0.07620695 0.28503320 -0.03010136
v -0.07607678 0.28827783 -0.02887013
v -0.06869474 0.25837129 -0.01808373
v -0.06840751 0.25210750 -0.02112418
v -0.06810044 0.25401080 -0.02219235
v -0.06949250 0.25209412 -0.02206712
v -0.06950881 0.25299552 -0.02361016
v -0.06988116 0.25441259 -0.02534352
v -0.07028738 0.25624678 -0.02682795
v -0.07039922 0.25877890 -0.02743351
v -0.06804056 0.26252481 -0.01892922
v -0.07656024 0.29032370 -0.01946690
v -0.06756885 0.26067558 -0.01867135
v -0.06952015 0.26421428 -0.01910032
v -0.06970242 0.26240951 -0.01867734
v -0.06938863 0.26045224 -0.01820340
v -0.07413590 0.25126094 -0.01929191
v -0.07482690 0.25288191 -0.02169104
v -0.07288733 0.25196350 -0.01854369
v -0.07551827 0.25333190 -0.02385224
v -0.07180522 0.25220990 -0.01810921
v -0.07595511 0.28488368 -0.03085165
v -0.07617553 0.28805891 -0.03077992
v -0.07140489 0.26090103 -0.00810853
v -0.06546994 0.27089712 0.04010401
v -0.06653169 0.28003767 0.03408331
v -0.02703709 0.22466223 0.06056360
v -0.02640154 0.22154151 0.06113536
v -0.05821413 0.26101285 0.05405600
v -0.05377071 0.25894010 0.05945830
v -0.02579572 0.23037748 0.07211416
v -0.02491767 0.22975074 0.07241742
v -0.02401149 0.23042066 0.07264090
v -0.02487808 0.23065950 0.07217596
v -0.02274742 0.23102319 0.07095732
v -0.02360137 0.23084225 0.07014385
v -0.02375991 0.23087549 0.07106576
v -0.02297056 0.23104599 0.07183819
v -0.02952345 0.24534211 0.07328967
v -0.03345049 0.24908882 0.07288807
v -0.03651266 0.24470438 0.07172765
v -0.03260786 0.24155954 0.07260303
v -0.02548251 0.22940679 0.06273255
v -0.02521085 0.23100629 0.06308604
v -0.02410243 0.23096214 0.06701321
v -0.02440468 0.23034158 0.06666970
v -0.02534512 0.22689149 0.06299394
v -0.02429673 0.22910118 0.06635661
v -0.02709156 0.22857967 0.06027548
v -0.02654120 0.23110361 0.06048778
v -0.03530927 0.22357741 0.06924033
v -0.03139552 0.22594987 0.07033635
v -0.03239058 0.22900023 0.07051541
v -0.03628541 0.22816834 0.06928258
v -0.02620610 0.25651169 0.07307683
v -0.03010575 0.25276712 0.07318357
v -0.02675616 0.24894050 0.07345705
v -0.02290789 0.25315005 0.07310774
v -0.01897601 0.25794530 0.07335534
v -0.02211469 0.26045898 0.07278597
v -0.01724917 0.26529434 0.07615016
v -0.01765550 0.26172727 0.07714362
v -0.01695089 0.26090586 0.08008226
v -0.01732637 0.26290214 0.07905902
v -0.01528251 0.25712052 0.07857358
v -0.01771162 0.25954029 0.07574080
v -0.01127185 0.25631794 0.07894688
v -0.01102054 0.25699726 0.07966981
v -0.01542120 0.25657770 0.07745467
v -0.01570130 0.25585374 0.07589471
v -0.01163044 0.25561842 0.07809497
v -0.01037307 0.25802884 0.08025473
v -0.01319924 0.25778645 0.08046059
v -0.01474382 0.25961387 0.08189326
v -0.00417357 0.25896510 0.08834918
v -0.00532025 0.26021522 0.09019634
v -0.00910560 0.28727686 0.07345787
v -0.01207364 0.28402674 0.07113447
v -0.00911578 0.28491873 0.07566873
v -0.01201057 0.28192422 0.07320953
v -0.01394555 0.26186472 0.08535889
v -0.01524250 0.26343438 0.08395263
v -0.01149633 0.26319706 0.08887120
v -0.01238946 0.26551095 0.08837924
v -0.00362291 0.30197328 0.07172275
v -0.00200739 0.25559750 0.08447523
v -0.00224710 0.25480866 0.08413243
v -0.00169665 0.25671980 0.08625420
v -0.02170105 0.36053616 -0.11382877
v -0.02234231 0.37462032 -0.10320626
v -0.02180579 0.39091197 -0.07999918
v -0.01950755 0.39548552 -0.06729609
v -0.00565799 0.23914525 0.08661810
v -0.00526301 0.24168663 0.08641553
v -0.01332611 0.23476727 0.07058592
v -0.00761666 0.23495553 0.07225903
v -0.00721155 0.23315443 0.07688946
v -0.01268049 0.23307718 0.07547782
v -0.01683272 0.23290582 0.07323634
v -0.01784721 0.23430508 0.06840488
v -0.01372941 0.23609222 0.06787500
v -0.00773406 0.23625083 0.06950223
v -0.01213826 0.23213269 0.07992727
v -0.00678055 0.23239830 0.08212528
v -0.00658364 0.23411728 0.08465654
v -0.01212778 0.23357826 0.08200712
v -0.01861022 0.25132796 0.07488977
v -0.01427217 0.25217816 0.07696652
v -0.00986009 0.25251755 0.08006338
v -0.00647621 0.25251338 0.08241588
v -0.00583030 0.25455457 0.08251522
v -0.00841844 0.25506958 0.08048338
v -0.00560931 0.25541627 0.08275533
v -0.00817491 0.25586277 0.08090588
v -0.00811556 0.25672942 0.08128353
v -0.00853689 0.25806081 0.08137318
v -0.00662449 0.25799358 0.08258443
v -0.00706071 0.25914660 0.08210946
v -0.00558623 0.25632676 0.08289273
v -0.00393964 0.28018788 0.08723279
v -0.00367410 0.28339243 0.08435243
v -0.00992316 0.24304239 0.08417091
v -0.00502541 0.24365713 0.08559333
v -0.00425989 0.24732935 0.08443512
v -0.00868364 0.24724112 0.08308448
v -0.01336280 0.24633835 0.08084737
v -0.01506627 0.24118212 0.08167794
v -0.00256275 0.25400677 0.08389170
v -0.01030535 0.24093537 0.08461237
v -0.01070822 0.23849815 0.08463636
v -0.01560950 0.23892656 0.08196756
v -0.01592338 0.23675671 0.08174476
v -0.01992567 0.23851708 0.07852045
v -0.01887020 0.24419807 0.07811671
v -0.02479026 0.24192567 0.07491714
v -0.02403470 0.23570947 0.07546227
v -0.03220713 0.23218310 0.07106557
v -0.02720930 0.23000433 0.07188205
v -0.02732000 0.23135141 0.07218502
v -0.02698275 0.23256968 0.07291311
v -0.03124821 0.23528871 0.07200213
v -0.03597264 0.23280060 0.06996110
v -0.03474665 0.23735167 0.07113176
v -0.02909771 0.23836984 0.07329011
v -0.02610353 0.23391476 0.07379193
v -0.02592814 0.23112389 0.07243277
v -0.02498437 0.23098059 0.07236923
v -0.02564703 0.23183680 0.07307933
v -0.02470455 0.23130226 0.07289910
v -0.02504195 0.23251730 0.07397193
v -0.02419518 0.23162666 0.07360990
v -0.02317324 0.23228046 0.07476984
v -0.02371563 0.23367560 0.07532883
v -0.02286607 0.23095901 0.07082482
v -0.02186582 0.23103827 0.07180649
v -0.02193827 0.23101501 0.07302564
v -0.02289481 0.23089878 0.07197002
v -0.02354029 0.23087069 0.07021928
v -0.02344465 0.23086908 0.07141541
v -0.02352815 0.23147340 0.06772308
v -0.02254731 0.23169217 0.06843969
v -0.02410858 0.23076217 0.06957822
v -0.02409334 0.23081464 0.07061882
v -0.02407433 0.23091277 0.07205363
v -0.02394293 0.23100194 0.07230964
v -0.02341850 0.23112352 0.07290761
v -0.02249035 0.23138028 0.07389526
v -0.01606933 0.23476070 0.08089565
v -0.01973362 0.23464787 0.07849012
v -0.01954095 0.23301466 0.07735060
v -0.01604194 0.23270510 0.07913692
v -0.01921061 0.23184915 0.07597192
v -0.01848110 0.23539019 0.06596804
v -0.01583457 0.23178396 0.07745168
v -0.02161837 0.23324744 0.06599586
v -0.02266128 0.23425718 0.06349203
v -0.02049563 0.23219414 0.07029130
v -0.02457735 0.23209360 0.06396593
v -0.02358451 0.23224656 0.06442478
v -0.02562428 0.23289616 0.06145116
v -0.02439115 0.23343043 0.06231737
v -0.01917029 0.23127414 0.07427207
v -0.01995642 0.23639832 0.07876540
v -0.01131093 0.23606676 0.08370390
v -0.00604139 0.23672406 0.08583220
v -0.00473187 0.27337411 0.09372344
v -0.00435693 0.27703178 0.09035853
v -0.02337786 0.23090409 0.07260866
v -0.01137404 0.14972982 0.03287359
v -0.02634854 0.22891113 0.07201150
v -0.02478078 0.22455300 0.06317147
v -0.02347814 0.22817968 0.06685535
v -0.03210042 0.21928695 0.06985939
v -0.02739069 0.21560504 0.07257847
v -0.02501902 0.21984211 0.07385157
v -0.02883609 0.22274740 0.07105917
v -0.02195974 0.22609180 0.07562459
v -0.02470872 0.22763744 0.07323539
v -0.02349500 0.22903641 0.07390297
v -0.02091176 0.22825348 0.07623623
v -0.02013927 0.22990425 0.07662521
v -0.02259148 0.23018907 0.07404397
v -0.01842028 0.23177937 0.07524431
v -0.01389102 0.23238930 0.07828469
v -0.01342763 0.22862478 0.07341218
v -0.01825692 0.22801313 0.07085058
v -0.02233697 0.22795238 0.06818415
v -0.02175507 0.23130390 0.07199196
v -0.01899399 0.23184423 0.07605874
v -0.02190879 0.23133899 0.07299680
v -0.01439422 0.23251700 0.07944373
v -0.02335511 0.15245363 0.02869777
v -0.02215944 0.23103708 0.07379317
v -0.01939516 0.23133124 0.07636796
v -0.01502342 0.23163094 0.08008276
v -0.01591328 0.22967310 0.08058510
v -0.01665431 0.22743659 0.08068869
v -0.01743439 0.22462197 0.08004880
v -0.01971965 0.21718116 0.07826375
v -0.02128449 0.21192595 0.07758871
v -0.01355527 0.21569459 0.08189339
v -0.01469741 0.21045470 0.08204583
v -0.01224891 0.22350119 0.08393399
v -0.01186891 0.22699353 0.08494861
v -0.01119960 0.22963522 0.08443873
v -0.01060545 0.23184344 0.08349817
v -0.00311832 0.25228697 0.08366115
v -0.00537593 0.25797823 0.08382726
v -0.00427544 0.25822672 0.08600368
v -0.00752794 0.26160884 0.09096247
v -0.00164246 0.25758535 0.08837597
v -0.00998194 0.26307794 0.09044912
v -0.00835761 0.26260769 0.09182577
v -0.00893491 0.26407945 0.09262906
v -0.01009628 0.26464191 0.09145778
v -0.00691912 0.26208586 0.09300071
v -0.00806377 0.26392025 0.09349672
v -0.00286290 0.26129493 0.09468906
v -0.00366248 0.26462123 0.09630986
v -0.00456180 0.26994619 0.09580716
v -0.00402243 0.26669195 0.09662362
v -0.00933387 0.26572290 0.09293679
v -0.01071466 0.26742163 0.09124339
v -0.01093182 0.27031228 0.08910669
v -0.01302718 0.26800218 0.08598845
v -0.01030745 0.40068641 -0.02313830
v -0.00994639 0.23298551 0.08259675
v -0.00901995 0.23287433 0.08073052
v -0.01329307 0.21764949 0.06700040
v -0.01331872 0.22256829 0.06918027
v -0.00838404 0.22263153 0.07086132
v -0.00832838 0.21794181 0.06879902
v -0.00498971 0.23295116 0.08169607
v -0.00474275 0.22910070 0.07631391
v -0.00859328 0.22901112 0.07542390
v -0.00525072 0.23323070 0.08399520
v -0.00572267 0.23201750 0.08527210
v -0.00623846 0.22969073 0.08649754
v -0.00454431 0.22257248 0.07174104
v -0.00456649 0.21783935 0.06970999
v -0.02315026 0.22318219 0.06436823
v -0.02377042 0.21914573 0.06253561
v -0.01841213 0.22233957 0.06704350
v -0.01880503 0.21807270 0.06503499
v -0.00799066 0.21029213 0.08517653
v -0.00719070 0.21534827 0.08433827
v -0.00654186 0.22647762 0.08691093
v -0.00666637 0.22255638 0.08592999
v -0.02235872 0.38404351 -0.09229857
v -0.06260888 0.34797102 0.01690671
v -0.06094204 0.34139374 0.02493385
v -0.05432277 0.34921330 0.03105860
v -0.05605823 0.35453123 0.02379557
v -0.06299510 0.35526353 0.00861582
v -0.05650477 0.36074084 0.01613880
v -0.03880514 0.39068648 -0.04194812
v -0.03927958 0.39035729 -0.02771969
v -0.02124037 0.39808026 -0.02429424
v -0.03426526 0.39160046 -0.05624624
v -0.04620121 0.38248268 -0.06500789
v -0.04785050 0.38458198 -0.04532470
v -0.04768093 0.38465148 -0.03009904
v -0.02612218 0.19282059 -0.07595836
v -0.05213931 0.30661568 -0.10588536
v -0.04638211 0.38412353 -0.01641189
v -0.03869415 0.38907880 -0.01394731
v -0.03846242 0.38680819 -0.00143676
v -0.04530942 0.38258544 -0.00468668
v -0.02122429 0.39633271 -0.00967654
v -0.01031050 0.39867705 -0.00795421
v -0.01930125 0.26801032 -0.11682379
v -0.00355766 0.28646034 0.08155456
v -0.04764639 0.22131860 -0.06081625
v -0.05783772 0.22035833 -0.04238494
v -0.06021117 0.17522734 -0.01583621
v -0.06888861 0.24243975 -0.02458454
v -0.06857988 0.24292220 -0.02553374
v -0.06146152 0.20686431 -0.02219690
v -0.06254181 0.21942411 -0.02365869
v -0.03778436 0.22193345 -0.07213037
v -0.07758158 0.25398418 -0.03619921
v -0.07820694 0.25787696 -0.03741210
v -0.07852217 0.25312799 -0.03589451
v -0.07924180 0.25724488 -0.03741752
v -0.07925989 0.26162067 -0.03818744
v -0.07887868 0.25134817 -0.03513947
v -0.07678390 0.29022160 -0.02695630
v -0.07790291 0.29186714 -0.02629754
v -0.06866368 0.24109477 -0.01984795
v -0.06844000 0.24174318 -0.02162422
v -0.06809221 0.24143848 -0.02054378
v -0.06794361 0.24097702 -0.01919080
v -0.06857544 0.24015947 -0.01821698
v -0.06799681 0.24037321 -0.01795095
v -0.07904100 0.30615690 -0.02084376
v -0.06688835 0.24103460 -0.02130013
v -0.06805943 0.24265753 -0.02464708
v -0.06807400 0.24212922 -0.02300734
v -0.06760819 0.24157701 -0.02129089
v -0.06759160 0.24057765 -0.01900462
v -0.06778650 0.23973820 -0.01714316
v -0.06839769 0.23895547 -0.01702775
v -0.07893093 0.25025830 -0.03559183
v -0.07248376 0.23965277 -0.02318584
v -0.07710884 0.28231710 -0.03299776
v -0.07701931 0.28051615 -0.03435100
v -0.07902751 0.28215227 -0.03609311
v -0.07894643 0.28442568 -0.03477407
v -0.06003977 0.25481266 -0.07680366
v -0.06144305 0.26548615 -0.08194928
v -0.01278206 0.19389723 -0.08075453
v -0.01293879 0.20374173 -0.08184476
v -0.07471772 0.29990399 -0.06771839
v -0.07704470 0.28402922 -0.03154314
v -0.07900887 0.28626049 -0.03328582
v -0.07844020 0.26216877 -0.03801040
v -0.07626163 0.28337389 -0.03132351
v -0.07636933 0.28167117 -0.03271456
v -0.07980163 0.28796476 -0.03499645
v -0.07984335 0.28573564 -0.03666741
v -0.07976123 0.28324899 -0.03812181
v -0.07637488 0.27978978 -0.03406971
v -0.07690692 0.28838223 -0.03343804
v -0.07874986 0.33156618 -0.04533334
v -0.07734004 0.32475480 -0.05888665
v -0.07435638 0.34792882 -0.04960946
v -0.07295466 0.34206921 -0.06429338
v -0.06848823 0.33517051 -0.07989021
v -0.07268240 0.31651506 -0.07439248
v -0.07650207 0.28995681 -0.02812968
v -0.07848683 0.29283038 -0.02684808
v -0.06271532 0.36079818 0.00058529
v -0.06779935 0.35536411 -0.00621167
v -0.05623720 0.36596701 0.00889483
v -0.05545444 0.37051037 0.00200901
v -0.06131893 0.36612701 -0.00662469
v -0.06866843 0.35883114 -0.01807771
v -0.08015063 0.32379332 -0.03033922
v -0.07794130 0.33788070 -0.03172468
v -0.07531279 0.34264243 -0.01862172
v -0.07274074 0.35357887 -0.03471398
v -0.06379416 0.36744541 -0.02489300
v -0.06748361 0.36325920 -0.03897151
v -0.05698391 0.37594655 -0.02920136
v -0.05922524 0.37368229 -0.04356344
v -0.05915817 0.37092164 -0.05941617
v -0.06897125 0.35886744 -0.05377949
v -0.05904026 0.37114605 -0.01299472
v -0.05342861 0.37475479 -0.00355699
v -0.05407752 0.37739107 -0.01673066
v -0.05104338 0.37843144 -0.00822688
v -0.07326782 0.34468919 -0.01171613
v -0.06689267 0.23472445 -0.01560645
v -0.06866942 0.23451500 -0.01106044
v -0.07078875 0.24641451 -0.00462469
v -0.06908843 0.27293614 0.02794277
v -0.06916903 0.28531408 0.02492846
v -0.07204100 0.27701426 0.01510847
v -0.07111979 0.26213908 0.01745698
v -0.06794229 0.29876921 0.02261730
v -0.07172554 0.29105318 0.01313633
v -0.07056106 0.30533302 0.00979581
v -0.06675414 0.31347930 0.02079396
v -0.06021934 0.32877898 -0.09515729
v -0.06312311 0.31180996 -0.09268624
v -0.06400074 0.29917061 -0.09015651
v -0.04767058 0.33085144 0.04946715
v -0.02132498 0.34970635 -0.11923796
v -0.04710469 0.35386133 0.03786902
v -0.05196744 0.35026616 -0.09679766
v -0.03967070 0.35652700 -0.10479216
v -0.06778249 0.35337591 -0.06823710
v -0.06431090 0.34732154 -0.08123832
v -0.05675126 0.34012181 -0.09608628
v -0.06309468 0.28310755 -0.08722979
v -0.04627218 0.37933922 0.00305016
v -0.05597878 0.29729736 0.04506384
v -0.05524917 0.29280847 0.04441665
v -0.05604538 0.30212542 0.04633375
v -0.05373855 0.28823823 0.04635732
v -0.01578458 0.28123596 0.06940720
v -0.01531386 0.27916786 0.07113396
v -0.01501359 0.27682129 0.07323127
v -0.01883685 0.27669621 0.06962265
v -0.01826242 0.27383661 0.07156026
v -0.01156178 0.27717674 0.07764882
v -0.01189028 0.27963516 0.07541003
v -0.01434615 0.27441636 0.07500301
v -0.01385508 0.27143893 0.07681504
v -0.01147907 0.27431354 0.07999811
v -0.01842114 0.25938573 0.07415289
v -0.01960832 0.26390675 0.07299995
v -0.01680280 0.26800895 0.07418110
v -0.02227484 0.27114865 0.07101702
v -0.02114550 0.26784942 0.07229950
v -0.01750567 0.27122298 0.07298043
v -0.02332045 0.27439031 0.06895064
v -0.01493889 0.26815739 0.07922252
v -0.01584401 0.26514286 0.08188675
v -0.01224160 0.27112526 0.08300398
v -0.01040078 0.27336508 0.08585426
v -0.00967194 0.27672285 0.08280081
v -0.01948261 0.27892333 0.06804054
v -0.02435529 0.27689290 0.06746054
v -0.02484108 0.26443517 0.07253619
v -0.02950147 0.26108724 0.07275904
v -0.02702631 0.26873681 0.07089014
v -0.03147253 0.26602668 0.07108226
v -0.02805183 0.27226499 0.06889097
v -0.03273442 0.26985911 0.06899421
v -0.03378708 0.25743294 0.07277495
v -0.03742862 0.25338021 0.07203650
v -0.04079329 0.24837095 0.07051449
v -0.04036577 0.25837955 0.07028929
v -0.04425450 0.25284824 0.06868933
v -0.04219488 0.26334029 0.06801444
v -0.04670615 0.25824818 0.06629447
v -0.03628896 0.26254824 0.07100693
v -0.03783928 0.26682690 0.06875739
v -0.03371972 0.27352723 0.06678611
v -0.02910260 0.27536345 0.06702346
v -0.04283797 0.27436209 0.06340957
v -0.04294785 0.26891863 0.06568833
v -0.03845644 0.27139255 0.06640180
v -0.03867519 0.27579114 0.06418354
v -0.04795524 0.26493597 0.06365376
v -0.04734235 0.27252293 0.06174478
v -0.04626838 0.27740437 0.05991472
v -0.03181857 0.28390715 0.06264430
v -0.02692059 0.28456882 0.06324790
v -0.03542033 0.28363356 0.06169956
v -0.04221689 0.27822673 0.06151640
v -0.03869910 0.27896866 0.06265707
v -0.04967510 0.28422779 0.05278043
v -0.04741020 0.28361499 0.05510054
v -0.04170172 0.28336665 0.05918787
v -0.03880462 0.28346086 0.06058481
v -0.04473647 0.28344741 0.05728981
v -0.02235476 0.28613815 0.06299609
v -0.01772545 0.28799692 0.06268549
v -0.05680463 0.20892186 -0.03902287
v -0.00938861 0.27976412 0.08041757
v -0.00921473 0.28248513 0.07799946
v -0.01452136 0.30417117 0.06413599
v -0.01283536 0.30112913 0.06321924
v -0.00678809 0.30176449 0.06930254
v -0.01849241 0.30824345 0.06637982
v -0.01437609 0.29034653 0.06251784
v -0.01250162 0.29265577 0.06239064
v -0.01185059 0.29501644 0.06247420
v -0.01175081 0.29804444 0.06278163
v -0.02928805 0.32256660 0.06636764
v -0.02596440 0.31632051 0.06844179
v -0.05768599 0.33511239 0.03385492
v -0.06129866 0.32653800 0.03086172
v -0.05034186 0.31666499 0.05312519
v -0.05343908 0.31227601 0.05051177
v -0.05535354 0.30721322 0.04816561
v -0.06336277 0.31493521 0.02900857
v -0.06493647 0.30240560 0.02948045
v -0.06599270 0.29073304 0.03093293
v -0.04862640 0.36569750 0.02410225
v -0.04820444 0.37088203 0.01724802
v -0.04825703 0.35989320 0.03096453
v -0.03859535 0.38356090 0.00819780
v -0.03902040 0.37975681 0.01669527
v -0.04740881 0.37543836 0.01024342
v -0.03983375 0.37511009 0.02406928
v -0.04039340 0.36976510 0.03070740
v -0.03989617 0.36385205 0.03756649
v -0.03889314 0.35741392 0.04432085
v -0.03679547 0.34930643 0.05113705
v -0.04615473 0.20980048 -0.05730078
v -0.00757431 0.27005365 0.07856867
v -0.00688296 0.27026278 0.07931300
v -0.00648699 0.26963609 0.07795841
v -0.00578640 0.26982373 0.07869200
v -0.00570940 0.26843292 0.07810096
v -0.00673778 0.26106140 0.08110277
v -0.00524814 0.26291826 0.07965087
v -0.00501166 0.26641533 0.07833980
v -0.07039821 0.23952608 -0.00601928
v -0.05810628 0.18006547 -0.03160024
v -0.05344028 0.18372574 -0.04576879
v 0.05810236 0.18007053 -0.03160721
v 0.05343586 0.18373054 -0.04577552
v 0.02339829 0.14846054 0.02740014
v 0.03615773 0.15211084 0.02161801
v 0.03684954 0.14594765 0.02109124
v 0.02397957 0.14276999 0.02678257
v 0.06237959 0.16693249 -0.03416855
v 0.05913790 0.17265382 -0.03170403
v 0.05531577 0.17719686 -0.04706004
v 0.05968595 0.17209220 -0.05095872
v 0.04863210 0.18033855 -0.06038883
v 0.05314950 0.17430994 -0.06567394
v 0.04193600 0.17493588 -0.07674194
v 0.03849206 0.18210755 -0.07042561
v 0.02618490 0.18377732 -0.07806400
v 0.02820491 0.17584337 -0.08437193
v 0.04805943 0.15718742 0.01246122
v 0.05683239 0.16290349 -0.00003224
v 0.05806713 0.15580684 -0.00081518
v 0.04894076 0.15030561 0.01179786
v 0.06052544 0.16798018 -0.01562942
v 0.06200228 0.16129525 -0.01687131
v 0.01409114 0.17619658 -0.08891120
v 0.01290430 0.18417928 -0.08223486
v 0.02566697 0.12796843 0.02746107
v 0.01227354 0.12538509 0.03029656
v 0.01215279 0.13357359 0.02891316
v 0.02514987 0.13555855 0.02644259
v 0.05852239 0.13053386 0.01004909
v 0.07430767 0.13988878 -0.00306042
v 0.08118726 0.13284709 0.00117865
v 0.06432690 0.12241656 0.01469797
v 0.07580198 0.10032327 0.03679182
v 0.10052343 0.11190851 0.02062199
v 0.09820969 0.09000395 0.04477564
v 0.07779527 0.08258414 0.05284563
v 0.09665445 0.07144198 0.06436232
v 0.07846655 0.06502472 0.06941410
v 0.09422819 0.02090877 0.11399706
v 0.07578593 0.01985603 0.11902833
v 0.07631905 0.03505834 0.10328536
v 0.09459855 0.03676931 0.09807569
v 0.11635981 -0.07672956 0.16243219
v 0.09971196 -0.07043369 0.16897450
v 0.10826135 -0.05421673 0.16842860
v 0.12295918 -0.05739163 0.16307823
v 0.16254938 0.04527111 0.06426439
v 0.16219513 0.06396167 0.05330525
v 0.17584567 0.05131291 0.05315453
v 0.17460121 0.03254421 0.06164777
v 0.11635837 0.14759682 -0.03483164
v 0.11070272 0.13368849 -0.00828747
v 0.10004792 0.13751356 -0.01396977
v 0.10505719 0.15043449 -0.03798993
v 0.17622229 -0.04758636 0.09646344
v 0.17275406 -0.06018909 0.10807043
v 0.16717175 -0.04901479 0.11740796
v 0.16887709 -0.03681545 0.10742011
v 0.14313823 -0.13926271 0.09491128
v 0.12632793 -0.13915089 0.11843871
v 0.12221671 -0.12331443 0.11225033
v 0.13785778 -0.12340107 0.09058663
v 0.17341052 -0.11230890 0.00884310
v 0.17040010 -0.11249091 -0.02335539
v 0.17044856 -0.12265778 -0.02607012
v 0.17226669 -0.12205346 0.00604484
v 0.12562265 0.02039282 0.10156174
v 0.11094219 0.02104565 0.10791498
v 0.11146622 0.03759739 0.09244885
v 0.12633374 0.03777076 0.08691937
v 0.35602799 0.06309078 -0.00236571
v 0.35826215 0.04311411 -0.00078105
v 0.33490008 0.04745234 0.00428778
v 0.33255315 0.06781253 0.00205814
v 0.18770815 -0.20040902 0.02977736
v 0.18767047 -0.19663826 -0.00530147
v 0.18500954 -0.21288610 0.00059332
v 0.18470486 -0.21724366 0.03413001
v 0.20437862 0.10930346 0.01561466
v 0.20414859 0.12880738 -0.00854788
v 0.21843398 0.12465976 -0.00728558
v 0.22130850 0.10495390 0.01520787
v 0.15979144 0.01190156 0.08244381
v 0.16132984 0.02806688 0.07385181
v 0.17179319 0.01705259 0.06851269
v 0.16916759 0.00333969 0.07534525
v 0.18784398 -0.08956350 -0.03029050
v 0.19072638 -0.08814049 -0.00008755
v 0.19339679 -0.07192861 -0.00731761
v 0.19139948 -0.07343925 -0.03513920
v 0.18447097 -0.10248880 0.00602038
v 0.18080930 -0.10353666 -0.02580089
v 0.14961514 0.01658341 0.08853002
v 0.13835205 0.01892274 0.09510966
v 0.13914376 0.03729933 0.08179449
v 0.15006697 0.03562886 0.07728030
v 0.10956907 -0.09289217 0.15290692
v 0.08977690 -0.08522858 0.16234271
v 0.17733149 -0.22227003 0.06673328
v 0.16488644 -0.22711174 0.09643105
v 0.16788208 -0.20947033 0.09389123
v 0.18069366 -0.20505340 0.06366973
v 0.10081863 -0.10971604 0.12440084
v 0.10406447 -0.10322887 0.13795768
v 0.12272543 -0.10687245 0.12547526
v 0.11742111 -0.11271581 0.10899338
v 0.14866701 -0.23113798 0.12372353
v 0.12915380 -0.23583251 0.15055104
v 0.13179706 -0.21616608 0.14775185
v 0.15089580 -0.21312843 0.12103805
v 0.09533958 0.05398217 0.08197108
v 0.07759778 0.04990233 0.08696680
v 0.14605905 -0.07867540 0.14196543
v 0.13208669 -0.07869169 0.15304473
v 0.13715215 -0.05862617 0.15421782
v 0.14910014 -0.05919383 0.14357468
v 0.18497913 0.01636897 0.05420335
v 0.19191386 0.03390737 0.04658635
v 0.19762293 0.01011592 0.03399199
v 0.18932463 0.00008605 0.04010518
v 0.18336397 -0.22598490 0.00335196
v 0.18249862 -0.23146023 0.03563762
v 0.14674160 -0.24968468 0.12473072
v 0.12706187 -0.25539082 0.15124129
v 0.20978215 -0.01120215 -0.03273876
v 0.22126468 -0.00482829 -0.03690383
v 0.22233641 -0.00876287 -0.05345983
v 0.21214297 -0.01412242 -0.05061515
v 0.06161747 -0.04920741 0.16968147
v 0.07865881 -0.04092383 0.16947886
v 0.08590324 -0.05802347 0.17177472
v 0.07175110 -0.07049744 0.16896263
v 0.14299041 -0.09613931 0.12993675
v 0.13949355 -0.10759440 0.11240491
v 0.12733458 -0.09617974 0.14181077
v 0.04335719 -0.05780093 0.16579738
v 0.05539902 -0.08253399 0.15858874
v 0.05815230 0.04471039 0.09113850
v 0.05691520 0.03179772 0.10760266
v 0.05839433 0.05910180 0.07475448
v 0.03818447 0.05440278 0.07994398
v 0.03690033 0.07021151 0.06487208
v 0.05688265 0.07546388 0.05959067
v 0.03427982 0.08630964 0.05160579
v 0.05402329 0.09192499 0.04582604
v 0.04165263 0.12303562 0.02074503
v 0.04535066 0.11411955 0.02538941
v 0.18016532 0.00348528 0.06002248
v 0.17726785 -0.00832209 0.06597871
v 0.16300133 -0.24397752 0.09704050
v 0.12726903 0.07217416 -0.13515636
v 0.12364827 0.05463183 -0.14127573
v 0.14233878 0.05803807 -0.13349438
v 0.14515299 0.07494993 -0.12720121
v 0.12699111 0.14812408 -0.03323810
v 0.12423547 0.13590454 -0.00547989
v 0.18652984 -0.00841339 -0.10679050
v 0.19811496 -0.00408441 -0.10210928
v 0.19768295 0.00418505 -0.10654624
v 0.18455604 0.00117657 -0.11190853
v 0.22501096 0.00019046 -0.08863387
v 0.22402981 -0.00661589 -0.07966484
v 0.24407293 0.00019096 -0.08453640
v 0.24403171 0.00766994 -0.09417030
v 0.17769438 -0.20922881 -0.03056813
v 0.17929997 -0.19296490 -0.03851252
v 0.13860893 -0.10169615 -0.10340641
v -0.00000161 0.16773692 -0.09877228
v -0.00000220 0.17646895 -0.09052727
v 0.15198763 -0.10796708 -0.07877135
v 0.16501285 -0.09664632 -0.08153815
v 0.15269624 -0.08866563 -0.10382271
v 0.01895762 0.04673161 -0.14220108
v 0.01836194 0.03096907 -0.14429952
v 0.03886516 0.03434364 -0.14735097
v 0.03955747 0.05013713 -0.14459993
v 0.08646771 0.07894519 -0.14152609
v 0.08787037 0.09440291 -0.13510253
v 0.06237729 0.08556350 -0.13682206
v 0.06167856 0.07109345 -0.14185771
v 0.10641690 0.06772772 -0.14275637
v 0.10279728 0.04993341 -0.14765261
v 0.18643951 -0.07162771 -0.05986159
v 0.18215932 -0.08744557 -0.05783795
v 0.19428381 -0.03908361 -0.04561624
v 0.19292746 -0.03865729 -0.06510323
v 0.19148156 -0.04749280 -0.06424918
v 0.19367735 -0.04790048 -0.04312429
v 0.09545295 0.15433313 -0.04138121
v 0.09210991 0.15851340 -0.06709193
v 0.10376259 0.15514672 -0.06442006
v 0.05461681 0.13482802 -0.11391386
v 0.05487984 0.12848851 -0.11731872
v 0.06919084 0.13438630 -0.11173423
v 0.06536194 0.13965769 -0.10864599
v 0.04199371 -0.03563636 -0.15458801
v 0.01997545 -0.03516897 -0.15383479
v 0.02058960 -0.05702199 -0.15082358
v 0.04399290 -0.05887000 -0.15102960
v 0.20036370 -0.01745643 -0.08911879
v 0.19196887 -0.02376484 -0.09194050
v 0.19410297 -0.02878003 -0.08037835
v 0.20076799 -0.02263084 -0.07900207
v 0.18751599 -0.04457497 -0.08140069
v 0.19027469 -0.03593045 -0.08105170
v 0.18643659 -0.03068817 -0.09398146
v 0.18220939 -0.03902728 -0.09588656
v 0.16369820 -0.07454582 -0.10135174
v 0.17412831 -0.08191168 -0.08151891
v 0.18045524 -0.06711133 -0.08133817
v 0.17217888 -0.06053949 -0.09981254
v 0.01880693 -0.11948910 -0.13050854
v 0.03875926 -0.12147259 -0.13240501
v 0.03946038 -0.10290480 -0.13867983
v 0.01904654 -0.10207973 -0.13973461
v 0.23838255 0.01559166 -0.00742372
v 0.24030614 0.02588893 0.01098859
v 0.25469199 0.02636598 0.00623825
v 0.25622299 0.01511252 -0.01326716
v 0.26017261 0.04820118 -0.11679815
v 0.24980514 0.04235526 -0.11521430
v 0.25142908 0.03370230 -0.11304669
v 0.26167095 0.04040570 -0.11552756
v 0.27960750 0.00183215 -0.03612851
v 0.27520314 0.01109836 -0.01758834
v 0.29665089 0.00577767 -0.02176075
v 0.30060118 -0.00368584 -0.04131355
v 0.13929401 0.14652191 -0.06405241
v 0.13767989 0.14867018 -0.03240395
v 0.12897040 0.14932998 -0.06359083
v 0.28066736 -0.00601249 -0.07016014
v 0.27873409 -0.00260062 -0.08556291
v 0.26142558 -0.00239589 -0.07859977
v 0.26258284 -0.00381490 -0.06357057
v 0.33037019 0.08693712 -0.00919306
v 0.35372823 0.08205274 -0.01311098
v 0.32296437 -0.01003123 -0.06344835
v 0.32274884 -0.00613673 -0.08066009
v 0.30141968 -0.00723192 -0.07641891
v 0.30235773 -0.00820937 -0.05948176
v 0.12801415 -0.11218291 -0.10097696
v 0.14513204 -0.11750066 -0.07958794
v 0.14607629 -0.20341547 -0.08045777
v 0.16420533 -0.20584191 -0.05815236
v 0.16351888 -0.18974176 -0.06731486
v 0.14343745 -0.18729615 -0.08952598
v 0.17557235 -0.22169538 -0.02612886
v 0.14568487 -0.21647602 -0.07273767
v 0.16249511 -0.21844143 -0.05165077
v 0.07251631 0.16421548 -0.06318632
v 0.06037631 0.16367862 -0.08168161
v 0.06966393 0.15887974 -0.08537494
v 0.08164598 0.16178977 -0.06660773
v 0.21297464 -0.33396107 -0.02832741
v 0.21004136 -0.36254486 -0.03168576
v 0.21446107 -0.36511642 0.00586713
v 0.21487729 -0.33859822 0.00916411
v 0.03706923 0.14914368 -0.10869722
v 0.05433585 0.15390281 -0.09901202
v 0.04638907 0.16085444 -0.09428136
v 0.03221733 0.15764362 -0.10352933
v 0.21569648 -0.31262305 0.00829217
v 0.21387836 -0.30573094 -0.02843188
v 0.08622622 0.15723500 -0.04196414
v 0.07660000 0.15972558 -0.04039869
v 0.08353630 0.14883460 -0.02061689
v 0.07437908 0.15241890 -0.02047128
v 0.06617386 0.14467765 -0.00364988
v 0.21016890 -0.37245640 0.04096115
v 0.20887633 -0.34725842 0.04222519
v 0.05854670 0.16906266 -0.07199319
v 0.04587303 0.16864824 -0.08416697
v 0.03006998 0.16758484 -0.09409708
v 0.01397765 0.16680421 -0.09892776
v 0.18512125 -0.23471119 -0.02830522
v 0.19104892 -0.23967899 0.00304143
v 0.13722655 -0.46676731 -0.09759213
v 0.10691257 -0.46989584 -0.10661676
v 0.10366157 -0.48410237 -0.09349931
v 0.13976012 -0.48288468 -0.08500808
v 0.02953647 -0.46186382 -0.11458319
v 0.02473840 -0.47711366 -0.09450479
v 0.06455304 -0.48124608 -0.09525073
v 0.07106514 -0.46751264 -0.11139581
v 0.07383350 -0.33162692 -0.15221804
v 0.07637707 -0.30820370 -0.14836292
v 0.04103309 -0.30789566 -0.14937150
v 0.03893354 -0.33163130 -0.15240826
v 0.15514867 -0.22880509 -0.07688069
v 0.17240570 -0.23111811 -0.05506311
v 0.18859133 -0.24566600 0.03695694
v 0.21091980 -0.49934301 0.01223084
v 0.20309764 -0.53451431 0.01070020
v 0.19862871 -0.54013801 0.05315733
v 0.20410228 -0.50464034 0.05804064
v 0.16468954 -0.53011608 -0.05545878
v 0.17091292 -0.50111765 -0.05906363
v 0.13528262 -0.50351048 -0.07758806
v 0.12859179 -0.52888554 -0.07305334
v 0.10468492 -0.26072785 0.17424199
v 0.12799264 -0.27519873 0.15290862
v 0.10557236 -0.28121626 0.17677030
v 0.03057100 -0.27236187 0.21033208
v 0.05735539 -0.26917782 0.20267887
v 0.05608331 -0.29116637 0.20743689
v 0.02895075 -0.29475725 0.21481434
v 0.03517395 -0.41113719 0.18329743
v 0.01591774 -0.40960112 0.18548173
v 0.01956883 -0.39016280 0.19778062
v 0.04319416 -0.39042982 0.19513063
v 0.19621149 -0.35666674 0.07364891
v 0.17754301 -0.36673576 0.10198154
v 0.17897354 -0.34570953 0.10290949
v 0.19624338 -0.33444044 0.07338744
v 0.01969923 -0.48693973 -0.07050373
v 0.05583394 -0.49237898 -0.07563461
v 0.18049353 -0.54572123 0.09552016
v 0.18358088 -0.50945604 0.09973676
v 0.15009621 -0.55098689 0.12706992
v 0.11252324 -0.55252028 0.14154078
v 0.11581135 -0.52067792 0.14451703
v 0.15299253 -0.51643175 0.12938972
v 0.02686609 -0.47117305 0.13550492
v 0.00630697 -0.48499578 0.10896967
v 0.00924542 -0.47763920 0.11237258
v 0.02667033 -0.46192080 0.14113609
v 0.03266087 -0.44472715 -0.12851463
v 0.07061546 -0.45028371 -0.12554243
v 0.06994244 -0.43037552 -0.13675128
v 0.03389668 -0.42572299 -0.13860111
v 0.12571265 -0.21509080 -0.08871906
v 0.13437098 -0.22795729 -0.09444115
v 0.10416202 -0.21373172 -0.10002024
v 0.12489682 -0.20102420 -0.09688645
v 0.10134067 -0.19902293 -0.10726254
v 0.08827170 -0.09703637 -0.13313591
v 0.10896368 -0.10588191 -0.11916332
v 0.11994167 -0.09327023 -0.12347072
v 0.09924846 -0.08132365 -0.13814665
v 0.06008901 0.03883332 -0.14929584
v 0.06076086 0.05527778 -0.14611378
v 0.08564422 -0.52209985 -0.07906907
v 0.03908382 -0.50649196 -0.06576052
v 0.04832277 -0.54645133 -0.06685809
v 0.08889365 -0.55259603 -0.07413783
v 0.18341734 -0.56263822 -0.02681973
v 0.19151120 -0.53064406 -0.02711516
v 0.15813670 -0.55982500 -0.05325043
v 0.19631951 -0.56830168 0.00981465
v 0.19269907 -0.57439047 0.05205479
v 0.14510272 -0.58439833 0.12376574
v 0.10806374 -0.58448565 0.13665141
v 0.01312066 -0.55229276 0.10728002
v 0.03818211 -0.55365932 0.12805359
v 0.03600073 -0.57939863 0.11801242
v 0.01274438 -0.57524222 0.09512639
v 0.08401711 -0.41654453 0.16488978
v 0.12458247 -0.39664745 0.14915191
v 0.12191629 -0.41554523 0.14598194
v 0.08711120 -0.43365097 0.15514308
v 0.03610925 -0.25206941 0.20893754
v 0.05874793 -0.24821095 0.20268887
v 0.08081296 -0.26532748 0.19151863
v 0.08214640 -0.24445225 0.19198696
v 0.10656314 -0.24032182 0.17447899
v 0.06029837 -0.15506294 0.18845364
v 0.08724464 -0.15558575 0.17273340
v 0.08703950 -0.17710826 0.18345374
v 0.05973950 -0.17787358 0.19910064
v 0.06058417 -0.13225557 0.17564270
v 0.08700890 -0.13417238 0.16085058
v 0.05637597 -0.09695807 0.14547817
v 0.08171155 -0.09597528 0.14947338
v 0.08093293 -0.10399063 0.13720539
v 0.03820502 0.04036631 0.09550793
v 0.03737926 0.02784685 0.11059907
v 0.19968751 -0.37963262 0.07345559
v 0.00665694 -0.51723772 -0.03540304
v -0.00259097 -0.52841270 0.00315877
v -0.00035075 -0.55392563 -0.00917880
v 0.01639341 -0.54724360 -0.04392191
v 0.20882827 -0.32325721 0.04218762
v 0.17518647 -0.23770101 0.06784476
v 0.17931654 -0.25337106 0.06924814
v 0.16481423 -0.12007406 0.03810338
v 0.16768700 -0.10934284 0.04774219
v 0.09440207 -0.03631779 0.16639277
v 0.09650166 -0.04891334 0.17001097
v 0.19939725 -0.49748638 -0.02821685
v 0.13461123 -0.64433616 0.11368034
v 0.09834564 -0.64489543 0.12237920
v 0.10314079 -0.61563808 0.13003999
v 0.13998011 -0.61524051 0.11904507
v 0.00364113 -0.59617889 0.05093743
v 0.01425845 -0.60119903 0.08183005
v 0.01671929 -0.62940145 0.06923655
v 0.00859033 -0.62467027 0.03868733
v 0.01296904 -0.65377462 0.02904845
v 0.01945663 -0.65883911 0.05994265
v 0.02068102 -0.68720049 0.04769001
v 0.01590081 -0.68180031 0.01917327
v 0.17428727 -0.58078063 0.09382438
v 0.17775501 -0.63567752 0.05289059
v 0.16223291 -0.64164245 0.08854505
v 0.16794321 -0.61217904 0.09155078
v 0.18470787 -0.60619700 0.05313750
v 0.12621279 -0.55776995 -0.06897663
v -0.00041863 -0.56990612 0.06444487
v -0.00161536 -0.54836577 0.07842499
v 0.01795438 -0.61695856 -0.02189261
v 0.03609899 -0.61451983 -0.04744741
v 0.02695779 -0.58231819 -0.04599153
v 0.00847811 -0.58536214 -0.01662284
v 0.15569945 -0.61763895 -0.04614471
v 0.17547484 -0.62203085 -0.01918196
v 0.17916352 -0.59336281 -0.02227812
v 0.15675709 -0.58934087 -0.04904445
v 0.18320441 -0.62870371 0.01495166
v 0.18973593 -0.59957170 0.01345857
v 0.16762553 -0.69249612 0.05195727
v 0.15118892 -0.69725358 0.08200227
v 0.15648700 -0.66980678 0.08520946
v 0.17194505 -0.66425490 0.05231610
v 0.17367227 -0.68523282 0.01639148
v 0.17789966 -0.65705085 0.01560393
v 0.17215975 -0.65022242 -0.01724963
v 0.16904569 -0.67828655 -0.01508782
v 0.15319040 -0.67284775 -0.03982400
v 0.15464927 -0.64529926 -0.04332086
v 0.12979114 -0.64267850 -0.06048144
v 0.13071203 -0.66966325 -0.05671043
v 0.10060593 -0.64136201 -0.06673910
v 0.06997781 -0.64168805 -0.06305704
v 0.07589733 -0.66877633 -0.06153115
v 0.10440690 -0.66827387 -0.06303992
v 0.03061879 -0.67394084 -0.03328371
v 0.05034112 -0.67089027 -0.05195179
v 0.04343567 -0.64366448 -0.04997907
v 0.02481653 -0.64649981 -0.02751938
v 0.05630163 -0.77929628 -0.04924067
v 0.07857799 -0.77564901 -0.05107100
v 0.07026254 -0.74914986 -0.05450082
v 0.04779875 -0.75231236 -0.04815079
v 0.09903881 -0.77229875 -0.05446634
v 0.12016135 -0.77107990 -0.05542300
v 0.11486899 -0.74575168 -0.05399581
v 0.09328327 -0.74689448 -0.05377067
v 0.15015905 -0.75038749 -0.02914319
v 0.13474099 -0.74652797 -0.04663565
v 0.13945423 -0.77213180 -0.04712559
v 0.15296811 -0.77626491 -0.02874356
v 0.16436218 -0.78157914 -0.00658063
v 0.16423075 -0.75634187 -0.00732106
v 0.16275792 -0.78761142 0.01829314
v 0.16662845 -0.76339954 0.01912856
v 0.15296762 -0.76915008 0.04572564
v 0.14800878 -0.79253978 0.04323658
v 0.02801109 -0.79215401 0.00678148
v 0.02813631 -0.78694224 -0.01749589
v 0.02180373 -0.76083201 -0.00998270
v 0.02384843 -0.76637250 0.01402899
v 0.05563286 -0.77375424 0.05754670
v 0.07803424 -0.77416372 0.07660265
v 0.07710485 -0.79875731 0.06572204
v 0.05745031 -0.79894161 0.04549072
v 0.16988605 -0.71207017 0.01743587
v 0.16411328 -0.71955848 0.05168257
v 0.15118244 -0.69951594 -0.03580260
v 0.16602962 -0.70509708 -0.01226304
v 0.03599413 -0.70009667 -0.03878533
v 0.05683527 -0.69697130 -0.05332617
v 0.02182237 -0.71439201 0.03587751
v 0.01763816 -0.70887876 0.00916889
v 0.11654724 -0.72466397 0.09428059
v 0.14568856 -0.72387397 0.07933883
v 0.13898510 -0.74883729 0.07564108
v 0.11109959 -0.75041288 0.09029947
v 0.16795379 -0.73821110 0.01852740
v 0.16409570 -0.73084193 -0.00947878
v 0.14982106 -0.72499812 -0.03182513
v 0.13234115 -0.72155088 -0.04842860
v 0.11097557 -0.72049737 -0.05506167
v 0.08763461 -0.72106349 -0.05593504
v 0.06319638 -0.72281456 -0.05448787
v 0.04157647 -0.72591877 -0.04389198
v 0.01932665 -0.73499751 -0.00085623
v 0.02282593 -0.74081814 0.02442053
v 0.10569694 -0.77504051 0.08375527
v 0.13254982 -0.77235472 0.06839366
v 0.13148068 -0.79506493 0.06245999
v 0.10229079 -0.79744589 0.07273367
v 0.10101721 -0.81936371 0.06246396
v 0.07807359 -0.82090133 0.05592646
v 0.10495648 -0.79922789 -0.05706516
v 0.12522955 -0.79843688 -0.05621155
v 0.14311475 -0.79907024 -0.04736958
v 0.16554902 -0.80678236 -0.00804970
v 0.15972254 -0.81345564 0.01918320
v 0.14437987 -0.81857026 0.04281893
v 0.12659739 -0.81745273 0.05706672
v 0.04373069 -0.83985811 -0.02274372
v 0.03792534 -0.81253123 -0.01906663
v 0.03675844 -0.81643200 0.00199846
v 0.04309139 -0.84381741 -0.00109559
v 0.06712970 -0.83331335 -0.05419574
v 0.08729584 -0.82968897 -0.06347104
v 0.08501374 -0.80186254 -0.04909896
v 0.06559823 -0.80604768 -0.04452930
v 0.10973026 -0.82738203 -0.06720012
v 0.13129908 -0.82661468 -0.06316236
v 0.15031081 -0.82663655 -0.05307470
v 0.15781730 -0.80162275 -0.03101088
v 0.16381826 -0.82924026 -0.03445955
v 0.16639970 -0.83471644 -0.00842858
v 0.15822485 -0.84116906 0.02350901
v 0.13735951 -0.87747300 0.04195716
v 0.13381183 -0.84645277 0.04313829
v 0.16083510 -0.87157935 0.02373166
v 0.11104877 -0.97772843 0.02667389
v 0.13824031 -0.97422266 0.02734149
v 0.13489515 -1.00914133 0.02099060
v 0.11130713 -1.01287806 0.02088459
v 0.04521755 -0.87319505 -0.00499537
v 0.04467040 -0.87043619 -0.03000418
v 0.06819586 -0.86470449 -0.06424513
v 0.09018084 -0.86082637 -0.07411279
v 0.17529215 -0.89560765 -0.01300288
v 0.17102608 -0.86439359 -0.00810798
v 0.16911221 -0.85916913 -0.03658149
v 0.17232990 -0.89106947 -0.04141032
v 0.05005234 -0.97135168 -0.01923198
v 0.05014451 -0.96997768 -0.04182882
v 0.04639456 -0.93617952 -0.04038316
v 0.04642998 -0.93798947 -0.01529092
v 0.06771453 -0.89850575 -0.07057651
v 0.06873415 -0.93201542 -0.07429983
v 0.08884791 -0.92872339 -0.08497820
v 0.08891570 -0.89439577 -0.08145323
v 0.17182107 -0.96512806 -0.01910974
v 0.17548406 -0.92919952 -0.01659603
v 0.17299449 -0.92569774 -0.04434092
v 0.16981885 -0.96253127 -0.04558183
v 0.16476727 -0.90201855 0.01856242
v 0.16499290 -0.93408632 0.01301392
v 0.14104481 -0.94028401 0.03259210
v 0.13931021 -0.90801448 0.03839387
v 0.11105733 -0.94326311 0.03309201
v 0.10790869 -0.91100687 0.03907858
v 0.00000146 -0.47220361 0.11897776
v -0.00000055 -0.48196346 0.09450231
v -0.00000098 -0.48327920 0.07375906
v 0.06508967 -1.04294443 -0.04072091
v 0.05750359 -1.00561738 -0.04160830
v 0.05748679 -1.00816333 -0.02085010
v 0.06565920 -1.04652143 -0.02226666
v 0.09204863 -0.96431220 -0.08397350
v 0.07215321 -0.96660078 -0.07450952
v 0.07755601 -1.00287950 -0.07024814
v 0.09566544 -1.00135469 -0.07897393
v 0.15849300 -1.04245377 -0.02336377
v 0.16580567 -1.00308084 -0.02148872
v 0.16361786 -1.00149250 -0.04549091
v 0.15575849 -1.04076052 -0.04525886
v 0.13226181 -1.04719996 0.01414224
v 0.15680796 -1.00533688 0.00555391
v 0.15133274 -1.04443252 -0.00033264
v 0.12732011 -1.08486664 0.00978944
v 0.10909353 -1.08772433 0.01064668
v 0.11042432 -1.05038691 0.01506940
v 0.07287589 -1.08211613 -0.02298321
v 0.07088580 -1.07938731 -0.03917414
v 0.09768620 -1.07430363 -0.06994425
v 0.09797208 -1.03825963 -0.07358633
v 0.08163067 -1.04022443 -0.06545612
v 0.08330498 -1.07659328 -0.06177100
v 0.13416585 -1.03995991 -0.07077383
v 0.11647772 -1.03840446 -0.07553545
v 0.11515497 -1.07415366 -0.07169253
v 0.13122644 -1.07590187 -0.06652067
v 0.14765657 -1.07648778 -0.04380638
v 0.14735495 -1.04030228 -0.06057991
v 0.14096735 -1.07642162 -0.05699494
v 0.15141249 -1.07785785 -0.02350165
v 0.14507791 -1.08119178 -0.00262528
v -0.00001136 -0.49383578 -0.00084296
v -0.00406685 -0.50528586 0.03537111
v -0.00266939 -0.51323617 0.01918859
v 0.00438959 -0.49950704 -0.01802271
v 0.03638198 -0.60722923 0.10827215
v 0.03577604 -0.63666910 0.09711963
v 0.03608727 -0.69269538 0.07318351
v 0.03712398 -0.66543770 0.08654279
v 0.03575590 -0.71943235 0.06038015
v 0.03611109 -0.74621308 0.04858037
v 0.03574357 -0.77202433 0.03721604
v 0.03913386 -0.79687238 0.02715440
v 0.04590078 -0.82154286 0.02212619
v 0.05162210 -0.84839827 0.02077583
v 0.05628662 -0.90652418 0.01421785
v 0.04562644 -0.90495497 -0.01050274
v 0.05531157 -0.87652498 0.01852437
v 0.06112128 -0.97372502 0.00460252
v 0.05777249 -0.93909532 0.00957214
v 0.06799160 -1.01161599 -0.00005563
v 0.07452359 -1.05008233 -0.00465214
v 0.08140798 -1.08530211 -0.00756659
v 0.08029024 -0.49789250 0.14813571
v 0.04541830 -0.50703484 0.14155290
v 0.04994395 -0.48692635 0.14577614
v 0.08357585 -0.47339156 0.14980340
v 0.00015180 -0.48914015 0.08648807
v -0.00216047 -0.48942763 0.06681534
v 0.00003231 -0.48520702 0.07211475
v 0.00314406 -0.48341444 0.09091670
v 0.16009754 -0.74516195 0.05016765
v 0.13121092 -0.69596618 -0.05191109
v 0.10765496 -0.69462693 -0.05840628
v 0.08176423 -0.69504577 -0.05878922
v -0.00000092 -0.48198482 0.05662876
v 0.05708902 -0.72309589 0.08159955
v 0.08436731 -0.72439218 0.09448206
v 0.08020850 -0.75004804 0.08706398
v 0.05509964 -0.74916661 0.07056569
v 0.10349037 -0.88381094 0.04281275
v 0.07854444 -0.90986180 0.03094856
v 0.07614086 -0.88072801 0.03562507
v 0.10187039 -0.85844219 0.04695675
v 0.13793178 -0.85625517 -0.07121368
v 0.15667525 -0.85633826 -0.05855944
v 0.13972180 -0.88847792 -0.07882214
v 0.11462089 -0.85791737 -0.07611254
v 0.11473233 -0.89051306 -0.08420722
v 0.06276322 -0.67102605 0.10507136
v 0.09347365 -0.67260855 0.11324621
v 0.08884531 -0.69893575 0.10349061
v 0.05975583 -0.69693166 0.09337059
v 0.15599492 -0.17410322 -0.07357701
v 0.13557787 -0.17173889 -0.09430686
v 0.16849029 -0.08527826 0.10502284
v 0.16946359 -0.09782431 0.08090923
v 0.15529287 -0.10478406 0.09686749
v 0.15657610 -0.09291547 0.11744288
v 0.17666304 -0.07454866 0.09364739
v 0.17946547 -0.08731772 0.06980410
v 0.18151456 -0.06145391 0.08228109
v 0.00000226 0.12181822 -0.12530011
v 0.00000258 0.13362615 -0.12123841
v 0.18553047 -0.07430272 0.05974909
v 0.19183278 -0.01077794 0.01991743
v 0.19499615 -0.00355183 0.01296335
v 0.05970605 -0.11158533 0.16085882
v 0.03091935 -0.11038794 0.16984905
v 0.02945098 -0.09347989 0.15275615
v 0.08130425 -0.28676540 0.19529286
v 0.05711617 -0.41384873 0.17700671
v 0.06970824 -0.38980645 0.18775824
v 0.09893954 -0.38542551 0.17423576
v 0.00906722 -0.46270388 0.13618326
v 0.06104055 -0.10657313 -0.13553792
v 0.06040398 -0.12513332 -0.13141797
v 0.03958047 0.06499323 -0.14131868
v 0.01876344 0.06163725 -0.13974988
v 0.03970383 0.09232438 -0.13380089
v 0.03907647 0.10436802 -0.12980300
v 0.01930925 0.10093294 -0.13142966
v -0.00000044 -0.15760109 0.20015833
v -0.00000171 -0.17966110 0.21036182
v 0.01894482 0.08860839 -0.13456057
v 0.01911126 0.14678940 -0.11447060
v 0.00000364 -0.09416489 0.15724838
v 0.00000240 -0.11263254 0.17313433
v 0.01704779 0.15764052 -0.10745513
v -0.00368123 -0.49446845 0.06047614
v -0.00333337 -0.48920447 0.03356012
v -0.00289105 -0.48713613 0.04604914
v 0.01530757 -0.53201586 0.11761633
v -0.00090194 -0.53101170 0.09092627
v 0.00068538 -0.51682884 0.10006657
v 0.01822196 -0.51434278 0.12538075
v 0.20824018 -0.46933874 0.06352330
v 0.21710476 -0.46369871 0.01798111
v 0.09579201 -0.49970445 -0.08387502
v 0.36811113 -0.00308166 -0.08429147
v 0.36815530 0.00884233 -0.09730563
v 0.34491488 0.00630070 -0.09708530
v 0.34498140 -0.00437131 -0.08321036
v 0.06712991 -0.03605261 -0.15494685
v 0.07498061 -0.06347799 -0.14907213
v 0.09160186 0.14395742 -0.01826941
v 0.15853453 0.14774819 -0.02739336
v 0.15438704 0.13750030 -0.00017898
v 0.14537203 0.13885427 -0.00356213
v 0.14802764 0.14860982 -0.03056260
v -0.00000056 -0.47972956 0.03980687
v 0.16080128 0.09442076 -0.11318624
v 0.16064452 0.11164714 -0.10001943
v 0.14800300 0.11065041 -0.10552691
v 0.14711846 0.09243077 -0.11856544
v 0.03654471 -0.35629007 -0.15283912
v 0.07077330 -0.35665578 -0.15346175
v 0.04498455 -0.17514199 -0.11561888
v 0.07021024 -0.17871048 -0.11775436
v 0.06491487 -0.16109653 -0.12168132
v 0.00000173 -0.47748244 -0.02980514
v 0.00000127 -0.47357994 -0.04363361
v 0.04136870 -0.15758537 -0.12064084
v 0.10099476 -0.05124322 -0.14733791
v 0.11775085 -0.06798225 -0.13699932
v 0.03814886 -0.01543887 0.15127476
v 0.05721394 -0.01228519 0.15110366
v 0.05827805 -0.02890807 0.16284199
v 0.03933515 -0.03383595 0.16150320
v 0.30981743 0.04069333 -0.11399476
v 0.29034680 0.02792175 -0.11227359
v 0.29616445 0.01304680 -0.10409890
v 0.31809503 0.01829674 -0.10706290
v 0.20498911 -0.45834988 -0.03111830
v 0.17412414 -0.47485414 -0.06640285
v 0.16641286 -0.15068364 -0.05708929
v 0.15069069 -0.14813916 -0.08616728
v 0.14954732 -0.16192193 -0.07896791
v 0.16606680 -0.16420057 -0.05114693
v 0.16246095 -0.11124582 -0.05214083
v 0.16019732 -0.12087032 -0.05468380
v 0.17420807 -0.10171922 -0.05509898
v 0.21242473 -0.01420376 -0.06592984
v 0.22309424 -0.00983458 -0.06801763
v 0.21327808 -0.01085836 -0.07759035
v 0.04146887 -0.52918738 0.13599581
v 0.05567475 -0.45326200 0.15189907
v 0.05332248 -0.44240996 0.15806367
v -0.00085717 -0.48403296 0.05397452
v 0.06686991 0.15592179 -0.01876279
v 0.06101102 0.14947423 -0.00254769
v 0.26200420 -0.00081242 -0.04731459
v 0.28142413 -0.00438806 -0.05361266
v 0.19946584 -0.02078924 -0.02927963
v 0.20107014 -0.02466714 -0.04859918
v 0.19591564 -0.03164423 -0.04730528
v 0.19473363 -0.02798073 -0.02601766
v 0.20132346 -0.02508419 -0.06534739
v 0.19566061 -0.03176799 -0.06550834
v 0.13956261 0.05734875 0.06823728
v 0.13942169 0.07667206 0.05353952
v 0.15083382 0.07201355 0.05284171
v 0.15103997 0.05363470 0.06586373
v 0.12702210 0.05697426 0.07198592
v 0.11218394 0.05583819 0.07651418
v 0.11314835 0.07508463 0.05938919
v 0.12785651 0.07689446 0.05592656
v 0.07016486 0.11330545 0.02364940
v 0.08836619 0.12369663 0.00746300
v 0.04982609 0.10480223 0.03457060
v 0.03152725 0.09875979 0.04170090
v 0.02000622 0.13532233 -0.11945467
v 0.01894693 0.12364449 -0.12426168
v 0.03782263 0.12625188 -0.12101763
v 0.04175631 0.13791049 -0.11442554
v 0.05316361 0.13855653 0.00935608
v 0.03984675 0.13163932 0.01986568
v 0.02642825 0.11876158 0.02978854
v 0.32913911 0.09915943 -0.02623777
v 0.35212433 0.09317589 -0.02841602
v 0.06683671 0.16760421 -0.05572751
v 0.06891316 0.16235900 -0.03685344
v 0.32810193 0.10456129 -0.04628333
v 0.35145575 0.09829538 -0.04787514
v 0.13550758 0.13753746 -0.00480663
v 0.14271984 0.11773199 0.01723542
v 0.13276185 0.11683740 0.01836852
v 0.05062295 0.14452736 0.01061123
v 0.03858845 0.13873796 0.01998840
v 0.21784563 -0.42875060 0.02792815
v 0.20728926 -0.43501282 0.06945628
v 0.18035243 -0.18764471 0.05770399
v 0.18546210 -0.18388140 0.02314337
v 0.03080639 -0.15591420 0.19751036
v 0.02934152 -0.17948838 0.20855094
v 0.01158169 0.14112262 0.02974347
v 0.05835073 -0.22586671 0.20646691
v 0.02953477 -0.23067237 0.21408331
v 0.02960646 -0.20428982 0.21494441
v 0.05906042 -0.20158154 0.20618485
v 0.01668799 -0.26520991 0.21174213
v 0.01819993 -0.25483885 0.21167088
v 0.01431589 -0.42581031 0.17385560
v 0.02967970 -0.42753249 0.17216405
v 0.25756690 0.08246429 0.02157672
v 0.25220832 0.10159165 0.00934366
v 0.26891512 0.10003693 0.00480514
v 0.27319661 0.08082791 0.01704314
v 0.08464094 -0.22213478 0.19380876
v 0.11004346 -0.21896465 0.17361446
v 0.18960847 -0.02078685 0.02611074
v 0.18526840 -0.01063195 0.04637180
v 0.02778615 -0.08186966 0.15620711
v 0.07666907 -0.02422437 0.16146946
v 0.07591251 -0.00901619 0.14935267
v 0.09403801 -0.00729235 0.14514908
v 0.09413395 -0.02146153 0.15772516
v -0.00070290 -0.48349807 0.04223998
v 0.24122970 0.07934057 -0.11320861
v 0.25243324 0.08414481 -0.11193423
v 0.24841411 0.09520606 -0.10632619
v 0.23738807 0.09192678 -0.10805202
v -0.00455152 -0.52482235 0.05641456
v -0.00455358 -0.54035300 0.04220001
v 0.01394742 -0.49011970 -0.04499963
v 0.00265468 -0.48466313 -0.02457709
v 0.06908971 -0.58333880 0.13354990
v 0.07362001 -0.55320328 0.14049885
v 0.06640853 -0.61370242 0.12527274
v 0.06428496 -0.64316350 0.11568638
v 0.06221289 -0.82354242 0.03912389
v 0.07320180 -0.85098183 0.04054097
v 0.08151378 -0.94217265 0.02466547
v 0.00000286 -0.47597271 -0.06574312
v 0.08447535 -0.97670937 0.01827897
v 0.08785184 -1.01360762 0.01251726
v 0.09060555 -1.05189419 0.00707548
v 0.09362046 -1.08786631 0.00373685
v 0.35212111 0.09547895 -0.06735411
v 0.32792473 0.10168887 -0.06853657
v 0.33083788 0.09019651 -0.08763095
v 0.35482118 0.08645163 -0.08425061
v 0.32165480 -0.00771408 -0.04462230
v 0.31917274 0.00122415 -0.02535324
v 0.34123585 -0.00241665 -0.02874618
v 0.34273952 -0.00990876 -0.04758417
v 0.36465234 -0.01146445 -0.05067578
v 0.36645439 -0.01035221 -0.06848583
v 0.34374562 -0.01056808 -0.06627490
v 0.36623949 0.02494411 -0.10586540
v 0.36330920 0.04261158 -0.10846456
v 0.33852428 0.04182011 -0.11143307
v 0.34248760 0.02093171 -0.10668631
v 0.35736963 0.07326108 -0.09711280
v 0.33439550 0.07544152 -0.10057449
v 0.33672315 0.05920459 -0.10878105
v 0.36038813 0.05838568 -0.10554950
v 0.35996473 0.02381626 -0.00647967
v 0.36186758 0.00649979 -0.01665463
v 0.33903211 0.01071043 -0.01278825
v 0.33694378 0.02791881 -0.00153787
v 0.24788238 0.11859862 -0.01047866
v 0.26523021 0.11537032 -0.01457610
v 0.20921683 0.01834382 0.02383216
v 0.20941277 0.03278928 0.03722334
v 0.22735903 0.03625505 0.03239579
v 0.22100052 0.01981167 0.01656771
v 0.30758917 0.09169594 -0.00408696
v 0.28694242 0.09627253 0.00107283
v 0.28456199 0.11077165 -0.01761155
v 0.30618051 0.10525297 -0.02184386
v 0.31407896 0.03174287 0.00444624
v 0.00000196 -0.47792345 -0.01507680
v 0.31657520 0.01557548 -0.00841756
v 0.29362157 0.01926409 -0.00342248
v 0.29227287 0.03475663 0.01154985
v 0.32181114 0.00420636 -0.09543043
v 0.29964304 0.00049158 -0.09162563
v 0.26021039 0.06139337 0.02766594
v 0.27557042 0.05881757 0.02225311
v 0.18390353 -0.02198252 0.05179354
v 0.19415389 -0.04530292 -0.01832777
v 0.19424832 -0.03576801 -0.02227781
v 0.15756755 -0.07612350 0.13006715
v 0.15842488 -0.05887476 0.13274381
v 0.18895023 -0.08348154 0.03112460
v 0.19169781 -0.06801303 0.02226718
v 0.16639939 -0.07009520 0.11896013
v 0.16436787 -0.05852873 0.12394603
v 0.10539128 -0.12063905 0.13197505
v 0.02838530 0.10931669 0.03444106
v 0.29026285 0.07687742 0.01228286
v 0.29174805 0.05491215 0.01628264
v 0.25892138 0.01300458 -0.10201870
v 0.25977236 0.00362865 -0.09154792
v 0.27708432 0.00750398 -0.09915012
v 0.00000077 -0.46851367 -0.08582547
v -0.00000031 -0.45440593 -0.10564499
v 0.27436075 0.01983242 -0.10822203
v 0.13959640 -0.02866385 -0.13633823
v 0.12175176 -0.04011630 -0.14204621
v 0.13567367 -0.05451239 -0.13245785
v 0.15116860 -0.04159856 -0.12695085
v 0.24679594 0.11292884 -0.09134160
v 0.25044554 0.12023513 -0.07894111
v 0.23496321 0.12208934 -0.07745669
v 0.23372924 0.11345678 -0.09141556
v 0.25557837 0.12511188 -0.06173356
v 0.26138929 0.12444226 -0.03869713
v 0.24316731 0.12873410 -0.03542449
v 0.23798968 0.12806384 -0.05887655
v 0.20740621 -0.38993999 -0.03768592
v 0.21544586 -0.39310646 -0.00136103
v 0.16555120 -0.26142842 0.09851029
v 0.14804047 -0.26867041 0.12640715
v 0.13101457 -0.37292293 0.15431097
v 0.02376227 -0.48417225 0.13393979
v 0.00333987 -0.49463260 0.10741656
v -0.00287682 -0.56250745 0.02839846
v 0.21445544 -0.39790684 0.03639177
v 0.00267884 -0.59074473 0.01741790
v 0.00955144 -0.62044984 0.00798722
v 0.06443813 -0.61338079 -0.06382437
v 0.09678508 -0.61373633 -0.06928395
v 0.09305910 -0.58432513 -0.07191388
v 0.05746620 -0.58212429 -0.06550171
v 0.12835926 -0.61518723 -0.06326671
v 0.12728055 -0.58679414 -0.06587371
v 0.12239622 -0.69879651 0.09994446
v 0.11413084 -0.92588437 -0.08793693
v 0.13808097 -0.96196544 -0.08075245
v 0.13918030 -0.92355716 -0.08210050
v 0.11507712 -0.96299887 -0.08620407
v 0.15952295 -0.92355365 -0.06703310
v 0.15901032 -0.88843596 -0.06435984
v 0.16167808 -0.96854007 0.00967963
v 0.11673797 -1.00056207 -0.08124136
v 0.13688797 -1.00111604 -0.07589333
v 0.15318149 -1.00068724 -0.06379702
v 0.15757421 -0.96123576 -0.06653924
v -0.00449726 -0.51372904 0.06867424
v 0.18469235 -0.47514215 0.10279163
v 0.18272629 -0.44391888 0.10601071
v 0.12070782 -0.43676952 0.14522147
v 0.08630849 -0.45179984 0.15173540
v 0.13218069 -0.19688527 0.14197263
v 0.15147933 -0.19487762 0.11588181
v 0.14605561 -0.15706781 0.10034929
v 0.16193447 -0.15548636 0.07424330
v 0.16573797 -0.17336744 0.08134408
v 0.14930251 -0.17610060 0.10808809
v 0.17696451 -0.15278302 0.01002871
v 0.17529109 -0.15183032 -0.02461553
v 0.17673331 -0.16608697 -0.01907115
v 0.17978294 -0.16815105 0.01580284
v 0.18321697 -0.18003710 -0.01267506
v 0.17310053 -0.17677501 -0.04551940
v 0.08474659 -0.14829180 -0.12244268
v 0.10799268 -0.15362827 -0.11420727
v 0.10646311 -0.13719162 -0.12115896
v 0.08297263 -0.13088441 -0.12806658
v 0.04349674 -0.43331924 0.16670813
v -0.00244351 -0.49661908 0.08287653
v 0.07736068 -0.52448261 0.14528516
v 0.11807529 -0.48952788 0.14573911
v 0.15375188 -0.48276192 0.13105883
v 0.25994033 0.00616485 -0.03093730
v 0.17771471 -0.01398061 -0.11181848
v 0.17407508 -0.00298718 -0.11750246
v 0.27610010 0.11937836 -0.06482334
v 0.28180334 0.11918073 -0.04188056
v 0.27378377 0.03752078 0.01849134
v 0.23689054 0.10267439 0.01282487
v 0.24212091 0.08224768 0.02551739
v 0.22528061 0.08237667 0.02989500
v 0.15414181 -0.38053182 0.12689464
v 0.17993236 -0.38878030 0.10383776
v 0.15335369 -0.40104702 0.12798008
v -0.00017913 -0.48398748 -0.00577471
v 0.05374663 -0.46847829 0.14899044
v 0.01451755 -0.64986205 -0.00033901
v 0.01862576 -0.67759079 -0.00866301
v 0.02231239 -0.70399612 -0.01687959
v 0.02608131 -0.73009813 -0.02467963
v 0.03081770 -0.75615543 -0.03193193
v 0.03868045 -0.78226209 -0.03709432
v 0.04867566 -0.80889529 -0.03571205
v 0.05205454 -0.83653110 -0.04118242
v 0.04521078 -0.90291685 -0.03606888
v 0.05337271 -0.90061301 -0.05568212
v 0.05310611 -0.86753213 -0.04970708
v 0.05458325 -0.93435633 -0.05929351
v 0.05842451 -0.96840525 -0.05959930
v 0.06482927 -1.00429904 -0.05724647
v 0.07480820 -1.07762957 -0.05181022
v 0.07111330 -1.04110289 -0.05445444
v -0.00108559 -0.48250842 0.02844922
v -0.00096285 -0.48339719 0.01210401
v 0.11997325 0.11529080 0.01960024
v 0.19337165 -0.02005122 -0.00333637
v 0.19703668 -0.01375083 -0.00875890
v 0.25780439 0.03987522 0.02424587
v 0.31232575 0.07615381 -0.10511879
v 0.30808115 0.09337755 -0.09268510
v 0.27217802 0.02310837 0.00164990
v 0.21690726 0.00813210 -0.00162523
v 0.20689377 0.00590580 0.00634574
v 0.54521573 0.07671808 -0.04359205
v 0.54335499 0.08181066 -0.05792677
v 0.56361103 0.07847478 -0.05596801
v 0.56477332 0.07270589 -0.04306814
v 0.54611564 0.06646890 -0.03261558
v 0.56530869 0.06214829 -0.03326605
v 0.54596406 0.00069769 -0.05096551
v 0.54533774 0.00990963 -0.03821065
v 0.56486821 0.01064385 -0.04254226
v 0.56552577 0.00260427 -0.05543612
v 0.58391488 0.04559336 -0.02917906
v 0.58356589 0.03252583 -0.03006705
v 0.56473660 0.03456528 -0.02749373
v 0.56521654 0.04899757 -0.02788397
v 0.54442281 0.00307832 -0.08292443
v 0.54235780 0.01315874 -0.09464329
v 0.52306765 0.00861845 -0.09216832
v 0.52544296 -0.00114576 -0.07921177
v 0.46605569 0.00587387 -0.02961528
v 0.46860415 -0.00539498 -0.04149555
v 0.45331064 -0.00402930 -0.03506110
v 0.45086184 0.00882301 -0.02476520
v 0.50506544 0.08471585 -0.04512618
v 0.50222069 0.08637074 -0.06104799
v 0.52262741 0.08437759 -0.05948396
v 0.52537757 0.08045594 -0.04402187
v 0.50566089 0.04378145 -0.02021779
v 0.50481123 0.02652277 -0.02204726
v 0.48365799 0.03049015 -0.01996719
v 0.48428732 0.04810120 -0.01954550
v 0.48420826 0.08869520 -0.04763092
v 0.48079240 0.08821996 -0.06363749
v 0.54554033 0.03744474 -0.02493686
v 0.54506946 0.02249290 -0.02922280
v 0.52525097 0.02401112 -0.02533687
v 0.52591002 0.04030620 -0.02227945
v 0.58250666 0.01096665 -0.08640265
v 0.58090794 0.02147138 -0.09500382
v 0.56166160 0.01749375 -0.09539077
v 0.56356883 0.00724383 -0.08535629
v 0.58347505 0.02122286 -0.03660235
v 0.58389151 0.01192813 -0.04675001
v 0.56443161 0.02151319 -0.03292220
v 0.58114469 0.07073227 -0.08095150
v 0.58227074 0.07539551 -0.06755770
v 0.56164390 0.07745905 -0.07052039
v 0.56015748 0.07154409 -0.08458732
v 0.50594175 0.00080132 -0.04121555
v 0.50513154 0.01175086 -0.02939714
v 0.52542645 0.01049688 -0.03400575
v 0.52610707 0.00035169 -0.04636684
v 0.50665206 0.07511204 -0.03122849
v 0.52654290 0.07057100 -0.03174395
v 0.53891253 0.07226451 -0.08774887
v 0.54081863 0.07948775 -0.07334104
v 0.51988882 0.08067579 -0.07555089
v 0.51795912 0.07176301 -0.08995226
v 0.49778482 0.05394476 -0.09830146
v 0.49862042 0.03593349 -0.09871651
v 0.51860362 0.04008082 -0.10016417
v 0.51775783 0.05715933 -0.09815171
v 0.48554939 0.00255601 -0.03533074
v 0.48702896 -0.00609544 -0.04971533
v 0.50600797 -0.00480067 -0.07415669
v 0.50362366 0.00404913 -0.08800895
v 0.48485962 -0.00045715 -0.08260341
v 0.48719475 -0.00833181 -0.06728403
v 0.44762474 0.07350705 -0.02756247
v 0.44715559 0.08543353 -0.03803709
v 0.46401533 0.08439464 -0.03532170
v 0.46461430 0.07071711 -0.02469322
v 0.46313405 0.09044012 -0.05074172
v 0.44675350 0.08904789 -0.05309665
v 0.41761181 0.08456021 -0.07438748
v 0.41786563 0.07342507 -0.08386704
v 0.42877898 0.07299692 -0.08187641
v 0.42929912 0.08497699 -0.07269695
v 0.45978379 0.04423252 -0.09783677
v 0.46040300 0.02462750 -0.09438426
v 0.47919366 0.03059021 -0.09667210
v 0.47822005 0.04982243 -0.09838143
v 0.44834873 0.00172496 -0.08393777
v 0.45319870 -0.00960577 -0.07073269
v 0.46736243 -0.00546934 -0.07664788
v 0.46326387 0.00715813 -0.08866349
v 0.40528664 -0.00747904 -0.07269616
v 0.40531766 -0.01257531 -0.05651767
v 0.41853139 -0.01311042 -0.05716617
v 0.41830474 -0.00590530 -0.07268190
v 0.40190840 0.00043024 -0.02235645
v 0.40046608 0.01682667 -0.01293185
v 0.41384396 0.01391213 -0.01416481
v 0.41537431 -0.00150521 -0.02373239
v 0.39664960 0.08483216 -0.03049763
v 0.39422649 0.09129763 -0.04917193
v 0.40699044 0.09056377 -0.04597519
v 0.40951115 0.08211201 -0.02905582
v 0.44469190 0.03982286 -0.09666915
v 0.44273686 0.01896486 -0.09159962
v 0.42793223 -0.00185304 -0.02655008
v 0.42622736 0.01244164 -0.01680487
v 0.43895236 0.01046646 -0.02008006
v 0.44098553 -0.00326549 -0.02977090
v -0.00000116 0.06020163 -0.13748643
v -0.00000036 0.07381313 -0.13527735
v 0.42215884 0.04730518 -0.01640820
v 0.42276764 0.06337176 -0.01919251
v 0.43433940 0.05992475 -0.02105152
v 0.43483132 0.04257598 -0.01870073
v 0.42125857 0.07933976 -0.02783277
v 0.41920644 0.08929951 -0.04265970
v 0.43268248 0.08686341 -0.03995030
v 0.43379113 0.07591861 -0.02717786
v 0.42707226 0.04858130 -0.09333148
v 0.42874849 0.03585517 -0.09695263
v -0.00000332 -0.27803203 0.21372232
v -0.00000389 -0.26635689 0.21175581
v 0.43562403 0.03848535 -0.09652118
v 0.43449166 0.05125956 -0.09268511
v 0.43798769 -0.00160248 -0.07809663
v 0.44158396 -0.01175417 -0.06434158
v 0.00000251 -0.26075518 -0.13586423
v 0.00000222 -0.23988335 -0.12693526
v 0.44786701 0.03927304 -0.02110324
v 0.44990242 0.02344356 -0.02026805
v 0.43694744 0.02607041 -0.01628306
v 0.43020946 0.09102511 -0.05726307
v 0.40517697 0.00236138 -0.08576704
v 0.40446520 0.01370422 -0.09648219
v 0.38970432 0.01184846 -0.09759238
v 0.39039904 0.00020483 -0.08601929
v 0.38984644 -0.00811287 -0.07167275
v 0.38856941 -0.01153857 -0.05459517
v 0.38439280 0.00324363 -0.02000579
v 0.38245523 0.02020037 -0.01055857
v 0.38084549 0.03977273 -0.00607859
v 0.37872183 0.05926307 -0.00747878
v 0.39738166 0.05627985 -0.01206913
v 0.39893946 0.03613165 -0.00960456
v 0.37431231 0.09391194 -0.04878457
v 0.37508887 0.08857861 -0.02981267
v 0.37516409 0.09146599 -0.06700557
v 0.39328215 0.09011356 -0.06561666
v 0.42980438 -0.01142188 -0.04172106
v 0.00000047 -0.36829960 0.20934954
v 0.00000192 -0.39037731 0.19797748
v 0.41739380 -0.01107910 -0.03919121
v 0.53838187 0.05913389 -0.09677028
v 0.53871119 0.04343816 -0.10015556
v 0.55908930 0.04597575 -0.09891688
v 0.55934072 0.06035659 -0.09428179
v 0.57961029 0.03446416 -0.09805599
v 0.55989534 0.03116758 -0.09963503
v 0.54619592 0.05282721 -0.02603708
v 0.52665633 0.05657256 -0.02415333
v 0.58392286 0.05856694 -0.03362422
v 0.44794455 0.05610388 -0.02257686
v 0.46399596 0.05206930 -0.02101038
v 0.41800177 0.05992026 -0.08886872
v 0.40702486 0.07332002 -0.08656498
v 0.40862072 0.05991986 -0.09338263
v 0.45971972 0.06241594 -0.09296114
v 0.46027914 0.07692628 -0.07968714
v 0.44161147 0.07090859 -0.08195268
v 0.44440550 0.05626844 -0.09274663
v 0.42213842 0.03320184 -0.09801460
v 0.41980872 0.04708698 -0.09568256
v 0.41114101 0.04597346 -0.09894566
v 0.41352376 0.03054217 -0.09999910
v 0.41059431 0.06778605 -0.01847788
v 0.39702898 0.07206932 -0.01819388
v 0.39517295 0.07284585 -0.08957481
v 0.39392272 0.08313648 -0.07902069
v 0.37792578 0.08329465 -0.08203564
v 0.37935773 0.07203848 -0.09344921
v 0.40622133 0.08388933 -0.07634044
v 0.39727128 0.05965966 -0.09746626
v 0.38185474 0.05918163 -0.10169489
v 0.37656042 0.07636596 -0.01566739
v 0.40223768 0.02889641 -0.10233806
v 0.39983201 0.04496534 -0.10223770
v 0.38454083 0.04399758 -0.10545921
v 0.38725027 0.02727963 -0.10441313
v 0.54013175 0.02753024 -0.09996558
v 0.52031827 0.02336527 -0.09871258
v 0.45517656 -0.01209069 -0.05207951
v 0.46963841 -0.01102564 -0.05945767
v 0.44220111 -0.01191382 -0.04587019
v 0.54592395 -0.00190270 -0.06726464
v 0.56504583 0.00131807 -0.07116377
v 0.50675559 -0.00585030 -0.05675539
v 0.52635443 -0.00432819 -0.06255353
v 0.49762228 0.06998489 -0.09113260
v 0.42656851 0.00778468 -0.08454003
v 0.42879626 -0.00371855 -0.07383596
v 0.43387339 0.01140548 -0.08683356
v 0.38598981 -0.00764919 -0.03541492
v 0.40407988 -0.00939895 -0.03818396
v 0.43528003 0.02668683 -0.09445380
v 0.36371726 -0.00512347 -0.03221378
v 0.44297293 0.08573565 -0.07044455
v 0.41790861 0.09063675 -0.05930670
v 0.40593034 0.09044619 -0.06248300
v 0.58326054 0.07519207 -0.05395869
v 0.50647306 0.06077992 -0.02274161
v 0.46421230 0.03453796 -0.02018663
v 0.46494162 0.01908086 -0.02249856
v 0.42434904 0.01921618 -0.09348511
v 0.41592526 0.01591822 -0.09460028
v 0.41734830 0.00501409 -0.08448625
v 0.41020870 0.05243908 -0.01465184
v 0.41206628 0.03277378 -0.01171713
v 0.58384681 0.00459681 -0.07374068
v 0.42388296 0.02967411 -0.01383412
v 0.46089014 0.08762953 -0.06653226
v 0.01888787 0.07563985 -0.13721363
v 0.18165664 -0.09678599 0.03934636
v 0.13350828 -0.11225843 0.09198120
v 0.14994588 -0.11133326 0.07258263
v 0.19234589 -0.03998970 0.00765821
v 0.19299315 -0.02877195 0.00204409
v 0.20771523 -0.00493623 -0.01364622
v 0.21867089 -0.00027043 -0.01972283
v 0.18802804 -0.06046882 0.04918459
v 0.01537647 -0.24363242 0.21356019
v 0.06084405 -0.22631350 -0.11848848
v 0.03094414 -0.22442062 -0.11838350
v 0.03433169 -0.24287519 -0.12812203
v 0.06689858 -0.24482603 -0.12729712
v 0.03867264 -0.26445335 -0.13682690
v 0.20238063 -0.30511230 -0.06323349
v 0.19971269 -0.28170216 -0.06246163
v 0.18044339 -0.28223735 -0.09142702
v 0.18291508 -0.30668059 -0.09358604
v 0.20599796 -0.26538333 -0.03074339
v 0.19372341 -0.26197499 -0.06141270
v 0.21132092 -0.28406683 -0.02886481
v 0.21414897 -0.29052615 0.00657198
v 0.21021551 -0.27121529 0.00458232
v 0.20853594 -0.30070838 0.04127682
v 0.20563087 -0.27990279 0.03999913
v 0.19656892 -0.31233326 0.07328446
v 0.17975840 -0.32381448 0.10330192
v 0.15727048 -0.35858187 0.12982193
v 0.13472736 -0.34697589 0.15802589
v 0.15878521 -0.33552700 0.13202447
v 0.07818785 -0.36381358 0.19621834
v 0.10697965 -0.35731748 0.18026897
v 0.02349018 -0.36782655 0.20900649
v 0.05010869 -0.36679918 0.20520259
v 0.11561236 0.09469631 0.04083536
v 0.10852977 0.14622636 -0.08758112
v 0.11744696 0.15128066 -0.06299420
v 0.09438027 0.15133877 -0.08750790
v 0.13011593 0.08950838 -0.12685353
v 0.13237384 0.10842343 -0.11474528
v 0.11170520 0.10216838 -0.12666492
v 0.10944908 0.08508255 -0.13564597
v 0.08305246 0.14277644 -0.10250036
v 0.07556498 0.14486942 -0.10170623
v 0.09391421 0.13734886 -0.10522957
v 0.05786642 0.11994098 -0.12130768
v 0.07667142 0.12757017 -0.11542711
v 0.16074902 0.14318874 -0.05744398
v 0.16048607 0.12895118 -0.08218621
v 0.17016470 0.12823310 -0.07644933
v 0.17118540 0.14207624 -0.05212464
v 0.16013597 0.07728931 -0.12225907
v 0.15830398 0.06047045 -0.12755796
v 0.17141591 0.06328288 -0.12373664
v 0.17209417 0.07994010 -0.11848164
v 0.20192051 0.13502900 -0.03638251
v 0.19874541 0.12858678 -0.06080294
v 0.21059486 0.12962121 -0.05858338
v 0.21475948 0.13319792 -0.03434446
v 0.17150284 0.09676770 -0.10885668
v 0.09071611 -0.03041232 -0.15296157
v 0.13010278 -0.01486412 -0.14253971
v 0.11158882 -0.02257791 -0.14806634
v 0.17087349 0.00833371 -0.12146787
v 0.15968323 0.00321648 -0.12790911
v 0.16417924 -0.00985818 -0.12362200
v 0.19470128 0.01443779 -0.11108387
v 0.18233173 0.01189144 -0.11594778
v 0.22805041 0.05855259 0.03652281
v 0.20922567 0.05822387 0.04244518
v 0.20636430 0.08461815 0.03359006
v 0.21214549 0.00748680 -0.09810559
v 0.22448981 0.01284077 -0.09915633
v 0.22277859 0.01882647 -0.10227916
v 0.20956409 0.01321113 -0.10148800
v 0.14948288 0.14449792 -0.06148979
v 0.19814120 0.11709815 -0.07968943
v 0.19839755 0.10635380 -0.09474968
v 0.20917675 0.11038524 -0.09287120
v 0.20977795 0.11970830 -0.07739352
v 0.20123002 0.09206402 -0.10640597
v 0.20324545 0.07665522 -0.11305492
v 0.21439876 0.08267253 -0.11098104
v 0.21191216 0.09706172 -0.10398152
v 0.22174960 0.02692936 -0.10590246
v 0.20663512 0.02101386 -0.10489722
v 0.23257169 0.12149862 -0.00831770
v 0.17855316 0.14084505 -0.01786256
v 0.17361860 0.12549719 0.00826420
v 0.16355231 0.13279229 0.00389683
v 0.16855709 0.14575899 -0.02325519
v 0.24231505 0.00050013 -0.04215081
v 0.23968671 0.00690780 -0.02553863
v 0.24391697 -0.00397208 -0.05796198
v 0.21398059 -0.00462327 -0.08719591
v 0.24464872 -0.00404245 -0.07248605
v 0.24301295 0.03945249 0.02858718
v 0.24506621 0.06035131 0.03206943
v 0.17125393 0.09977943 0.02798341
v 0.16012026 0.10808802 0.02320777
v 0.22811379 0.13121921 -0.03372788
v 0.22332595 0.12952819 -0.05801414
v 0.24178708 0.02025507 -0.10521358
v 0.25407603 0.02780150 -0.11098671
v 0.23966758 0.02613887 -0.10838000
v 0.19961336 -0.01124152 -0.09673355
v 0.21388985 0.00229118 -0.09370160
v 0.18084365 0.14044490 -0.04643005
v 0.22136745 0.12173215 -0.07747489
v 0.22079438 0.11207242 -0.09268003
v 0.19154617 0.08719183 -0.10990460
v 0.18874314 0.10242859 -0.09905180
v 0.18030846 0.09905788 -0.10387073
v 0.18226193 0.08309980 -0.11416897
v 0.22580372 0.08833215 -0.11002068
v 0.22934374 0.07287963 -0.11425807
v 0.19280301 0.07120997 -0.11606403
v 0.18255232 0.06675934 -0.11981031
v 0.23774773 0.03413298 -0.11153150
v 0.15142177 0.11459923 0.01932609
v 0.15058933 0.09246210 0.03735337
v 0.14077313 0.09657537 0.03665460
v 0.17371942 0.07595158 0.04527530
v 0.16052163 0.08539321 0.04069266
v 0.19108118 0.06456959 0.04655024
v 0.12988640 0.09636027 0.03878563
v 0.43105438 0.02340424 -0.09376826
v 0.26529118 0.03572053 -0.11461084
v 0.25718287 0.02217283 -0.10822611
v 0.26986885 0.02934219 -0.11265076
v 0.31327713 0.06008485 -0.11175580
v 0.42682740 0.05996065 -0.08596304
v 0.43413123 0.06006363 -0.08601280
v 0.47822574 0.06711393 -0.09241059
v 0.49915925 0.08109954 -0.07721316
v 0.47929007 0.08017316 -0.07849924
v 0.48593622 0.08012617 -0.03193424
v 0.48513997 0.06617921 -0.02276522
v 0.48440471 0.01486337 -0.02534488
v 0.48157838 0.01309580 -0.09288709
v 0.62162036 0.06213164 -0.03776845
v 0.62187696 0.07000741 -0.04817086
v 0.64140606 0.06701514 -0.04475428
v 0.64075792 0.05810276 -0.03570250
v 0.65810561 0.04372249 -0.03149212
v 0.64009589 0.04699395 -0.03115462
v 0.65940571 0.05444288 -0.03401777
v 0.65695912 0.03364978 -0.03300463
v 0.63941342 0.03628007 -0.03168403
v 0.65621042 0.02581871 -0.03925873
v 0.65602314 0.02067246 -0.04870972
v 0.63890725 0.02120453 -0.04613744
v 0.63897300 0.02717437 -0.03708425
v 0.63931626 0.01707110 -0.05671109
v 0.63979793 0.01402289 -0.06753392
v 0.62144166 0.01045064 -0.06518586
v 0.62089294 0.01531045 -0.05373079
v 0.65767223 0.02602784 -0.08647483
v 0.65760672 0.03482005 -0.09002101
v 0.63905513 0.03213391 -0.09140633
v 0.63935828 0.02223478 -0.08704928
v 0.62013185 0.05224995 -0.08942373
v 0.61950862 0.04035296 -0.09303885
v 0.63920724 0.04357042 -0.09079486
v 0.63989389 0.05465769 -0.08642850
v 0.65840572 0.05661372 -0.08384569
v 0.65874797 0.06480651 -0.07606803
v 0.64049488 0.06402460 -0.07931823
v 0.58375520 0.06907789 -0.04212324
v 0.60270679 0.06576007 -0.04008951
v 0.60261446 0.05478044 -0.03278273
v 0.60209852 0.03026690 -0.03259412
v 0.60229135 0.04215249 -0.03025050
v 0.62091303 0.03897674 -0.03081778
v 0.62067550 0.02839193 -0.03468328
v 0.58430308 0.00499974 -0.05938746
v 0.60232788 0.01351264 -0.05055051
v 0.60288465 0.00768493 -0.06253301
v 0.62063313 0.02097487 -0.04304807
v 0.60204715 0.02089777 -0.04005859
v 0.62114823 0.01143776 -0.07712939
v 0.63959908 0.01572629 -0.07837361
v 0.62223893 0.07247131 -0.06022772
v 0.62176526 0.06963967 -0.07244129
v 0.64140356 0.06949688 -0.06858018
v 0.64179105 0.07128365 -0.05648374
v 0.60259175 0.00801113 -0.07551923
v 0.60170621 0.07001283 -0.07672939
v 0.60242051 0.07372389 -0.06403431
v 0.62087893 0.06276301 -0.08283169
v 0.60080421 0.06180453 -0.08678675
v 0.66036224 0.06892301 -0.05321540
v 0.66025758 0.06378002 -0.04185879
v 0.60273284 0.07254101 -0.05111547
v 0.62036496 0.01832399 -0.08709343
v 0.61968535 0.02861546 -0.09268821
v 0.60031146 0.02519082 -0.09379718
v 0.60149831 0.01459651 -0.08676389
v 0.57953691 0.04802587 -0.09606553
v 0.59979659 0.03728023 -0.09535537
v 0.60014218 0.04985722 -0.09266119
v 0.65773654 0.04575992 -0.08890651
v 0.58015108 0.06118353 -0.09096986
v 0.73539007 0.01316760 -0.04328665
v 0.74427271 0.01643529 -0.04206619
v 0.73901010 0.01885200 -0.04899058
v 0.72926354 0.01772331 -0.04855934
v 0.71069604 -0.00149796 -0.03273556
v 0.72234249 -0.00585431 -0.02806011
v 0.72826821 -0.00557513 -0.03610635
v 0.71790743 -0.00022226 -0.04190552
v 0.74069726 0.00933143 -0.03804752
v 0.74850851 0.01521869 -0.03618406
v 0.75614738 0.02056802 -0.03410942
v 0.74759668 0.01611025 -0.03218372
v 0.75601679 0.02646130 -0.03008275
v 0.75084776 0.03695640 -0.02902915
v 0.76314330 0.03949964 -0.03299318
v 0.76371741 0.03066380 -0.03054352
v 0.74419689 0.05097666 -0.05217729
v 0.74114227 0.05117994 -0.06306867
v 0.75668555 0.04963648 -0.06468959
v 0.75924909 0.04878455 -0.05354523
v 0.74763441 0.04487853 -0.08263355
v 0.75316072 0.04726085 -0.07363216
v 0.73765206 0.04956960 -0.07137666
v 0.73351741 0.04755084 -0.07940916
v 0.72468972 0.02050812 -0.05562972
v 0.73454118 0.02028352 -0.05648059
v 0.73277056 0.02001114 -0.06210100
v 0.72266698 0.01988900 -0.06179118
v 0.74716675 0.02226353 -0.02780966
v 0.74826515 0.00873272 -0.02865362
v 0.74771208 0.01152362 -0.02531776
v 0.74250889 0.02475942 -0.02375804
v 0.68739593 0.01506406 -0.06308726
v 0.69797313 0.01237114 -0.06575331
v 0.69871521 0.01108848 -0.07280122
v 0.68697149 0.01399289 -0.07132649
v 0.68653142 0.01494220 -0.04321890
v 0.68163586 0.02396983 -0.03265737
v 0.68930411 0.01941519 -0.02889938
v 0.69293529 0.00911036 -0.03984204
v 0.69807518 0.01237827 -0.02585830
v 0.70793658 0.00532328 -0.02325047
v 0.70129263 0.00338411 -0.03669547
v 0.72096145 0.00014578 -0.02083959
v 0.69423842 0.01493814 -0.08488328
v 0.68632275 0.01855719 -0.08191697
v 0.79579473 0.00832450 -0.04264487
v 0.79653692 0.00942320 -0.03708185
v 0.79882705 0.00700313 -0.03748233
v 0.79808468 0.00600815 -0.04302243
v 0.68757570 0.04415576 -0.08863594
v 0.68644798 0.03446995 -0.09028289
v 0.69287121 0.03456310 -0.09122295
v 0.69431978 0.04411965 -0.08827211
v 0.70124710 0.03434649 -0.09340294
v 0.70321333 0.04418999 -0.08868955
v 0.80382395 0.01556838 -0.03384391
v 0.80731368 0.01869327 -0.03636170
v 0.81019163 0.01320875 -0.03606099
v 0.80629575 0.01090419 -0.03397444
v 0.74859810 0.01897545 -0.04834983
v 0.75317270 0.01761818 -0.04066818
v 0.76145262 0.01870388 -0.03860799
v 0.76845616 0.01962535 -0.03727926
v 0.76938772 0.01792028 -0.04318149
v 0.75975907 0.01850777 -0.04724327
v 0.74548119 0.02013747 -0.05924105
v 0.75614059 0.01918424 -0.05940852
v 0.75172675 0.01961960 -0.06624685
v 0.74152023 0.02013718 -0.06600265
v 0.74554795 0.01550650 -0.08357373
v 0.73750007 0.01462443 -0.08229683
v 0.73798555 0.01689887 -0.07680448
v 0.74759144 0.01762726 -0.07761344
v 0.77306950 0.01869062 -0.07828269
v 0.76492763 0.01833534 -0.07804251
v 0.76655567 0.01913486 -0.07321432
v 0.77436453 0.01925619 -0.07370994
v 0.68099004 0.04525597 -0.08892197
v 0.67971498 0.03538750 -0.09034628
v 0.74265891 0.02717564 -0.10657412
v 0.74796581 0.03576817 -0.10244632
v 0.73819566 0.03706526 -0.09816328
v 0.73287690 0.03001872 -0.10255522
v 0.69687420 0.05207886 -0.08172899
v 0.68960130 0.05286907 -0.08218781
v 0.81016749 0.02049217 -0.04131337
v 0.81242973 0.01479918 -0.04122521
v 0.70865589 0.01904755 -0.01816918
v 0.72298455 0.00929198 -0.01606260
v 0.69745600 0.02758301 -0.02224961
v 0.68255317 0.03735405 -0.02856846
v 0.68968523 0.03337315 -0.02584337
v 0.76399088 0.01852897 -0.05203604
v 0.74262714 0.02016720 -0.05519061
v 0.73110008 0.01931087 -0.06614775
v 0.72204340 0.01109099 -0.08308263
v 0.72853041 0.01183733 -0.08576388
v 0.72586942 0.01162175 -0.09253377
v 0.71841359 0.01165181 -0.09200391
v 0.73939979 0.01454161 -0.10071654
v 0.73951644 0.01938013 -0.10563362
v 0.73102754 0.02064617 -0.10296647
v 0.73226774 0.01465700 -0.09911671
v 0.74690777 0.01173832 -0.02044655
v 0.73769903 0.02324911 -0.01871054
v 0.68583918 0.02544106 -0.08795725
v 0.69258946 0.02418631 -0.09071591
v 0.67928648 0.02734801 -0.08657309
v 0.69875991 0.01278173 -0.05574805
v 0.71133417 0.01751111 -0.05996310
v 0.71023095 0.01625330 -0.06401585
v 0.69758338 0.01353420 -0.06100176
v 0.71972078 0.01248806 -0.04923400
v 0.70901412 0.00508648 -0.04635814
v 0.72707999 0.00685847 -0.04493934
v 0.68693680 0.01583095 -0.05487314
v 0.67848855 0.01888816 -0.05201396
v 0.67875016 0.01838312 -0.06164879
v 0.67881578 0.01857973 -0.07142645
v 0.67923695 0.02209747 -0.08064655
v 0.66935235 0.01989345 -0.05046639
v 0.66999704 0.01892923 -0.06048115
v 0.67057031 0.01936476 -0.07094950
v 0.67102635 0.02259050 -0.07991486
v 0.68166840 0.05516444 -0.08253221
v 0.67195749 0.05666767 -0.08295422
v 0.67142767 0.04591432 -0.08878742
v 0.67871177 0.02080610 -0.04200877
v 0.66980106 0.02395717 -0.04110979
v 0.67112517 0.03091120 -0.03360336
v 0.67283511 0.04163851 -0.03116265
v 0.74366069 -0.00543691 -0.03207327
v 0.73946714 -0.00250152 -0.03503940
v 0.73440343 -0.00730001 -0.03123839
v 0.74007154 -0.00962225 -0.02742650
v 0.76955473 0.02414875 -0.03283507
v 0.76278102 0.02364622 -0.03295013
v 0.77157611 0.03098167 -0.03183008
v 0.70709866 0.01057048 -0.07822617
v 0.70283806 0.01335821 -0.08851885
v 0.77129269 0.01810101 -0.04845243
v 0.78609622 0.02537391 -0.03254509
v 0.78951240 0.03058726 -0.03504888
v 0.80157167 0.02374017 -0.03612763
v 0.79820043 0.01970315 -0.03342083
v 0.78236991 0.01596382 -0.04759602
v 0.78600955 0.01950973 -0.05201570
v 0.77965617 0.02068782 -0.05226950
v 0.77663058 0.01802465 -0.04743261
v 0.76860863 0.01610941 -0.08407977
v 0.76166707 0.01615423 -0.08382527
v 0.77329570 0.04505095 -0.04327168
v 0.76086485 0.04700433 -0.04161356
v 0.77341920 0.04296111 -0.05470090
v 0.75666523 0.01798119 -0.07802784
v 0.74924093 0.01892813 -0.07231405
v 0.75826460 0.01883271 -0.07301985
v 0.77050865 0.01968670 -0.05799675
v 0.76366115 0.01894752 -0.05925892
v 0.76694417 0.01880012 -0.05444103
v 0.77250695 0.01929855 -0.05280903
v 0.72180694 0.03224669 -0.09928762
v 0.71998662 0.01990945 -0.10046358
v 0.79981822 0.01213866 -0.03399310
v 0.80216283 0.00878578 -0.03449537
v 0.67114991 0.03539557 -0.08984805
v 0.67120785 0.02773079 -0.08639122
v 0.73923057 0.01898143 -0.07132144
v 0.74691218 0.04784219 -0.03981590
v 0.72944248 0.01780377 -0.07039957
v 0.76828778 0.02191868 -0.09402828
v 0.77088940 0.02821854 -0.09325671
v 0.76379055 0.03272774 -0.09282511
v 0.76199085 0.02419053 -0.09543824
v 0.79762673 0.00983620 -0.04782887
v 0.80141687 0.01289386 -0.05147400
v 0.79620165 0.01608416 -0.05169353
v 0.79306537 0.01242000 -0.04785340
v 0.78093481 0.01624659 -0.03708643
v 0.78087109 0.01477623 -0.04244942
v 0.77448899 0.01736094 -0.04252351
v 0.77406555 0.01863633 -0.03721184
v 0.77550459 0.02302445 -0.03356334
v 0.78296107 0.02052033 -0.03357919
v 0.79180336 0.03174663 -0.04867993
v 0.79025376 0.02586889 -0.05289897
v 0.80077064 0.02096769 -0.05278846
v 0.80396867 0.02456352 -0.04814799
v 0.72016829 0.05080742 -0.07686408
v 0.71707660 0.04770878 -0.08469965
v 0.73004675 0.04417735 -0.08769932
v 0.74318171 0.04099124 -0.09109826
v 0.75500703 0.03719355 -0.09412769
v 0.76050228 0.04298951 -0.08563420
v 0.72628587 0.04000867 -0.09384281
v 0.78079152 0.03582080 -0.05834890
v 0.78035092 0.02984643 -0.05702449
v 0.78244740 0.03580719 -0.05103643
v 0.72761935 0.01513314 -0.07667249
v 0.79455900 0.01555204 -0.03374558
v 0.69417900 0.05541751 -0.03766839
v 0.69447309 0.06067622 -0.05020198
v 0.70432484 0.05802958 -0.05090026
v 0.70278531 0.05269930 -0.03563873
v 0.79163927 0.01084164 -0.04256048
v 0.79177129 0.01174593 -0.03703158
v 0.76725763 0.01634625 -0.09332777
v 0.76151735 0.01500121 -0.09403574
v 0.76019597 0.01485149 -0.08960852
v 0.76706910 0.01510176 -0.08914545
v 0.71409893 0.04317267 -0.09061631
v 0.75394565 0.03104875 -0.10521457
v 0.74932534 0.02102265 -0.10905360
v 0.69934940 0.05693242 -0.07266631
v 0.70572972 0.05056603 -0.08247220
v 0.70847970 0.05419702 -0.07444371
v 0.76843423 0.04238221 -0.07507859
v 0.72360200 0.05228033 -0.06944000
v 0.71130061 0.05511832 -0.06701160
v 0.70119095 0.05847902 -0.06379426
v 0.69298679 0.06142604 -0.06237268
v 0.69162881 0.05919737 -0.07197426
v 0.80978549 0.01939988 -0.04799457
v 0.80399179 0.02587956 -0.04132382
v 0.68307072 0.06142226 -0.07184111
v 0.67258906 0.06369086 -0.07337015
v 0.68424171 0.06390583 -0.06194875
v 0.67335153 0.06631282 -0.06310018
v 0.71401519 0.05586136 -0.05852550
v 0.71621954 0.05491124 -0.04847310
v 0.72662324 0.05321861 -0.06136349
v 0.72993118 0.05264126 -0.05125879
v 0.77075887 0.04730518 -0.06556278
v 0.80476171 0.00872058 -0.05142658
v 0.80983436 0.00211626 -0.05172266
v 0.81389052 0.00357938 -0.05061069
v 0.80926061 0.01098257 -0.05106854
v 0.80592275 0.01619905 -0.05184467
v 0.81226420 0.01359606 -0.04754126
v 0.73281235 0.04904530 -0.03749990
v 0.77710688 0.02077010 -0.05734778
v 0.71699965 0.04806811 -0.03130567
v 0.73856354 0.03992771 -0.02604142
v 0.72830755 0.03692937 -0.02085590
v 0.69959998 0.04162376 -0.02440973
v 0.71079355 0.03399233 -0.01882237
v 0.68453419 0.04867474 -0.03116916
v 0.69186515 0.04576563 -0.02864656
v 0.67429817 0.05177313 -0.03313307
v 0.72373182 0.02296341 -0.01511697
v 0.80163169 0.00100535 -0.03879173
v 0.80145812 0.00062853 -0.04461052
v 0.67511886 0.06032381 -0.04035176
v 0.68597841 0.05742516 -0.03898735
v 0.73460448 0.00125265 -0.03979331
v 0.71991295 0.01677386 -0.06907079
v 0.71839517 0.01404519 -0.07382961
v 0.71528733 0.01075047 -0.08079890
v 0.71108681 0.01222326 -0.09111733
v 0.67452490 0.06572393 -0.05134459
v 0.65661252 0.01824960 -0.05909301
v 0.65717191 0.01765238 -0.06967660
v 0.65963280 0.06848357 -0.06528884
v 0.80509061 0.00244540 -0.03526650
v 0.77865320 0.02357537 -0.07624337
v 0.77804697 0.02391028 -0.07818235
v 0.73074096 -0.00725812 -0.02466056
v 0.73797494 -0.00893839 -0.02141111
v 0.73050255 -0.00225079 -0.01827368
v 0.73331791 0.00504952 -0.01502934
v 0.74218374 0.00119326 -0.01485816
v 0.73929995 -0.00498375 -0.01721203
v 0.70975190 0.01448418 -0.06751179
v 0.70934653 0.01259113 -0.07200543
v 0.70980996 0.02185623 -0.09775214
v 0.71101916 0.03391974 -0.09622124
v 0.77802384 0.02895820 -0.03258077
v 0.77311373 0.03831246 -0.03500244
v 0.78023595 0.03470361 -0.03557868
v 0.79096347 0.03365600 -0.04132107
v 0.78336382 0.02707388 -0.05363601
v 0.78067517 0.02506676 -0.05605395
v 0.70271361 0.00963817 -0.05089810
v 0.71435887 0.01666647 -0.05446386
v 0.74336565 0.00571554 -0.03447129
v 0.74639761 0.00243909 -0.03251518
v 0.76024532 0.01918047 -0.06616927
v 0.77985865 0.03662059 -0.07293683
v 0.78032547 0.04070956 -0.06542944
v 0.76807785 0.01971545 -0.06585669
v 0.81377828 0.00487322 -0.03638394
v 0.80937934 0.00342852 -0.03446548
v 0.78161514 0.03897011 -0.04236527
v 0.75389403 0.01612002 -0.08401345
v 0.77536494 0.03454073 -0.07911603
v 0.78030598 0.03030476 -0.07595954
v 0.74478769 0.01686061 -0.10616854
v 0.68570799 0.06276037 -0.05030497
v 0.80405653 0.00097030 -0.04973010
v 0.80014616 0.00665790 -0.04855449
v 0.81587851 0.00537395 -0.04717129
v 0.81578493 0.00630134 -0.04161108
v 0.70084816 0.02311897 -0.09435987
v 0.72119296 0.01852835 -0.06561209
v 0.65743697 0.02032876 -0.07920917
v 0.74471354 0.00799607 -0.01605307
v 0.73496455 0.01391803 -0.01572154
v 0.77437443 0.01977535 -0.06567229
v 0.75879085 0.02926338 -0.09919319
v 0.77615362 0.03337863 -0.08850052
v 0.77996683 0.03197047 -0.08197738
v 0.76876789 0.03804526 -0.08715334
v 0.78093642 0.02695552 -0.07950940
v 0.81870759 -0.00155324 -0.04741880
v 0.81859493 -0.00077426 -0.04189545
v 0.81621754 -0.00192541 -0.03670110
v 0.81143558 -0.00230098 -0.03501915
v 0.80703008 -0.00256282 -0.03615537
v 0.81623435 -0.00317717 -0.05069625
v 0.81219167 -0.00400645 -0.05177328
v 0.80630326 -0.00382358 -0.05005088
v 0.81720388 -0.00833225 -0.05106594
v 0.82001626 -0.00877666 -0.04751469
v 0.81937575 -0.01237267 -0.03950197
v 0.81951898 -0.01628733 -0.03941173
v 0.81712049 -0.01541036 -0.03707007
v 0.81780398 -0.00948983 -0.03730742
v 0.81726032 -0.02049470 -0.03815305
v 0.82010221 -0.02091432 -0.04004487
v 0.82055092 -0.01111561 -0.04228037
v 0.82142889 -0.01587301 -0.04299353
v 0.82143342 -0.02041501 -0.04738494
v 0.82208395 -0.02083981 -0.04366270
v 0.82066911 -0.01561409 -0.04679647
v 0.82048094 -0.01178759 -0.04567037
v 0.82025397 -0.00731093 -0.04199158
v 0.82215357 -0.02491057 -0.04409370
v 0.81951588 -0.02658033 -0.04461131
v 0.81806982 -0.02462566 -0.04030235
v 0.82055718 -0.02404344 -0.04087985
v 0.81272817 -0.00801390 -0.03577997
v 0.81353915 -0.01473832 -0.03682547
v 0.81398928 -0.02032065 -0.03858367
v 0.81497788 -0.02442968 -0.04111151
v 0.81141043 -0.02027053 -0.04047266
v 0.81002879 -0.01505119 -0.03843141
v 0.81265748 -0.02347153 -0.04286266
v 0.81006575 -0.02038038 -0.04325940
v 0.80778152 -0.01550370 -0.04183739
v 0.80553162 -0.00770938 -0.04046240
v 0.80839473 -0.00734466 -0.03699417
v 0.81153059 -0.02257025 -0.04427774
v 0.81660175 -0.02626723 -0.04544684
v 0.81960160 -0.01469368 -0.04961522
v 0.81974947 -0.02013916 -0.04987509
v 0.81738633 -0.01454890 -0.05145138
v 0.81761640 -0.02011681 -0.05122528
v 0.82196814 -0.02381229 -0.04742100
v 0.82008624 -0.02455127 -0.04884865
v 0.80365008 -0.00313628 -0.03977638
v 0.80375218 -0.00334859 -0.04556328
v 0.80551338 -0.00769216 -0.04599639
v 0.80770332 -0.01530170 -0.04679751
v 0.80836678 -0.00793678 -0.05023491
v 0.81334639 -0.00856417 -0.05197695
v 0.81440514 -0.01464963 -0.05195560
v 0.81054884 -0.01475465 -0.05080753
v 0.81223744 -0.01988107 -0.05011071
v 0.81480050 -0.02006465 -0.05131143
v 0.81040376 -0.02027506 -0.04690855
v 0.81493247 -0.02329701 -0.04962226
v 0.81752020 -0.02431256 -0.04958311
v 0.81314248 -0.02235037 -0.04906125
v 0.81233013 -0.02278006 -0.04667414
v 0.81414986 -0.02452993 -0.04625069
v 0.80026251 0.01062518 -0.06916875
v 0.80131406 0.01201814 -0.06448541
v 0.80395162 0.00668848 -0.06505661
v 0.80235946 0.00525099 -0.06996301
v 0.80817443 0.01795638 -0.06191423
v 0.81230247 0.02180126 -0.06474775
v 0.81501102 0.01457864 -0.06505207
v 0.81057209 0.01103860 -0.06245816
v 0.81346524 0.02370757 -0.07178313
v 0.81594861 0.01653445 -0.07177508
v 0.78891826 0.02664050 -0.05855124
v 0.79073554 0.03214791 -0.06040148
v 0.80550832 0.02714053 -0.06322052
v 0.80232841 0.02250218 -0.06060227
v 0.78291416 0.01827365 -0.07275175
v 0.78523910 0.02120498 -0.07674979
v 0.80408895 0.01458967 -0.06215240
v 0.80660462 0.00847524 -0.06272532
v 0.80018348 0.01082873 -0.07388579
v 0.80237997 0.01247305 -0.07812512
v 0.79737687 0.01740339 -0.07751402
v 0.79545712 0.01481718 -0.07354742
v 0.78408808 0.01882273 -0.06024571
v 0.78284568 0.01767179 -0.06648969
v 0.78659105 0.02242893 -0.05827815
v 0.79048711 0.03296322 -0.07414846
v 0.78854853 0.02733478 -0.07762728
v 0.80095333 0.02167886 -0.07935037
v 0.80442089 0.02625620 -0.07684050
v 0.79900968 0.01883799 -0.06099866
v 0.79533505 0.01426154 -0.06821007
v 0.79648590 0.01566148 -0.06324492
v 0.81048208 0.01962405 -0.07803662
v 0.80576205 0.02935684 -0.06991202
v 0.80505115 0.00648510 -0.07901709
v 0.80927199 -0.00131720 -0.07940595
v 0.81325281 0.00073624 -0.07954127
v 0.80914825 0.00878167 -0.07982838
v 0.80600572 0.01526058 -0.07937998
v 0.81311238 0.01246399 -0.07788852
v 0.80704671 -0.00218117 -0.06625971
v 0.80555809 -0.00295627 -0.07140550
v 0.80995703 -0.00093591 -0.06360543
v 0.79136276 0.03584963 -0.06664076
v 0.81819636 0.00376296 -0.06590796
v 0.81369722 0.00098729 -0.06355344
v 0.80580378 -0.00273299 -0.07620688
v 0.80226898 0.00535667 -0.07490036
v 0.81692481 0.00324386 -0.07758707
v 0.81905472 0.00545424 -0.07180706
v 0.81927466 -0.00433350 -0.07729929
v 0.82132679 -0.00316584 -0.07220142
v 0.82050097 -0.00419885 -0.06664097
v 0.81576610 -0.00524747 -0.06433004
v 0.81187773 -0.00588238 -0.06466631
v 0.81599855 -0.00597036 -0.07925765
v 0.81207901 -0.00694543 -0.07922150
v 0.80828035 -0.00738746 -0.07657032
v 0.81634802 -0.01320100 -0.07874568
v 0.81999284 -0.01316118 -0.07697725
v 0.82086235 -0.01979434 -0.06843734
v 0.82109439 -0.02499431 -0.06817359
v 0.81881499 -0.02435565 -0.06607731
v 0.81949216 -0.01855129 -0.06585655
v 0.82136858 -0.01595521 -0.06904292
v 0.82088912 -0.01265168 -0.06700878
v 0.82157499 -0.01561379 -0.07215601
v 0.82180774 -0.02031666 -0.07240179
v 0.82022691 -0.02599674 -0.07550174
v 0.82220060 -0.02607858 -0.07217042
v 0.81985998 -0.02048784 -0.07521917
v 0.82026887 -0.01642120 -0.07485481
v 0.81882054 -0.02946210 -0.06768852
v 0.82117379 -0.02899611 -0.06842355
v 0.82252395 -0.01107478 -0.07239790
v 0.81652343 -0.01075613 -0.06466486
v 0.81625611 -0.01776111 -0.06453681
v 0.81581008 -0.02414078 -0.06544688
v 0.81580305 -0.02910537 -0.06778482
v 0.81285399 -0.02406806 -0.06609014
v 0.81252682 -0.01779592 -0.06490950
v 0.81345659 -0.02805018 -0.06852502
v 0.81061339 -0.02430314 -0.06837112
v 0.80924165 -0.01821601 -0.06735438
v 0.80938351 -0.01041132 -0.06754760
v 0.81232536 -0.01041335 -0.06481679
v 0.81195915 -0.02707142 -0.06947573
v 0.81942618 -0.03230691 -0.07150164
v 0.81630373 -0.03157347 -0.07148172
v 0.82250232 -0.03115624 -0.07176903
v 0.81806028 -0.02016187 -0.07661682
v 0.81800050 -0.02605426 -0.07629392
v 0.81601161 -0.02033734 -0.07802844
v 0.81611896 -0.02634245 -0.07721029
v 0.82069868 -0.03008521 -0.07504770
v 0.81872547 -0.03076386 -0.07533251
v 0.80906045 -0.00660664 -0.06734866
v 0.80753511 -0.00720441 -0.07202942
v 0.80775928 -0.01093078 -0.07210527
v 0.80803752 -0.01876557 -0.07204203
v 0.80891615 -0.01147634 -0.07652719
v 0.81268382 -0.01272136 -0.07871675
v 0.81310034 -0.01985878 -0.07798228
v 0.80967402 -0.01934052 -0.07613699
v 0.81122017 -0.02477407 -0.07540090
v 0.81378114 -0.02577472 -0.07683408
v 0.80981976 -0.02455610 -0.07201494
v 0.81422222 -0.02914488 -0.07499813
v 0.81649691 -0.03036284 -0.07539700
v 0.81234217 -0.02763641 -0.07433181
v 0.81192446 -0.02773988 -0.07182467
v 0.81397372 -0.02984089 -0.07159822
v 0.78783756 0.00526774 -0.08862160
v 0.79095513 0.00724393 -0.08501548
v 0.79172575 0.00329643 -0.08474010
v 0.78799045 0.00134367 -0.08839694
v 0.79812288 0.01240814 -0.08532332
v 0.80012774 0.01520878 -0.08816902
v 0.80109835 0.00773084 -0.08856893
v 0.79929376 0.00614846 -0.08568355
v 0.79970109 0.01581669 -0.09425098
v 0.80075836 0.00755173 -0.09345391
v 0.78497750 0.02313122 -0.08128044
v 0.78613943 0.02764112 -0.08405732
v 0.79582787 0.02110723 -0.08666956
v 0.79423785 0.01736683 -0.08356507
v 0.79453135 0.00963563 -0.08416575
v 0.79592657 0.00462168 -0.08433817
v 0.78653204 0.00439960 -0.09291308
v 0.78724205 0.00509900 -0.09640148
v 0.78321868 0.00926524 -0.09562437
v 0.78282750 0.00839683 -0.09214424
v 0.77467120 0.01406428 -0.08551397
v 0.77789432 0.01608035 -0.08172693
v 0.78162026 0.01925191 -0.08063594
v 0.77974916 0.02450413 -0.09552357
v 0.77587688 0.01892632 -0.09599094
v 0.78620398 0.01277396 -0.09839816
v 0.79080576 0.01819140 -0.09809109
v 0.79086757 0.01373780 -0.08289828
v 0.78399241 0.00825977 -0.08734745
v 0.78711617 0.01072216 -0.08376954
v 0.79542637 0.01182795 -0.09864391
v 0.79408574 0.02200279 -0.09263403
v 0.78785765 0.00126511 -0.09692238
v 0.79130006 -0.00744265 -0.09616593
v 0.79533434 -0.00662315 -0.09737858
v 0.79216284 0.00288212 -0.09880878
v 0.79042876 0.00791776 -0.09900226
v 0.79701221 0.00564909 -0.09774224
v 0.79278255 -0.00486290 -0.08409533
v 0.78949678 -0.00611687 -0.08784497
v 0.79719138 -0.00416410 -0.08379477
v 0.78406662 0.02866566 -0.09013934
v 0.77317142 0.01425499 -0.09403927
v 0.80320764 -0.00328082 -0.08766171
v 0.80067688 -0.00366622 -0.08496559
v 0.78874952 -0.00700045 -0.09267366
v 0.78660536 0.00076789 -0.09304044
v 0.79993904 -0.00488770 -0.09642810
v 0.80314219 -0.00302225 -0.09235089
v 0.80131608 -0.01243180 -0.09536007
v 0.80448836 -0.01109618 -0.09126034
v 0.80455953 -0.01093888 -0.08657324
v 0.80147463 -0.01036352 -0.08412409
v 0.79797339 -0.00984204 -0.08328682
v 0.79637492 -0.01325971 -0.09591475
v 0.79284173 -0.01294678 -0.09461197
v 0.79054743 -0.01134497 -0.09175706
v 0.79551500 -0.01792121 -0.09485856
v 0.80015969 -0.01872396 -0.09347951
v 0.80156225 -0.02421361 -0.08453155
v 0.80121976 -0.02885658 -0.08341202
v 0.80054927 -0.02807373 -0.08153239
v 0.80160320 -0.02320075 -0.08264747
v 0.80277216 -0.02084363 -0.08598140
v 0.80352336 -0.01794958 -0.08526406
v 0.80260634 -0.02069271 -0.08904591
v 0.80176091 -0.02510703 -0.08815095
v 0.79829478 -0.02914613 -0.09000233
v 0.80117828 -0.02985615 -0.08704969
v 0.79882509 -0.02451330 -0.09100795
v 0.80055153 -0.02111197 -0.09159508
v 0.79990655 -0.03224736 -0.08173129
v 0.80101442 -0.03211796 -0.08313921
v 0.80363631 -0.01723248 -0.08990991
v 0.80119497 -0.01585335 -0.08264032
v 0.79972231 -0.02172095 -0.08092281
v 0.79850835 -0.02703035 -0.08002019
v 0.79725015 -0.03112143 -0.08074537
v 0.79563051 -0.02585614 -0.07996780
v 0.79650509 -0.02054560 -0.08055812
v 0.79476017 -0.02948421 -0.08084333
v 0.79300314 -0.02520543 -0.08108503
v 0.79316783 -0.01982784 -0.08148181
v 0.79428470 -0.01359302 -0.08333099
v 0.79774183 -0.01446497 -0.08218089
v 0.79321802 -0.02806973 -0.08160493
v 0.79849005 -0.03462273 -0.08499825
v 0.79542315 -0.03350049 -0.08422658
v 0.80066586 -0.03379852 -0.08600110
v 0.79702234 -0.02384919 -0.09266564
v 0.79625797 -0.02876669 -0.09104276
v 0.79417688 -0.02304387 -0.09291872
v 0.79373634 -0.02843046 -0.09092200
v 0.79845089 -0.03273070 -0.08882543
v 0.79670376 -0.03291988 -0.08890650
v 0.79418659 -0.00963211 -0.08432248
v 0.79117256 -0.01011139 -0.08760938
v 0.79132229 -0.01355249 -0.08636233
v 0.79015994 -0.01999497 -0.08455148
v 0.79037988 -0.01459891 -0.09043664
v 0.79220986 -0.01674366 -0.09320426
v 0.79145288 -0.02202404 -0.09160867
v 0.78964239 -0.02082819 -0.08874235
v 0.79015869 -0.02594471 -0.08749768
v 0.79144484 -0.02739024 -0.08970571
v 0.79068625 -0.02537090 -0.08380225
v 0.79227895 -0.03042912 -0.08732918
v 0.79432082 -0.03202915 -0.08841985
v 0.79102552 -0.02886844 -0.08624053
v 0.79192108 -0.02878731 -0.08368939
v 0.79330522 -0.03114659 -0.08379459
v 0.77327800 0.01372674 -0.08997284
v 0.76755273 0.00221825 -0.10657242
v 0.77077854 0.00343242 -0.10414842
v 0.77121353 0.00031489 -0.10440025
v 0.76771748 -0.00036788 -0.10667515
v 0.77764803 0.00793022 -0.10599226
v 0.77881366 0.00940949 -0.10998183
v 0.77915353 0.00316852 -0.11041772
v 0.77834427 0.00226742 -0.10644090
v 0.77640545 0.00913844 -0.11513570
v 0.77688813 0.00312662 -0.11514685
v 0.76564240 0.01902637 -0.09954292
v 0.76491743 0.02303541 -0.10278583
v 0.77483445 0.01520881 -0.10787040
v 0.77407312 0.01289240 -0.10391656
v 0.75592685 0.00688434 -0.10540229
v 0.75484037 0.00865018 -0.10951874
v 0.74943095 0.01222813 -0.10676762
v 0.74879336 0.01161913 -0.10224052
v 0.77448344 0.00584632 -0.10389334
v 0.77511758 0.00118035 -0.10454547
v 0.76522189 0.00161731 -0.10974127
v 0.76437384 0.00157550 -0.11343521
v 0.76235998 0.00450933 -0.11301774
v 0.76306456 0.00386789 -0.10879830
v 0.76035941 0.00993167 -0.09853732
v 0.75843972 0.00705925 -0.10188392
v 0.75111353 0.01075491 -0.09798678
v 0.75571942 0.01251231 -0.09529704
v 0.76348656 0.01355839 -0.09875819
v 0.75725108 0.01770464 -0.11291607
v 0.75519562 0.01224235 -0.11214820
v 0.76380813 0.00741148 -0.11605775
v 0.76797962 0.01139385 -0.11647417
v 0.77192664 0.00928283 -0.10284764
v 0.76504505 0.00506270 -0.10528049
v 0.76886910 0.00614566 -0.10323215
v 0.77121711 0.00609764 -0.11737773
v 0.77233613 0.01559046 -0.11308259
v 0.76440239 -0.00155765 -0.11389527
v 0.76540649 -0.00773221 -0.11419168
v 0.76782811 -0.00776011 -0.11677271
v 0.76700020 -0.00075263 -0.11711299
v 0.76665229 0.00301564 -0.11652115
v 0.77152824 0.00073296 -0.11750460
v 0.77222574 -0.00598639 -0.10435462
v 0.76832151 -0.00611895 -0.10666305
v 0.77592808 -0.00576311 -0.10469878
v 0.76160949 0.02396187 -0.10840946
v 0.77998036 -0.00552118 -0.11030287
v 0.77888477 -0.00576419 -0.10664657
v 0.76589489 -0.00690669 -0.11021668
v 0.76531875 -0.00116479 -0.11000594
v 0.77217579 -0.00710481 -0.11730477
v 0.77736700 -0.00560415 -0.11462823
v 0.77264005 -0.01341927 -0.11675981
v 0.77826035 -0.01213032 -0.11452553
v 0.78029609 -0.01140064 -0.11004841
v 0.77924424 -0.01048976 -0.10653904
v 0.77660298 -0.00984859 -0.10481304
v 0.76801980 -0.01328689 -0.11588943
v 0.76619691 -0.01239556 -0.11334977
v 0.76695180 -0.01098287 -0.10988179
v 0.76848114 -0.01765758 -0.11447990
v 0.77295583 -0.01860523 -0.11500517
v 0.77905524 -0.02178025 -0.10766104
v 0.77931458 -0.02519965 -0.10625708
v 0.77908969 -0.02477014 -0.10436746
v 0.77947760 -0.02071005 -0.10581264
v 0.77908999 -0.01883239 -0.10961562
v 0.77965903 -0.01636875 -0.10896885
v 0.77753538 -0.01900846 -0.11235639
v 0.77793884 -0.02272338 -0.11092833
v 0.77446187 -0.02721709 -0.11128101
v 0.77828860 -0.02647197 -0.10964265
v 0.77432680 -0.02354664 -0.11303383
v 0.77491748 -0.02036786 -0.11377284
v 0.77867907 -0.02852201 -0.10418248
v 0.77938485 -0.02806383 -0.10589847
v 0.77751911 -0.01631826 -0.11322471
v 0.77893883 -0.01459432 -0.10592940
v 0.77871424 -0.01975572 -0.10391805
v 0.77810943 -0.02476400 -0.10243887
v 0.77673864 -0.02856410 -0.10273486
v 0.77598262 -0.02384764 -0.10178375
v 0.77656734 -0.01867402 -0.10295859
v 0.77482653 -0.02732486 -0.10229880
v 0.77361953 -0.02300066 -0.10216573
v 0.77356517 -0.01786041 -0.10310760
v 0.77321333 -0.01275921 -0.10431015
v 0.77651209 -0.01341212 -0.10434532
v 0.77353811 -0.02596164 -0.10230187
v 0.77653760 -0.03079635 -0.10647428
v 0.77459264 -0.03018630 -0.10484043
v 0.77813184 -0.02978396 -0.10845032
v 0.77180946 -0.02327269 -0.11332241
v 0.77215874 -0.02742517 -0.11110592
v 0.76919025 -0.02222502 -0.11247241
v 0.77027076 -0.02687269 -0.10979465
v 0.77526486 -0.02959371 -0.10998425
v 0.77380407 -0.03019267 -0.10893610
v 0.77284598 -0.00958765 -0.10443485
v 0.76929212 -0.00992811 -0.10642001
v 0.76964277 -0.01319760 -0.10599941
v 0.77020812 -0.01808161 -0.10455704
v 0.76711196 -0.01440644 -0.10907632
v 0.76663476 -0.01606911 -0.11221093
v 0.76760876 -0.02112305 -0.11028913
v 0.76773083 -0.01955169 -0.10736835
v 0.76932156 -0.02435017 -0.10565081
v 0.76928002 -0.02576965 -0.10786057
v 0.77104270 -0.02322155 -0.10347781
v 0.77138650 -0.02822500 -0.10569969
v 0.77226317 -0.02960026 -0.10717109
v 0.77094144 -0.02679580 -0.10470834
v 0.77219033 -0.02662218 -0.10340446
v 0.77316308 -0.02865106 -0.10384548
v 0.75087100 0.01478654 -0.10939436
v 0.75675440 0.00517508 -0.02584259
v 0.75653958 0.00543731 -0.02099474
v 0.74969232 -0.01025286 -0.03093310
v 0.75301737 -0.00376656 -0.03197882
v 0.74717951 -0.01401969 -0.02558769
v 0.74883807 -0.01008746 -0.01560163
v 0.74727345 -0.01333131 -0.01986626
v 0.75563484 0.00160231 -0.02972941
v 0.75502944 0.00277737 -0.01656576
v 0.75169981 -0.00378017 -0.01401973
v 0.76306051 -0.00426986 -0.01462719
v 0.76015759 -0.01052997 -0.01296467
v 0.75600171 -0.01708939 -0.01535174
v 0.75365472 -0.01854273 -0.02044582
v 0.75228900 -0.01747561 -0.02583911
v 0.76379877 0.00034170 -0.01970263
v 0.76312977 0.00113684 -0.02484052
v 0.76050287 -0.00158590 -0.02915435
v 0.77080154 -0.00537201 -0.01850259
v 0.77346915 -0.01183471 -0.01443636
v 0.77141428 -0.02556593 -0.01557150
v 0.77521467 -0.02775068 -0.01560917
v 0.77352655 -0.02879869 -0.01962554
v 0.76889777 -0.02677570 -0.01903206
v 0.76952755 -0.02302563 -0.01546353
v 0.76532090 -0.02296937 -0.01718113
v 0.77507609 -0.02162531 -0.01269150
v 0.77227461 -0.01949392 -0.01371035
v 0.77510208 -0.01614389 -0.01335344
v 0.77829647 -0.01691514 -0.01319432
v 0.77871591 -0.02429411 -0.01223400
v 0.78182894 -0.02622484 -0.01427656
v 0.77864170 -0.02879771 -0.01595476
v 0.77841449 -0.02918738 -0.01937637
v 0.76933753 -0.01724593 -0.01356861
v 0.75986165 -0.02289454 -0.02201506
v 0.76641941 -0.02651645 -0.02342758
v 0.00000008 0.09862099 -0.13032661
v 0.00000016 0.11020034 -0.12790485
v 0.77268267 -0.02822654 -0.02402875
v 0.77819282 -0.02766903 -0.02362528
v 0.77272636 -0.02512603 -0.02818462
v 0.76563412 -0.02382176 -0.02834886
v 0.77760893 -0.02446957 -0.02677235
v 0.77380210 -0.02099600 -0.02991894
v 0.76704437 -0.01884812 -0.03100196
v 0.75789762 -0.01516873 -0.03087851
v 0.75737703 -0.02036335 -0.02707988
v 0.77714819 -0.02174723 -0.02825651
v 0.78321844 -0.02634798 -0.01819012
v 0.78236079 -0.02420906 -0.02218547
v 0.77877116 -0.01333870 -0.01581565
v 0.78235143 -0.01639151 -0.01644269
v 0.78137511 -0.01925197 -0.01319602
v 0.77782375 -0.00991144 -0.01952869
v 0.78214145 -0.01435573 -0.02036890
v 0.78340667 -0.02220486 -0.01385650
v 0.78430903 -0.02075686 -0.01699409
v 0.75365680 -0.01319620 -0.03067973
v 0.75699848 -0.00698467 -0.03155749
v 0.76127428 -0.00891799 -0.03130329
v 0.76968086 -0.01313413 -0.03083971
v 0.76569551 -0.00422977 -0.02853364
v 0.76911342 -0.00272354 -0.02333850
v 0.77635372 -0.00831637 -0.02398282
v 0.77327973 -0.00923973 -0.02836248
v 0.77839482 -0.01410820 -0.02742666
v 0.78070867 -0.01351914 -0.02437279
v 0.77587104 -0.01704384 -0.02934715
v 0.78196466 -0.01796160 -0.02454326
v 0.78376853 -0.01916211 -0.02115497
v 0.78013438 -0.01727237 -0.02652776
v 0.77892846 -0.01960436 -0.02746660
v 0.78073722 -0.02173337 -0.02538967
v 0.74458456 0.01358587 -0.10154796
v 0.74707270 0.01270457 -0.09627041
v 0.74132997 0.01355459 -0.09536590
v 0.73401982 0.01225238 -0.09404384
v 0.72554231 0.01393422 -0.09777290
v 0.73605818 0.01279102 -0.08803643
v 0.74368632 0.01408608 -0.08972237
v 0.75212646 0.01382077 -0.09077170
v 0.73122978 0.01358414 -0.08138516
v 0.01801762 0.06663597 0.06950068
v 0.01865079 0.05025491 0.08439002
v 0.31219465 0.05148688 0.00975835
v 0.30995786 0.07233166 0.00694113
v 0.30424777 0.11223274 -0.04424518
v 0.29968071 0.10979737 -0.07260254
v 0.08657308 -0.19879067 0.19126976
v 0.13003835 -0.15860835 -0.10019975
v 0.12985660 -0.14328755 -0.10806761
v 0.03915755 -0.13965338 -0.12682268
v 0.06155067 -0.14353554 -0.12659244
v 0.17619774 -0.17071213 0.05027157
v 0.17260446 -0.15395944 0.04379594
v 0.13048102 -0.17760469 0.13340324
v 0.12838279 -0.15796033 0.12491840
v 0.16866727 -0.19143273 0.08866956
v 0.09633304 -0.18159568 -0.11474420
v 0.12069444 -0.18465771 -0.10526671
v 0.11312135 -0.16799675 -0.10877418
v 0.08931209 -0.16442339 -0.11764814
v 0.01871170 -0.13633280 -0.12190382
v 0.01960527 -0.15383244 -0.11342423
v 0.17668270 -0.13694902 0.00679815
v 0.17483011 -0.13669406 -0.02742639
v 0.14860164 -0.13200733 -0.08619076
v 0.12760521 -0.12623441 -0.10656931
v 0.10515930 -0.11963123 -0.11998519
v 0.08289088 -0.11305203 -0.12913501
v 0.10863762 -0.13736065 0.14117318
v 0.08498159 -0.11656834 0.14841342
v 0.17109777 -0.13703191 0.04033079
v 0.03145400 -0.13320526 0.18453857
v 0.06531695 -0.08677024 -0.14230858
v 0.04129905 -0.08169590 -0.14552276
v 0.16514571 -0.13535546 -0.05887780
v 0.03639419 0.01558374 0.12476452
v 0.05640167 0.01797934 0.12242897
v 0.05641593 0.00353214 0.13734598
v 0.03687114 0.00054538 0.13875699
v 0.07563958 0.00536717 0.13476428
v 0.09409220 0.00632341 0.13011102
v 0.11076705 0.00638040 0.12399846
v 0.14923273 0.00078641 0.10166942
v 0.13816920 0.00341949 0.10957376
v 0.16812925 -0.00881566 0.08430335
v 0.15913986 -0.00282413 0.09344475
v 0.17690139 -0.02026510 0.07395488
v 0.18376161 -0.03401674 0.05964818
v 0.18836477 -0.03328796 0.03200737
v 0.18887192 -0.04720769 0.04046729
v 0.18390411 -0.04775298 0.07005849
v 0.17736223 -0.03374920 0.08469228
v 0.16876435 -0.02276962 0.09586307
v 0.02268265 -0.06191260 0.16148260
v 0.01988455 -0.03921045 0.15954770
v 0.01677108 0.08257815 0.05548809
v 0.50071907 0.01856133 -0.09622509
v 0.62132710 0.05103600 -0.03168522
v 0.01899624 0.11211282 -0.12852263
v 0.03829867 0.11546706 -0.12595162
v 0.10521349 0.13011922 -0.10927729
v 0.12037373 0.14028221 -0.08971605
v 0.08322245 0.11955039 -0.12068974
v 0.06083012 0.11021531 -0.12638764
v 0.15278459 -0.12199640 0.06666644
v 0.03997560 0.07922931 -0.13787089
v 0.06268927 0.09885486 -0.13154745
v 0.08741080 0.10822431 -0.12775245
v 0.11117698 0.11875099 -0.11613202
v 0.13317339 0.12999025 -0.09524093
v 0.14864287 0.12913717 -0.08705836
v 0.17016426 0.11267579 -0.09479257
v 0.18721320 0.11585932 -0.08379890
v 0.18835616 0.12839039 -0.06491030
v 0.17899691 0.12818956 -0.07024136
v 0.17849012 0.11410995 -0.08903196
v 0.26675099 0.11559854 -0.08254701
v 0.29031175 0.09336225 -0.09974081
v 0.28158307 0.10677832 -0.08924379
v 0.29430082 0.07712562 -0.10919198
v 0.29481655 0.06300967 -0.11411969
v 0.29104266 0.04901265 -0.11566453
v 0.28155637 0.03753375 -0.11530820
v 0.24334168 0.01482583 -0.10186926
v 0.22595617 0.00780748 -0.09597376
v 0.18943736 -0.01684079 -0.10037114
v 0.18216041 -0.02332937 -0.10405626
v 0.16258091 -0.05202887 -0.11480252
v 0.15049241 -0.06609568 -0.11840302
v 0.00000238 0.14554697 -0.11609716
v 0.13589704 -0.08019991 -0.12225228
v -0.00000364 -0.05550149 -0.15057907
v -0.00000303 -0.03386093 -0.15340407
v -0.00000130 -0.11697477 -0.12607007
v -0.00000283 -0.10202198 -0.14000146
v 0.15270370 -0.26189870 -0.10796744
v 0.14539765 -0.24431823 -0.10063241
v 0.12119519 -0.24464038 -0.11455496
v 0.00000159 -0.22224866 -0.11644229
v 0.00000141 -0.20888545 -0.10032526
v 0.00000180 -0.16908932 -0.09857510
v 0.00000101 -0.15056434 -0.10317815
v 0.12852219 -0.26349735 -0.12198608
v 0.05564909 -0.21042749 -0.10888248
v -0.00000241 0.00048183 -0.15159442
v -0.00000212 0.01207129 -0.14338425
v -0.00000189 0.02916815 -0.14134942
v 0.02796139 -0.20903939 -0.10634233
v 0.19702601 -0.24904306 -0.03060989
v 0.20203328 -0.25434887 0.00312938
v 0.16646104 -0.24388620 -0.08204490
v 0.18409806 -0.24552339 -0.05930014
v 0.19824392 -0.26148364 0.03840610
v 0.13112257 -0.29700348 0.15637907
v 0.10808694 -0.30458713 0.18076286
v 0.05575596 -0.31585887 0.21163180
v 0.02796906 -0.31886327 0.21796389
v 0.18746677 -0.27062821 0.07125883
v 0.08264526 -0.31118605 0.19965953
v 0.17158780 -0.28006628 0.10089875
v 0.15223025 -0.28892034 0.12929547
v 0.08101933 -0.21203397 -0.10698205
v 0.08711769 -0.22733468 -0.11486225
v 0.00000602 0.13270102 0.02953418
v 0.00000629 0.12457254 0.03081380
v 0.11138240 -0.22753733 -0.10718118
v 0.06163419 -0.01395761 -0.15604921
v 0.03951359 -0.01480042 -0.15573737
v 0.08401358 -0.01104761 -0.15452425
v 0.10172124 0.01274781 -0.15147310
v 0.10431406 -0.00539117 -0.15088330
v 0.12387194 0.00167590 -0.14547485
v 0.00000582 0.14100109 0.03091404
v 0.00000492 0.06493077 0.07192638
v 0.00000334 0.04755718 0.08625948
v 0.12116386 0.01912721 -0.14605439
v 0.00000414 -0.04198689 0.15869600
v 0.00000417 -0.06427393 0.16071180
v 0.00000636 0.08081371 0.05740413
v 0.00000343 -0.08281341 0.15624040
v 0.15554158 0.02962699 -0.13118391
v 0.15674978 0.01610985 -0.13044599
v 0.16925609 0.01998921 -0.12413476
v 0.16872548 0.03284908 -0.12554689
v 0.19309890 0.02632237 -0.11413603
v 0.18095639 0.02284487 -0.11915635
v 0.20541932 0.03163008 -0.10833491
v 0.22063720 0.03778010 -0.11024466
v 0.21637042 0.06777065 -0.11393519
v 0.20413250 0.06082784 -0.11451627
v 0.15596548 0.04452120 -0.13014004
v 0.13990101 0.04133869 -0.13754119
v 0.03814999 0.01810034 -0.15031032
v 0.01860315 0.01456747 -0.14688805
v 0.19223094 -0.05387866 0.01475362
v 0.19374198 -0.05822894 -0.01350320
v 0.19237097 -0.05985789 -0.03961273
v 0.18941371 -0.05897572 -0.06226473
v 0.18495291 -0.05513848 -0.08153136
v 0.17826660 -0.04901871 -0.09787948
v 0.17641078 -0.03130932 -0.10776110
v 0.17026940 -0.04073884 -0.11133223
v -0.00000061 -0.43783012 -0.12192406
v 0.17006543 -0.02138828 -0.11685688
v 0.16198446 -0.03049733 -0.12167550
v 0.14633231 -0.00530188 -0.13540697
v 0.15376395 -0.01888834 -0.12983435
v 0.14152679 0.00977112 -0.13842872
v 0.13934004 0.02515297 -0.13932618
v 0.12078367 0.03690276 -0.14485861
v 0.10136086 0.03131931 -0.15042028
v 0.08364737 0.06211122 -0.14649063
v 0.08165857 0.04430075 -0.15036857
v 0.08100409 0.02588398 -0.15300445
v 0.08102426 0.00790214 -0.15428413
v 0.07900652 0.15320335 -0.09078544
v 0.06022383 0.14637493 -0.10442591
v 0.27404395 0.04351909 -0.11649758
v 0.27906811 0.05254518 -0.11709587
v -0.00000159 -0.38171610 -0.14747049
v -0.00000136 -0.35714242 -0.15088804
v 0.26977810 0.05280265 -0.11738662
v 0.26888469 0.04605787 -0.11690235
v 0.28037196 0.06344937 -0.11606941
v 0.27957350 0.07677292 -0.11256398
v 0.26747620 0.07546788 -0.11470685
v 0.26920298 0.06221119 -0.11726986
v 0.27569041 0.09093255 -0.10584229
v 0.26366180 0.08814564 -0.10996491
v 0.26854879 0.10252737 -0.09870185
v 0.25880137 0.10992944 -0.09329581
v 0.25432670 0.10514586 -0.09908230
v 0.25859085 0.09877596 -0.10414702
v 0.22327055 0.10125563 -0.10256808
v 0.23486415 0.10383703 -0.10116502
v 0.24607503 0.10506035 -0.09995322
v 0.23549756 0.04506929 -0.11402127
v 0.24799253 0.05335749 -0.11656608
v 0.25885716 0.05912854 -0.11741745
v 0.25631970 0.07217786 -0.11616732
v 0.24520227 0.06592523 -0.11612573
v -0.00000143 -0.40291137 -0.14098735
v 0.23278376 0.05821536 -0.11512069
v 0.05874744 0.00513180 -0.15557136
v 0.03773665 0.00254617 -0.15471740
v 0.00000355 -0.42646521 0.17365919
v 0.00000398 -0.43966204 0.16260411
v 0.19227497 0.03944317 -0.11613876
v 0.00000420 -0.45146418 0.14979573
v 0.00000384 -0.46264336 0.13541880
v 0.18121721 0.03604370 -0.12117377
v 0.20376942 0.04433920 -0.11184216
v 0.21843703 0.05140059 -0.11288778
v 0.19284911 0.05498381 -0.11742795
v 0.18185124 0.05070990 -0.12153305
v 0.16962209 0.04742970 -0.12563220
v 0.05941191 0.02179159 -0.15265438
v 0.01845745 0.00069943 -0.15317766
v 0.00000017 -0.30743694 -0.14926013
v 0.00000143 -0.28371999 -0.14393410
v -0.00000057 -0.34502134 0.21689312
v 0.00000600 0.14614859 0.03267110
v -0.00000366 0.18414465 -0.08344511
v 0.00000684 0.11526557 0.03328548
v 0.00000660 0.10517403 0.03885065
v 0.00000027 -0.48014286 0.02140854
v 0.00000623 0.09385557 0.04641244
v 0.00000114 -0.47966018 0.00407626
v 0.00000045 -0.13177060 -0.11275950
v 0.18738349 0.09136122 0.03248182
v 0.18741429 0.11668295 0.01286775
v 0.19020541 0.13452429 -0.01215153
v 0.19061577 0.13779627 -0.04053888
v 0.43019757 -0.01257605 -0.05929353
v 0.02136566 -0.17160150 -0.10821670
v 0.02418452 -0.19040450 -0.10488143
v 0.04992441 -0.19341998 -0.11072648
v 0.01988576 -0.08009471 -0.14632091
v 0.01906371 -0.01487393 -0.15531570
v 0.12571442 -0.02284577 0.14639160
v 0.11073344 -0.02173650 0.15301707
v 0.11078708 -0.00752407 0.13955972
v 0.12558286 -0.00856742 0.13251987
v 0.15007558 -0.02653456 0.12825139
v 0.13860577 -0.02433071 0.13780192
v 0.13854785 -0.01048429 0.12431983
v 0.14963582 -0.01297034 0.11547413
v 0.15995710 -0.03024369 0.11800027
v 0.15959097 -0.01673197 0.10595712
v 0.13847280 -0.04001021 0.14853665
v 0.12505455 -0.03870646 0.15725341
v 0.10998141 -0.03718016 0.16337237
v 0.15942059 -0.04411780 0.12778455
v 0.14984964 -0.04156383 0.13851504
v 0.01136119 0.14633052 0.03106561
v 0.01346448 0.10637447 0.03786850
v 0.01245004 0.11638588 0.03284049
v 0.01865835 -0.02008074 0.15153714
v 0.01753832 0.01142107 0.12727435
v 0.01804939 0.02127044 0.11223709
v 0.01856873 0.03437725 0.09851854
v 0.01526877 0.09542918 0.04506670
v 0.01797698 -0.00368489 0.14024724
v 0.18875526 -0.44046634 -0.06177434
v 0.16596226 -0.45718384 -0.08181570
v 0.17538655 -0.43079314 -0.08272579
v 0.15790714 -0.44314799 -0.09591395
v 0.19765233 -0.36174625 -0.06491236
v 0.19308448 -0.38794309 -0.06840365
v 0.20128033 -0.33344290 -0.06388965
v 0.13467273 -0.45026398 -0.10933604
v 0.10591110 -0.45262304 -0.11895248
v 0.10381012 -0.43248603 -0.12963903
v 0.18226019 -0.33414307 -0.09367612
v 0.17893028 -0.36162457 -0.09362215
v 0.18644467 -0.41162983 -0.07420199
v 0.17047039 -0.40994340 -0.09435821
v 0.16608511 -0.42488471 -0.09473330
v 0.13185444 -0.43240166 -0.11863018
v 0.15279450 -0.42970327 -0.10547850
v 0.04235170 -0.28572220 -0.14389096
v 0.07714883 -0.28645599 -0.14255339
v 0.07365105 -0.26503134 -0.13571380
v 0.15719926 -0.28360173 -0.11288769
v 0.17556594 -0.26104766 -0.08722580
v 0.15251443 -0.41173816 -0.11058335
v 0.13029186 -0.41135359 -0.12593201
v 0.10196757 -0.40970117 -0.13861793
v 0.10523313 -0.33226371 -0.14630038
v 0.10194550 -0.35729715 -0.14746517
v 0.13003232 -0.35970294 -0.13546506
v 0.13366695 -0.33345389 -0.13456766
v 0.15958971 -0.30786642 -0.11619220
v 0.15915588 -0.33434415 -0.11737210
v 0.10682543 -0.30805817 -0.14275549
v 0.13433608 -0.30791402 -0.13213143
v 0.13232359 -0.28419903 -0.12788732
v 0.15623860 -0.36187243 -0.11692633
v 0.06769972 -0.38216728 -0.15201189
v 0.10057715 -0.38388091 -0.14522515
v 0.03436988 -0.38053328 -0.15075369
v 0.10564828 -0.28511828 -0.13751742
v 0.10268472 -0.26427075 -0.13084468
v 0.09482326 -0.24519040 -0.12299991
v 0.07593747 -0.19664371 -0.11153152
v 0.12890726 -0.67174131 0.10709649
v -0.00456234 -0.49959993 0.05037534
v -0.00270843 -0.49159229 0.01825834
v 0.20361638 -0.40571380 0.07389893
v 0.21421769 -0.42282167 -0.01234997
v 0.20107934 -0.41631958 -0.04741427
v 0.02137302 -0.49868599 0.13064857
v 0.00211439 -0.50494742 0.10547579
v 0.18269968 -0.41443625 0.10616469
v 0.11947451 -0.46127066 0.14560772
v -0.00461479 -0.50449330 0.07758414
v 0.17490582 -0.38756248 -0.09368797
v 0.15406811 -0.38874111 -0.11404039
v 0.12975873 -0.38691583 -0.13172382
v 0.06858627 -0.40715349 -0.14619909
v 0.03381369 -0.40390638 -0.14596285
v 0.02790261 -0.44627956 0.15706810
v 0.02390416 -0.43727174 0.16454540
v 0.01269111 -0.43850753 0.16352032
v 0.01247348 -0.45052207 0.15171039
v 0.13419116 -0.32145274 0.15838708
v 0.10933764 -0.33044472 0.18207271
v 0.05426945 -0.34157547 0.21086206
v 0.02647402 -0.34376439 0.21606761
v 0.19385563 -0.29052955 0.07277038
v 0.08217458 -0.33742911 0.20004100
v 0.17714551 -0.30133149 0.10261132
v 0.15658653 -0.31176308 0.13162029
v 0.07830203 -1.11340773 -0.02182397
v 0.08028350 -1.14162135 -0.01904135
v 0.07994156 -1.14015353 -0.03479695
v 0.07650222 -1.11137652 -0.03736696
v 0.09624718 -1.10677695 -0.06742177
v 0.08337611 -1.10894752 -0.05846449
v 0.11257895 -1.10610163 -0.06944671
v 0.11016431 -1.13580704 -0.06857193
v 0.12259319 -1.13628268 -0.06227648
v 0.12686618 -1.10709608 -0.06375496
v 0.13501135 -1.10762095 -0.05391969
v 0.14005923 -1.13691652 -0.02272707
v 0.14494379 -1.10900486 -0.02266162
v 0.14100908 -1.10785973 -0.04156590
v 0.13657950 -1.13683021 -0.04062653
v 0.13827096 -1.11299157 -0.00319051
v 0.13359156 -1.14001226 -0.00375642
v 0.12254434 -1.11678374 0.00765988
v 0.08501209 -1.11625707 -0.00651184
v 0.08571661 -1.14345515 -0.00284613
v 0.09518853 -1.13631737 -0.06611406
v 0.08511709 -1.13796318 -0.05576409
v 0.07748167 -1.11046553 -0.04814025
v 0.08201791 -1.13902974 -0.04541876
v 0.08176490 -1.16906595 -0.03123950
v 0.07730281 -1.16921365 -0.01572992
v 0.09461334 -1.16557467 -0.06614817
v 0.08725961 -1.16705418 -0.05391222
v 0.12022265 -1.16468823 -0.06169808
v 0.10840194 -1.16469252 -0.06972414
v 0.13677387 -1.16493881 -0.04066649
v 0.13008335 -1.13671064 -0.05189868
v 0.12863307 -1.16489708 -0.05102654
v 0.13910836 -1.16419172 -0.02351373
v 0.13320535 -1.16596019 -0.00175023
v 0.08204801 -1.16877019 0.00264752
v 0.08437227 -1.16803300 -0.04291281
v 0.13426986 -1.25115752 0.15141676
v 0.13857885 -1.25122070 0.15041254
v 0.13991719 -1.25553942 0.15089136
v 0.13335975 -1.25618863 0.15230234
v 0.09266235 -1.24694312 0.16314101
v 0.10073231 -1.24561477 0.16497876
v 0.10250898 -1.25414181 0.16324744
v 0.09106396 -1.25594282 0.16144198
v 0.12516952 -1.25885904 0.15761313
v 0.12041724 -1.25864816 0.15823790
v 0.11963502 -1.25515330 0.16195308
v 0.12713756 -1.25530684 0.16082089
v 0.16322134 -1.25702202 0.11726599
v 0.15950629 -1.25685871 0.11898420
v 0.15953866 -1.25261962 0.12151221
v 0.16490412 -1.25306034 0.11897462
v 0.15106408 -1.25971377 0.13469487
v 0.14725557 -1.26018858 0.13623889
v 0.14713281 -1.25602579 0.13921688
v 0.15282196 -1.25662994 0.13653950
v 0.10303165 -1.24022770 0.14202926
v 0.10309796 -1.24197829 0.15569128
v 0.09077215 -1.24410081 0.15364605
v 0.08859245 -1.23875320 0.13968146
v 0.08370434 -1.25236273 0.15001912
v 0.09052373 -1.25773561 0.14728239
v 0.08834074 -1.25773108 0.13304543
v 0.08155563 -1.24932158 0.13442324
v 0.10308126 -1.25844646 0.14925686
v 0.10225606 -1.25771821 0.13634691
v 0.10982255 -1.24957049 0.14062607
v 0.11196078 -1.25054610 0.15459944
v 0.12831922 -1.24996769 0.14121880
v 0.13154289 -1.25265610 0.15278576
v 0.12564312 -1.24697948 0.15428507
v 0.12349944 -1.24260211 0.14248513
v 0.11770317 -1.24716473 0.15563773
v 0.11265817 -1.24275279 0.14441895
v 0.10899886 -1.25205719 0.14324145
v 0.11185207 -1.25355196 0.15602808
v 0.11690850 -1.25862503 0.15201779
v 0.11357649 -1.25748217 0.13954276
v 0.12291967 -1.25667489 0.13882793
v 0.12591887 -1.25875711 0.15045384
v 0.13238375 -1.24939024 0.14590277
v 0.13006851 -1.24432588 0.13709694
v 0.14013259 -1.24355280 0.13462931
v 0.13955066 -1.24910069 0.14473006
v 0.13119708 -1.25796103 0.13395727
v 0.12640063 -1.25342178 0.13685133
v 0.12800743 -1.25609016 0.14610644
v 0.13299800 -1.25970709 0.14401618
v 0.14038786 -1.25974989 0.14309566
v 0.14032903 -1.25733268 0.13247631
v 0.14447780 -1.25065696 0.13403183
v 0.14425951 -1.25437963 0.14422400
v 0.15361623 -1.24944627 0.13124254
v 0.15514520 -1.24381816 0.12169422
v 0.15829706 -1.25090778 0.12030139
v 0.15639374 -1.25514209 0.12980707
v 0.14740548 -1.24421787 0.12540495
v 0.14800066 -1.24861610 0.13313581
v 0.14652853 -1.25760078 0.12320393
v 0.14437661 -1.25037289 0.12708537
v 0.14335382 -1.25311446 0.13373031
v 0.14543805 -1.25992823 0.13099046
v 0.15262045 -1.26028311 0.12917119
v 0.15419485 -1.25791240 0.11957055
v 0.16812745 -1.25190938 0.11191349
v 0.16660096 -1.24633074 0.11359194
v 0.16784754 -1.24339545 0.10507750
v 0.16882022 -1.25031364 0.10216086
v 0.16153693 -1.24277055 0.11009146
v 0.16106038 -1.24552155 0.11638638
v 0.15858108 -1.25617647 0.10777467
v 0.15888466 -1.24890518 0.11117651
v 0.15707228 -1.25055361 0.11627884
v 0.15774894 -1.25712383 0.11401904
v 0.16440675 -1.25737953 0.11187334
v 0.16460378 -1.25583291 0.10339334
v 0.08757717 -1.23502064 0.12567581
v 0.10601205 -1.23865139 0.12859178
v 0.09329927 -1.25789440 0.15659031
v 0.08057375 -1.24769771 0.12003624
v 0.10024679 -1.25804460 0.15750566
v 0.10506484 -1.25712359 0.12406407
v 0.08794764 -1.25645590 0.11868134
v 0.10813974 -1.24950790 0.13442907
v 0.12541176 -1.25025415 0.16036685
v 0.12544335 -1.25044620 0.13200481
v 0.12476200 -1.25730515 0.12253500
v 0.12091494 -1.25026381 0.16093913
v 0.12427163 -1.23907185 0.12659486
v 0.14141548 -1.24047899 0.11755913
v 0.13493013 -1.25959003 0.14949581
v 0.13874334 -1.25946772 0.14900692
v 0.14279598 -1.25774252 0.11558122
v 0.14471389 -1.24911261 0.12504971
v 0.15233414 -1.25222445 0.13653262
v 0.15934516 -1.24860537 0.11127581
v 0.15666141 -1.25727749 0.10454658
v 0.14891592 -1.25165892 0.13760410
v 0.15723109 -1.23987865 0.10602552
v 0.16409291 -1.24934614 0.11823996
v 0.16562128 -1.25687313 0.09288715
v 0.17076135 -1.24946332 0.09006988
v 0.16138972 -1.24863398 0.12013143
v 0.16846627 -1.24053502 0.09477697
v 0.09515990 -1.11857057 0.00463160
v 0.09501848 -1.14435124 0.00787460
v 0.10748173 -1.11927640 0.00925456
v 0.11952213 -1.14315999 0.00778036
v 0.10646838 -1.14494109 0.01099691
v 0.09229031 -1.16843414 0.01534558
v 0.11963017 -1.16872025 0.01215504
v 0.10649683 -1.16870081 0.01718400
v 0.13888992 -1.18664289 -0.04355629
v 0.14443219 -1.18669379 -0.02533449
v 0.13007051 -1.18627834 -0.05526671
v 0.10810455 -1.18675077 -0.07309691
v 0.12121060 -1.18604028 -0.06604174
v 0.09130813 -1.18714607 0.02461575
v 0.08022524 -1.18906963 0.00876659
v 0.10729121 -1.18581283 0.02902013
v 0.12247314 -1.18653917 0.02176231
v 0.08271696 -1.22989440 0.10932677
v 0.08212040 -1.22853088 0.08844309
v 0.09776933 -1.21896338 0.09193477
v 0.10209127 -1.22782612 0.11096638
v 0.11700375 -1.21874881 0.08871989
v 0.12034898 -1.22967839 0.10778116
v 0.13368268 -1.22276914 0.08084927
v 0.13736570 -1.23175454 0.10004964
v 0.14913841 -1.22680962 0.07146622
v 0.15347265 -1.23361325 0.08990068
v 0.16191490 -1.23444581 0.06137119
v 0.16648981 -1.23782134 0.08010595
v 0.16889037 -1.24508095 0.05598992
v 0.17204243 -1.24806142 0.07497682
v 0.07578775 -1.24602830 0.10338610
v 0.07731719 -1.24391139 0.08259202
v 0.08576139 -1.25798798 0.10015118
v 0.08664434 -1.25738287 0.07974619
v 0.10317268 -1.25865507 0.09929638
v 0.10272664 -1.25861049 0.07812857
v 0.16417225 -1.25751352 0.05730847
v 0.16608125 -1.25890148 0.07705098
v 0.12209078 -1.25821781 0.09519680
v 0.12102640 -1.25766170 0.07376684
v 0.13947119 -1.25982749 0.08911544
v 0.13814040 -1.25920057 0.06766836
v 0.15414263 -1.26061320 0.08254429
v 0.15261757 -1.26033151 0.06154199
v 0.09291475 -1.21199000 0.06868786
v 0.11328772 -1.20665812 0.06773204
v 0.00000238 0.15794319 -0.10834374
v 0.00000022 0.08665361 -0.13309216
v 0.12959385 -1.21136546 0.05888796
v 0.14401491 -1.21898186 0.04844792
v 0.15603325 -1.22975397 0.03877924
v 0.16405830 -1.24122512 0.03402949
v 0.14283001 -1.20854294 0.02066058
v 0.15137145 -1.22723591 0.01316139
v 0.15732810 -1.24016595 0.01112152
v 0.14803915 -1.22553062 -0.01219523
v 0.15214391 -1.23899245 -0.01257928
v -0.00000119 -0.42124790 -0.13256080
v -0.00000183 0.04514137 -0.13938202
v 0.13958809 -1.22537506 -0.05394641
v -0.00000038 -0.33199143 -0.15142173
v 0.00000217 0.02897719 0.09833435
v 0.00000305 0.01675674 0.11247864
v 0.00000388 0.00966014 0.12932235
v 0.00000477 -0.00620276 0.14143758
v -0.00000360 -0.25524801 0.21227586
v -0.00000381 -0.24221681 0.21469979
v 0.00000188 -0.18848997 -0.09569765
v -0.00000261 -0.29752737 0.21717539
v -0.00000422 -0.22577642 0.21847162
v -0.00000379 -0.07912908 -0.14649542
v 0.00000440 -0.02234164 0.15206617
v -0.00000206 -0.32090756 0.21946110
v -0.00000290 -0.01423096 -0.15486567
v -0.00000321 -0.20217508 0.21735781
v 0.00000309 -0.41000229 0.18534584
v 0.00000125 -0.13544904 0.18724318
v -0.02338653 0.14845797 0.02740348
v -0.03614628 0.15210730 0.02162195
v -0.03683822 0.14594412 0.02109478
v -0.02396754 0.14276746 0.02678515
v -0.06237712 0.16692697 -0.03416250
v -0.05913959 0.17264907 -0.03169652
v -0.05531696 0.17719166 -0.04705366
v -0.05968332 0.17208710 -0.05095371
v -0.04863394 0.18033369 -0.06038300
v -0.05314749 0.17430598 -0.06566907
v -0.04193496 0.17493282 -0.07673877
v -0.03849553 0.18210393 -0.07042141
v -0.02618993 0.18377410 -0.07806139
v -0.02820783 0.17584048 -0.08436981
v -0.04805079 0.15718277 0.01246692
v -0.05682748 0.16289786 -0.00002550
v -0.05806091 0.15580155 -0.00080935
v -0.04893139 0.15030116 0.01180258
v -0.06052469 0.16797474 -0.01562116
v -0.06199905 0.16128996 -0.01686497
v -0.01409640 0.17619401 -0.08890933
v -0.01291221 0.18417697 -0.08223393
v -0.02565509 0.12796667 0.02746330
v -0.01226040 0.12538420 0.03029725
v -0.01214054 0.13357227 0.02891414
v -0.02513792 0.13555631 0.02644478
v -0.05851042 0.13053043 0.01004806
v -0.07429699 0.13988587 -0.00306040
v -0.08117779 0.13284670 0.00117796
v -0.06431508 0.12241494 0.01469571
v -0.07579342 0.10032239 0.03678927
v -0.10051766 0.11190800 0.02062087
v -0.09820474 0.09000282 0.04477287
v -0.07778864 0.08258271 0.05284120
v -0.09664870 0.07144243 0.06436066
v -0.07846113 0.06502308 0.06940968
v -0.09422263 0.02090921 0.11399509
v -0.07578076 0.01985661 0.11902572
v -0.07631361 0.03505869 0.10328297
v -0.09459267 0.03676954 0.09807391
v -0.11635026 -0.07672875 0.16243142
v -0.09970366 -0.07043301 0.16897206
v -0.10825262 -0.05421701 0.16842641
v -0.12294962 -0.05739227 0.16307759
v -0.16254798 0.04526589 0.06426149
v -0.16219355 0.06395655 0.05330205
v -0.17584582 0.05130715 0.05315058
v -0.17460008 0.03253817 0.06164405
v -0.11635292 0.14759818 -0.03483042
v -0.11069638 0.13368902 -0.00828688
v -0.10004117 0.13751367 -0.01396837
v -0.10505193 0.15043604 -0.03798707
v -0.17621891 -0.04758560 0.09646621
v -0.17274888 -0.06018824 0.10807449
v -0.16716678 -0.04901352 0.11741005
v -0.16887419 -0.03681549 0.10742117
v -0.14313570 -0.13926183 0.09491546
v -0.12632284 -0.13915142 0.11844065
v -0.12221187 -0.12331380 0.11225429
v -0.13785525 -0.12339985 0.09059240
v -0.17341179 -0.11230402 0.00884638
v -0.17040779 -0.11249016 -0.02335441
v -0.17046067 -0.12265615 -0.02606785
v -0.17227617 -0.12204964 0.00604980
v -0.12561825 0.02039176 0.10156059
v -0.11093678 0.02104491 0.10791355
v -0.11146095 0.03759665 0.09244760
v -0.12632985 0.03776800 0.08691765
v -0.35602784 0.06308763 -0.00236331
v -0.35826305 0.04311007 -0.00077837
v -0.33490118 0.04744937 0.00429058
v -0.33255309 0.06780986 0.00206047
v -0.18770622 -0.20040581 0.02977496
v -0.18766963 -0.19663520 -0.00530402
v -0.18500541 -0.21288271 0.00059096
v -0.18470003 -0.21724015 0.03412602
v -0.20437041 0.10930516 0.01561539
v -0.20413795 0.12880844 -0.00854723
v -0.21842378 0.12465954 -0.00728334
v -0.22130099 0.10495373 0.01520997
v -0.15978864 0.01189613 0.08244142
v -0.16132739 0.02806105 0.07384913
v -0.17179072 0.01704615 0.06850901
v -0.16916481 0.00333329 0.07534209
v -0.18784788 -0.08956651 -0.03028798
v -0.19072412 -0.08814094 -0.00008369
v -0.19339639 -0.07193225 -0.00731592
v -0.19140393 -0.07344443 -0.03513867
v -0.18446891 -0.10248580 0.00602446
v -0.18081324 -0.10353749 -0.02579802
v -0.14961177 0.01658000 0.08852812
v -0.13834816 0.01892054 0.09510848
v -0.13914001 0.03729575 0.08179249
v -0.15006356 0.03562400 0.07727733
v -0.10955995 -0.09288778 0.15290736
v -0.08976865 -0.08522423 0.16234075
v -0.17732620 -0.22226673 0.06672822
v -0.16488174 -0.22710979 0.09642570
v -0.16787955 -0.20946833 0.09388754
v -0.18069154 -0.20505047 0.06366675
v -0.10081303 -0.10971494 0.12440507
v -0.10405642 -0.10322434 0.13795969
v -0.12271805 -0.10686849 0.12547991
v -0.11741708 -0.11271396 0.10899939
v -0.14866307 -0.23113751 0.12371698
v -0.12915175 -0.23583211 0.15054180
v -0.13179529 -0.21616505 0.14774461
v -0.15089357 -0.21312708 0.12103337
v -0.09533346 0.05398233 0.08196931
v -0.07759204 0.04990216 0.08696356
v -0.14604884 -0.07867215 0.14196865
v -0.13207665 -0.07868803 0.15304582
v -0.13714220 -0.05862419 0.15421872
v -0.14909077 -0.05919196 0.14357744
v -0.18497711 0.01636315 0.05419832
v -0.19191387 0.03390197 0.04658271
v -0.19762021 0.01011015 0.03398663
v -0.18932118 0.00007979 0.04009988
v -0.18335626 -0.22597876 0.00335037
v -0.18249106 -0.23145501 0.03563308
v -0.14673656 -0.24968332 0.12472308
v -0.12705933 -0.25538987 0.15123160
v -0.20978795 -0.01120883 -0.03273850
v -0.22127281 -0.00483435 -0.03690387
v -0.22234455 -0.00876903 -0.05346061
v -0.21214999 -0.01412924 -0.05061645
v -0.06161271 -0.04920616 0.16967705
v -0.07865380 -0.04092252 0.16947430
v -0.08589715 -0.05802140 0.17177027
v -0.07174535 -0.07049466 0.16895823
v -0.14298163 -0.09613548 0.12994058
v -0.13948779 -0.10759116 0.11241078
v -0.12732594 -0.09617595 0.14181302
v -0.04335215 -0.05779901 0.16579334
v -0.05539239 -0.08253039 0.15858585
v -0.05814720 0.04470862 0.09113471
v -0.05691011 0.03179752 0.10759976
v -0.05838743 0.05910060 0.07474995
v -0.03817702 0.05440078 0.07993998
v -0.03689048 0.07021154 0.06486884
v -0.05687460 0.07546242 0.05958598
v -0.03426846 0.08630920 0.05160374
v -0.05401291 0.09192424 0.04582334
v -0.04164017 0.12303362 0.02074570
v -0.04533813 0.11411854 0.02538850
v -0.18016230 0.00347868 0.06001796
v -0.17726523 -0.00832855 0.06597584
v -0.16299465 -0.24397469 0.09703463
v -0.12727015 0.07217693 -0.13515545
v -0.12364975 0.05463438 -0.14127523
v -0.14234073 0.05804015 -0.13349545
v -0.14515410 0.07495255 -0.12720199
v -0.12698570 0.14812645 -0.03323777
v -0.12422907 0.13590607 -0.00548010
v -0.18653241 -0.00841663 -0.10679692
v -0.19811684 -0.00408788 -0.10211477
v -0.19768412 0.00418206 -0.10655105
v -0.18455771 0.00117391 -0.11191475
v -0.22501692 0.00018659 -0.08863488
v -0.22403672 -0.00662031 -0.07966658
v -0.24407962 0.00018728 -0.08453823
v -0.24403715 0.00766624 -0.09417167
v -0.17769113 -0.20922500 -0.03057027
v -0.17929788 -0.19296084 -0.03851434
v -0.13861385 -0.10169818 -0.10340644
v -0.15199234 -0.10796819 -0.07877022
v -0.16501766 -0.09664911 -0.08153719
v -0.15270174 -0.08866872 -0.10382429
v -0.01896100 0.04673354 -0.14220239
v -0.01836615 0.03097080 -0.14430177
v -0.03886989 0.03434602 -0.14735276
v -0.03956114 0.05013907 -0.14460136
v -0.08647126 0.07894769 -0.14152566
v -0.08787257 0.09440584 -0.13510025
v -0.06237820 0.08556540 -0.13682139
v -0.06168057 0.07109559 -0.14185743
v -0.10641896 0.06773093 -0.14275533
v -0.10280085 0.04993569 -0.14765251
v -0.18644544 -0.07163350 -0.05986220
v -0.18216540 -0.08744923 -0.05783714
v -0.19428967 -0.03909038 -0.04561863
v -0.19293313 -0.03866356 -0.06510534
v -0.19148804 -0.04750046 -0.06425189
v -0.19368306 -0.04790798 -0.04312634
v -0.09544583 0.15433490 -0.04137775
v -0.09210440 0.15851422 -0.06708790
v -0.10375792 0.15514833 -0.06441604
v -0.05461314 0.13482809 -0.11391393
v -0.05487728 0.12848924 -0.11731859
v -0.06918872 0.13438793 -0.11173254
v -0.06535807 0.13965811 -0.10864459
v -0.04199860 -0.03563687 -0.15458944
v -0.01998163 -0.03516947 -0.15383610
v -0.02059656 -0.05702330 -0.15082562
v -0.04399828 -0.05887148 -0.15103208
v -0.20036769 -0.01746056 -0.08912395
v -0.19197293 -0.02376986 -0.09194516
v -0.19410850 -0.02878578 -0.08038148
v -0.20077284 -0.02263596 -0.07900588
v -0.18752214 -0.04458248 -0.08140412
v -0.19028041 -0.03593704 -0.08105503
v -0.18644170 -0.03069413 -0.09398595
v -0.18221439 -0.03903382 -0.09589066
v -0.16370358 -0.07454903 -0.10135423
v -0.17413418 -0.08191545 -0.08151986
v -0.18045956 -0.06711637 -0.08134022
v -0.17218249 -0.06054323 -0.09981550
v -0.01880884 -0.11948983 -0.13051017
v -0.03876190 -0.12147396 -0.13240823
v -0.03946393 -0.10290606 -0.13868187
v -0.01905091 -0.10208052 -0.13973583
v -0.23839134 0.01558986 -0.00742171
v -0.24031311 0.02588730 0.01099109
v -0.25469819 0.02636513 0.00623962
v -0.25623006 0.01511035 -0.01326701
v -0.26017484 0.04820326 -0.11679774
v -0.24980757 0.04235648 -0.11521433
v -0.25143245 0.03370235 -0.11304690
v -0.26167423 0.04040658 -0.11552700
v -0.27961338 0.00183017 -0.03612904
v -0.27520847 0.01109648 -0.01758913
v -0.29665440 0.00577534 -0.02176072
v -0.30060419 -0.00368899 -0.04131261
v -0.13929097 0.14652283 -0.06405242
v -0.13767521 0.14867328 -0.03240554
v -0.12896699 0.14933062 -0.06358890
v -0.28067178 -0.00601337 -0.07016112
v -0.27873814 -0.00260215 -0.08556432
v -0.26143184 -0.00239819 -0.07860177
v -0.26258993 -0.00381721 -0.06357198
v -0.33036894 0.08693250 -0.00919092
v -0.35372725 0.08204784 -0.01310830
v -0.32296696 -0.01003454 -0.06344721
v -0.32275090 -0.00613994 -0.08065917
v -0.30142370 -0.00723030 -0.07641826
v -0.30236223 -0.00820917 -0.05948172
v -0.12802082 -0.11218444 -0.10097922
v -0.14513992 -0.11750143 -0.07958966
v -0.14607397 -0.20341158 -0.08046035
v -0.16420227 -0.20583688 -0.05815426
v -0.16351718 -0.18973736 -0.06731708
v -0.14343669 -0.18729366 -0.08952967
v -0.17556320 -0.22169076 -0.02612833
v -0.14567681 -0.21647131 -0.07273439
v -0.16248591 -0.21843669 -0.05164796
v -0.07251077 0.16421515 -0.06318296
v -0.06037152 0.16367768 -0.08167987
v -0.06965964 0.15888003 -0.08537336
v -0.08164033 0.16178970 -0.06660435
v -0.21297479 -0.33395284 -0.02833024
v -0.21004416 -0.36253744 -0.03168786
v -0.21446349 -0.36510912 0.00586678
v -0.21487629 -0.33859038 0.00916119
v -0.03706432 0.14914304 -0.10869773
v -0.05433153 0.15390250 -0.09901194
v -0.04638479 0.16085315 -0.09428051
v -0.03221425 0.15764283 -0.10352986
v -0.21569416 -0.31261423 0.00828912
v -0.21387576 -0.30572224 -0.02843357
v -0.08621921 0.15723613 -0.04196049
v -0.07659252 0.15972398 -0.04039456
v -0.08352797 0.14883368 -0.02061469
v -0.07437080 0.15241526 -0.02046909
v -0.06616381 0.14467326 -0.00364837
v -0.21017076 -0.37244949 0.04096017
v -0.20887527 -0.34725156 0.04222267
v -0.05854314 0.16906084 -0.07199007
v -0.04587128 0.16864641 -0.08416609
v -0.03007060 0.16758265 -0.09409616
v -0.01397859 0.16680251 -0.09892741
v -0.18511273 -0.23470393 -0.02830351
v -0.19104211 -0.23967102 0.00304077
v -0.13722906 -0.46676061 -0.09759469
v -0.10691562 -0.46988997 -0.10661956
v -0.10366438 -0.48409760 -0.09350259
v -0.13976362 -0.48287943 -0.08501102
v -0.02953825 -0.46185899 -0.11458331
v -0.02473813 -0.47710887 -0.09450419
v -0.06455404 -0.48124039 -0.09525287
v -0.07106696 -0.46750644 -0.11139876
v -0.07383320 -0.33162346 -0.15221769
v -0.07637551 -0.30820057 -0.14836214
v -0.04103172 -0.30789351 -0.14937212
v -0.03893380 -0.33162910 -0.15240827
v -0.15514028 -0.22879884 -0.07687686
v -0.17239666 -0.23111203 -0.05506001
v -0.18858595 -0.24565925 0.03695410
v -0.21092124 -0.49933946 0.01222947
v -0.20310026 -0.53451139 0.01069882
v -0.19862871 -0.54013658 0.05315473
v -0.20410137 -0.50463891 0.05803829
v -0.16469234 -0.53011209 -0.05545898
v -0.17091432 -0.50111246 -0.05906464
v -0.13528641 -0.50350714 -0.07758953
v -0.12859479 -0.52888280 -0.07305236
v -0.10468517 -0.26072681 0.17423171
v -0.12798999 -0.27519673 0.15290028
v -0.10557254 -0.28121459 0.17676111
v -0.03057734 -0.27236205 0.21032605
v -0.05736025 -0.26917762 0.20267107
v -0.05608843 -0.29116604 0.20743035
v -0.02895695 -0.29475731 0.21480982
v -0.03516977 -0.41113606 0.18329462
v -0.01591289 -0.40959990 0.18548046
v -0.01956590 -0.39016163 0.19777846
v -0.04319245 -0.39042848 0.19512677
v -0.19621187 -0.35666019 0.07364672
v -0.17754225 -0.36673081 0.10197775
v -0.17897135 -0.34570381 0.10290455
v -0.19624050 -0.33443412 0.07338337
v -0.01969730 -0.48693585 -0.07050370
v -0.05583244 -0.49237585 -0.07563929
v -0.18049306 -0.54572183 0.09551705
v -0.18357983 -0.50945753 0.09973428
v -0.15009424 -0.55098915 0.12706813
v -0.11251877 -0.55252302 0.14154047
v -0.11580691 -0.52068114 0.14451754
v -0.15299043 -0.51643455 0.12938802
v -0.02686347 -0.47117117 0.13550505
v -0.00630703 -0.48499435 0.10896884
v -0.00924738 -0.47763762 0.11236997
v -0.02666547 -0.46191937 0.14113444
v -0.03266336 -0.44472319 -0.12851453
v -0.07061800 -0.45027828 -0.12554525
v -0.06994566 -0.43037090 -0.13675275
v -0.03389963 -0.42572057 -0.13860115
v -0.12570624 -0.21508735 -0.08871543
v -0.13436444 -0.22795187 -0.09443753
v -0.10415692 -0.21372947 -0.10001651
v -0.12489435 -0.20102303 -0.09688964
v -0.10133891 -0.19902205 -0.10726595
v -0.08827734 -0.09703877 -0.13313943
v -0.10896982 -0.10588407 -0.11916617
v -0.11994594 -0.09327325 -0.12347269
v -0.09925270 -0.08132622 -0.13814995
v -0.06009221 0.03883444 -0.14929676
v -0.06076303 0.05527878 -0.14611466
v -0.08564668 -0.52209812 -0.07906954
v -0.03908409 -0.50649250 -0.06576394
v -0.04832506 -0.54644859 -0.06685677
v -0.08889564 -0.55259335 -0.07413600
v -0.18341948 -0.56263477 -0.02682061
v -0.19151308 -0.53063971 -0.02711588
v -0.15813828 -0.55982053 -0.05325014
v -0.19632357 -0.56829923 0.00981355
v -0.19269943 -0.57438868 0.05205210
v -0.14510065 -0.58439982 0.12376304
v -0.10805944 -0.58448708 0.13665093
v -0.01311436 -0.55229270 0.10728115
v -0.03817438 -0.55366123 0.12805650
v -0.03599320 -0.57940018 0.11801504
v -0.01273830 -0.57524210 0.09512639
v -0.08401354 -0.41654426 0.16488421
v -0.12457906 -0.39664596 0.14914593
v -0.12191310 -0.41554531 0.14597966
v -0.08710738 -0.43365157 0.15514088
v -0.03611568 -0.25207016 0.20893113
v -0.05875265 -0.24821146 0.20268042
v -0.08081561 -0.26532692 0.19150880
v -0.08214916 -0.24445203 0.19197695
v -0.10656319 -0.24032141 0.17446819
v -0.06029417 -0.15506484 0.18845120
v -0.08723843 -0.15558793 0.17273077
v -0.08703588 -0.17710926 0.18344918
v -0.05973845 -0.17787389 0.19909704
v -0.06057779 -0.13225813 0.17564206
v -0.08700158 -0.13417441 0.16085044
v -0.05636882 -0.09695542 0.14547841
v -0.08170436 -0.09597072 0.14947131
v -0.08092585 -0.10398890 0.13720737
v -0.03819950 0.04036542 0.09550388
v -0.03737397 0.02784759 0.11059700
v -0.19968669 -0.37962762 0.07345557
v -0.00665724 -0.51723760 -0.03540628
v 0.00259608 -0.52841091 0.00315586
v 0.00035192 -0.55392396 -0.00918058
v -0.01639419 -0.54724252 -0.04392242
v -0.20882508 -0.32324907 0.04218429
v -0.17517881 -0.23769611 0.06784023
v -0.17931195 -0.25336623 0.06924456
v -0.16481966 -0.12007071 0.03811080
v -0.16768427 -0.10933755 0.04774814
v -0.09439588 -0.03631609 0.16638829
v -0.09649480 -0.04891091 0.17000605
v -0.19939840 -0.49748051 -0.02821650
v -0.13460961 -0.64433712 0.11367656
v -0.09834050 -0.64489681 0.12237776
v -0.10313563 -0.61564034 0.13003905
v -0.13997807 -0.61524171 0.11904218
v -0.00363945 -0.59617782 0.05093553
v -0.01425414 -0.60119945 0.08182970
v -0.01671594 -0.62940162 0.06923535
v -0.00858914 -0.62466890 0.03868539
v -0.01296837 -0.65377337 0.02904676
v -0.01945421 -0.65883899 0.05994124
v -0.02067990 -0.68720001 0.04768819
v -0.01590077 -0.68179905 0.01917145
v -0.17428692 -0.58078122 0.09382123
v -0.17775701 -0.63567561 0.05288713
v -0.16223407 -0.64164269 0.08854108
v -0.16794437 -0.61217964 0.09154752
v -0.18470982 -0.60619575 0.05313436
v -0.12621447 -0.55776596 -0.06897502
v 0.00042212 -0.56990457 0.06444319
v 0.00162012 -0.54836434 0.07842389
v -0.01795465 -0.61695629 -0.02189376
v -0.03609945 -0.61451733 -0.04744711
v -0.02695825 -0.58231544 -0.04599107
v -0.00847794 -0.58536005 -0.01662395
v -0.15570052 -0.61763465 -0.04614404
v -0.17547739 -0.62202746 -0.01918312
v -0.17916571 -0.59335989 -0.02227903
v -0.15675911 -0.58933681 -0.04904361
v -0.18320809 -0.62870115 0.01494890
v -0.18973900 -0.59956980 0.01345649
v -0.16762882 -0.69249421 0.05195499
v -0.15119061 -0.69725293 0.08199955
v -0.15648811 -0.66980654 0.08520523
v -0.17194766 -0.66425264 0.05231287
v -0.17367616 -0.68522906 0.01638950
v -0.17790353 -0.65704709 0.01560115
v -0.17216133 -0.65021771 -0.01725047
v -0.16904734 -0.67828172 -0.01508830
v -0.15319063 -0.67284226 -0.03982380
v -0.15464956 -0.64529341 -0.04332042
v -0.12979148 -0.64267272 -0.06048035
v -0.13071220 -0.66965759 -0.05671011
v -0.10060646 -0.64135706 -0.06673801
v -0.06997833 -0.64168364 -0.06305631
v -0.07589822 -0.66877168 -0.06153019
v -0.10440771 -0.66826874 -0.06303872
v -0.03061752 -0.67393774 -0.03328532
v -0.05034093 -0.67088634 -0.05195267
v -0.04343480 -0.64366108 -0.04997941
v -0.02481531 -0.64649695 -0.02752063
v -0.05630002 -0.77929235 -0.04924183
v -0.07857753 -0.77564543 -0.05107120
v -0.07026171 -0.74914604 -0.05450089
v -0.04779745 -0.75230867 -0.04815196
v -0.09903841 -0.77229506 -0.05446599
v -0.12016092 -0.77107608 -0.05542167
v -0.11486905 -0.74574721 -0.05399453
v -0.09328297 -0.74689060 -0.05377034
v -0.15015927 -0.75038308 -0.02914254
v -0.13474125 -0.74652326 -0.04663445
v -0.13945365 -0.77212787 -0.04712442
v -0.15296800 -0.77626121 -0.02874296
v -0.16436212 -0.78157580 -0.00657966
v -0.16423108 -0.75633788 -0.00731974
v -0.16276300 -0.78760886 0.01829335
v -0.16663226 -0.76339692 0.01912878
v -0.15297101 -0.76914817 0.04572523
v -0.14801219 -0.79253834 0.04323567
v -0.02801194 -0.79214931 0.00678198
v -0.02813426 -0.78693742 -0.01749595
v -0.02180289 -0.76082677 -0.00998323
v -0.02384906 -0.76636875 0.01402877
v -0.05563072 -0.77375329 0.05754741
v -0.07803202 -0.77416241 0.07660292
v -0.07710399 -0.79875618 0.06572287
v -0.05744946 -0.79893982 0.04549126
v -0.16988985 -0.71206695 0.01743510
v -0.16411616 -0.71955651 0.05168087
v -0.15118307 -0.69951075 -0.03580283
v -0.16603117 -0.70509225 -0.01226336
v -0.03599372 -0.70009273 -0.03878639
v -0.05683566 -0.69696712 -0.05332656
v -0.02182195 -0.71439064 0.03587614
v -0.01763867 -0.70887649 0.00916735
v -0.11654680 -0.72466326 0.09427751
v -0.14569062 -0.72387201 0.07933660
v -0.13898605 -0.74883461 0.07563692
v -0.11109946 -0.75041091 0.09029602
v -0.16795805 -0.73820746 0.01852806
v -0.16409700 -0.73083770 -0.00947843
v -0.14982238 -0.72499323 -0.03182481
v -0.13234150 -0.72154588 -0.04842823
v -0.11097562 -0.72049284 -0.05506106
v -0.08763456 -0.72105932 -0.05593452
v -0.06319629 -0.72281045 -0.05448798
v -0.04157588 -0.72591466 -0.04389265
v -0.01932702 -0.73499370 -0.00085749
v -0.02282621 -0.74081516 0.02441965
v -0.10569561 -0.77503967 0.08375211
v -0.13255101 -0.77235425 0.06839120
v -0.13148314 -0.79506451 0.06245971
v -0.10228966 -0.79744476 0.07273211
v -0.10101731 -0.81936187 0.06246351
v -0.07807421 -0.82090008 0.05592734
v -0.10495627 -0.79922473 -0.05706514
v -0.12522891 -0.79843414 -0.05621015
v -0.14311339 -0.79906672 -0.04736917
v -0.16555151 -0.80677962 -0.00804840
v -0.15972801 -0.81345272 0.01918293
v -0.14438301 -0.81856763 0.04281857
v -0.12659980 -0.81745148 0.05706707
v -0.04373046 -0.83985436 -0.02274569
v -0.03792395 -0.81252670 -0.01906707
v -0.03675997 -0.81642866 0.00199891
v -0.04309506 -0.84381431 -0.00109533
v -0.06712876 -0.83330971 -0.05419822
v -0.08729546 -0.82968581 -0.06347170
v -0.08501351 -0.80185908 -0.04910033
v -0.06559709 -0.80604362 -0.04453138
v -0.10972963 -0.82737947 -0.06719878
v -0.13129787 -0.82661259 -0.06315928
v -0.15030891 -0.82663387 -0.05307246
v -0.15781522 -0.80161971 -0.03100948
v -0.16381773 -0.82923728 -0.03445911
v -0.16640522 -0.83471298 -0.00842801
v -0.15822962 -0.84116566 0.02350943
v -0.13736458 -0.87747025 0.04195916
v -0.13381504 -0.84644991 0.04313994
v -0.16084068 -0.87157625 0.02373174
v -0.11105372 -0.97772539 0.02667488
v -0.13824669 -0.97421974 0.02734215
v -0.13490151 -1.00913846 0.02099067
v -0.11131246 -1.01287496 0.02088441
v -0.04522205 -0.87319213 -0.00499540
v -0.04467160 -0.87043303 -0.03000709
v -0.06819522 -0.86470145 -0.06424725
v -0.09018032 -0.86082387 -0.07411267
v -0.17529829 -0.89560413 -0.01300358
v -0.17103201 -0.86438990 -0.00810817
v -0.16911255 -0.85916626 -0.03658208
v -0.17233030 -0.89106637 -0.04141144
v -0.05005834 -0.97134906 -0.01923389
v -0.05014677 -0.96997523 -0.04183295
v -0.04639687 -0.93617707 -0.04038711
v -0.04643590 -0.93798661 -0.01529256
v -0.06771432 -0.89850295 -0.07057873
v -0.06873466 -0.93201292 -0.07430155
v -0.08884881 -0.92872101 -0.08497792
v -0.08891593 -0.89439327 -0.08145270
v -0.17182839 -0.96512485 -0.01911122
v -0.17549090 -0.92919624 -0.01659708
v -0.17299587 -0.92569429 -0.04434213
v -0.16982122 -0.96252769 -0.04558333
v -0.16477403 -0.90201509 0.01856190
v -0.16500024 -0.93408293 0.01301315
v -0.14105101 -0.94028121 0.03259311
v -0.13931626 -0.90801167 0.03839514
v -0.11106245 -0.94326025 0.03309353
v -0.10791350 -0.91100401 0.03907942
v -0.06509385 -1.04294193 -0.04072498
v -0.05750689 -1.00561523 -0.04161223
v -0.05749355 -1.00816023 -0.02085282
v -0.06566652 -1.04651833 -0.02226951
v -0.09204943 -0.96430981 -0.08397366
v -0.07215410 -0.96659881 -0.07451160
v -0.07755733 -1.00287759 -0.07024970
v -0.09566654 -1.00135243 -0.07897397
v -0.15849932 -1.04245090 -0.02336423
v -0.16581288 -1.00307798 -0.02148962
v -0.16362059 -1.00148940 -0.04549299
v -0.15576102 -1.04075766 -0.04526054
v -0.13226828 -1.04719746 0.01414161
v -0.15681548 -1.00533390 0.00555283
v -0.15134025 -1.04442990 -0.00033370
v -0.12732588 -1.08486402 0.00978895
v -0.10909878 -1.08772159 0.01064734
v -0.11042957 -1.05038393 0.01506824
v -0.07288313 -1.08211279 -0.02298567
v -0.07089038 -1.07938457 -0.03917755
v -0.09768917 -1.07430148 -0.06994463
v -0.09797367 -1.03825724 -0.07358623
v -0.08163288 -1.04022276 -0.06545750
v -0.08330800 -1.07659125 -0.06177287
v -0.13416696 -1.03995728 -0.07077380
v -0.11647933 -1.03840172 -0.07553469
v -0.11515753 -1.07415164 -0.07169210
v -0.13122860 -1.07589996 -0.06652078
v -0.14765926 -1.07648528 -0.04380713
v -0.14735717 -1.04029977 -0.06058102
v -0.14096996 -1.07641947 -0.05699561
v -0.15141697 -1.07785499 -0.02350129
v -0.14508577 -1.08118939 -0.00262528
v 0.00001603 -0.49383485 -0.00084382
v 0.00407237 -0.50528526 0.03537153
v 0.00267529 -0.51323491 0.01918711
v -0.00438542 -0.49950528 -0.01802587
v -0.03637551 -0.60723078 0.10827331
v -0.03577127 -0.63667023 0.09711844
v -0.03608459 -0.69269562 0.07318197
v -0.03711977 -0.66543823 0.08654156
v -0.03575440 -0.71943134 0.06037901
v -0.03611020 -0.74621135 0.04857993
v -0.03574264 -0.77202249 0.03721688
v -0.03913396 -0.79686987 0.02715552
v -0.04590290 -0.82153988 0.02212638
v -0.05162534 -0.84839541 0.02077593
v -0.05629109 -0.90652168 0.01421744
v -0.04563155 -0.90495199 -0.01050394
v -0.05531521 -0.87652248 0.01852487
v -0.06112672 -0.97372204 0.00460025
v -0.05777779 -0.93909252 0.00957081
v -0.06799763 -1.01161301 -0.00005824
v -0.07453023 -1.05007935 -0.00465465
v -0.08141334 -1.08529902 -0.00756732
v -0.08028447 -0.49789506 0.14813951
v -0.04541242 -0.50703710 0.14155713
v -0.04993868 -0.48692751 0.14578077
v -0.08357143 -0.47339335 0.14980796
v -0.00015212 -0.48913988 0.08648783
v 0.00216062 -0.48942736 0.06681684
v -0.00003395 -0.48520795 0.07211415
v -0.00314648 -0.48341423 0.09091458
v -0.16010074 -0.74515963 0.05016677
v -0.13121095 -0.69596106 -0.05191126
v -0.10765520 -0.69462204 -0.05840554
v -0.08176483 -0.69504118 -0.05878838
v -0.05708750 -0.72309566 0.08159840
v -0.08436558 -0.72439212 0.09448017
v -0.08020744 -0.75004750 0.08706309
v -0.05509794 -0.74916625 0.07056603
v -0.10349399 -0.88380820 0.04281319
v -0.07854883 -0.90985894 0.03094802
v -0.07614429 -0.88072550 0.03562562
v -0.10187288 -0.85843956 0.04695733
v -0.13793017 -0.85625339 -0.07121024
v -0.15667403 -0.85633600 -0.05855812
v -0.13972056 -0.88847584 -0.07881913
v -0.11461983 -0.85791552 -0.07610978
v -0.11473132 -0.89051062 -0.08420418
v -0.06275859 -0.67102659 0.10507053
v -0.09346964 -0.67260921 0.11324451
v -0.08884219 -0.69893593 0.10348821
v -0.05975248 -0.69693196 0.09336922
v -0.15599473 -0.17410207 -0.07357837
v -0.13557804 -0.17174080 -0.09430924
v -0.16848321 -0.08527546 0.10503034
v -0.16945900 -0.09782146 0.08091705
v -0.15528718 -0.10478067 0.09687462
v -0.15656713 -0.09291155 0.11744893
v -0.17665838 -0.07454747 0.09365502
v -0.17946310 -0.08731653 0.06981146
v -0.18151256 -0.06145372 0.08228689
v -0.18553001 -0.07430269 0.05975519
v -0.19183099 -0.01078373 0.01991244
v -0.19499710 -0.00355803 0.01295911
v -0.05969852 -0.11158589 0.16085985
v -0.03091244 -0.11038904 0.16985029
v -0.02944323 -0.09347874 0.15275709
v -0.08130722 -0.28676447 0.19528408
v -0.05711363 -0.41384783 0.17700309
v -0.06970826 -0.38980517 0.18775250
v -0.09893902 -0.38542274 0.17422912
v -0.00906198 -0.46270236 0.13618140
v -0.06104439 -0.10657452 -0.13554138
v -0.06040720 -0.12513493 -0.13142277
v -0.03958201 0.06499494 -0.14131963
v -0.01876500 0.06163860 -0.13975036
v -0.03970250 0.09232564 -0.13380012
v -0.03907450 0.10436914 -0.12980247
v -0.01930601 0.10093413 -0.13142878
v -0.01894277 0.08860948 -0.13455966
v -0.01910715 0.14678858 -0.11447041
v -0.01704401 0.15763918 -0.10745529
v 0.00368324 -0.49446884 0.06047773
v 0.00333579 -0.48920444 0.03356191
v 0.00289173 -0.48713696 0.04605006
v -0.01530138 -0.53201610 0.11761849
v 0.00090656 -0.53101081 0.09092723
v -0.00068189 -0.51682842 0.10006793
v -0.01821667 -0.51434326 0.12538332
v -0.20823815 -0.46933764 0.06352186
v -0.21710612 -0.46369433 0.01797966
v -0.09579377 -0.49970251 -0.08387849
v -0.36811358 -0.00308177 -0.08429185
v -0.36815837 0.00884528 -0.09730661
v -0.34491768 0.00630210 -0.09708486
v -0.34498397 -0.00437297 -0.08321065
v -0.06713441 -0.03605288 -0.15494812
v -0.07498521 -0.06347952 -0.14907528
v -0.09159386 0.14395787 -0.01826757
v -0.15852849 0.14775039 -0.02739464
v -0.15438043 0.13750197 -0.00018101
v -0.14536563 0.13885598 -0.00356466
v -0.14802270 0.14861250 -0.03056468
v -0.16080151 0.09442415 -0.11318735
v -0.16064323 0.11164969 -0.10001987
v -0.14800292 0.11065309 -0.10552721
v -0.14711915 0.09243367 -0.11856595
v -0.03654652 -0.35628763 -0.15283932
v -0.07077487 -0.35665160 -0.15346253
v -0.04497997 -0.17514266 -0.11562239
v -0.07020612 -0.17871082 -0.11775909
v -0.06491471 -0.16109699 -0.12168697
v -0.04136789 -0.15758646 -0.12064610
v -0.10099804 -0.05124467 -0.14734089
v -0.11775481 -0.06798519 -0.13700323
v -0.03814372 -0.01543853 0.15127100
v -0.05720915 -0.01228452 0.15109935
v -0.05827357 -0.02890649 0.16283807
v -0.03932961 -0.03383445 0.16149916
v -0.30982018 0.04069597 -0.11399249
v -0.29035029 0.02792440 -0.11227258
v -0.29616833 0.01304715 -0.10409899
v -0.31809855 0.01829825 -0.10706200
v -0.20498928 -0.45834190 -0.03111844
v -0.17412443 -0.47484744 -0.06640477
v -0.16642103 -0.15068099 -0.05709009
v -0.15069778 -0.14813803 -0.08617025
v -0.14955452 -0.16192184 -0.07897309
v -0.16607398 -0.16419929 -0.05114915
v -0.16246869 -0.11124549 -0.05214059
v -0.16020785 -0.12087070 -0.05468476
v -0.17421405 -0.10172068 -0.05509716
v -0.21243082 -0.01420970 -0.06593215
v -0.22310226 -0.00983989 -0.06801875
v -0.21328378 -0.01086296 -0.07759311
v -0.04146185 -0.52918965 0.13599920
v -0.05567051 -0.45326251 0.15189956
v -0.05331722 -0.44240960 0.15806063
v 0.00085600 -0.48403347 0.05397482
v -0.06686374 0.15591653 -0.01875864
v -0.06100306 0.14946897 -0.00254391
v -0.26201230 -0.00081497 -0.04731518
v -0.28142980 -0.00438928 -0.05361325
v -0.19947144 -0.02079576 -0.02928036
v -0.20107619 -0.02467407 -0.04859998
v -0.19592123 -0.03165083 -0.04730695
v -0.19473824 -0.02798706 -0.02601994
v -0.20132932 -0.02509052 -0.06534955
v -0.19566627 -0.03177456 -0.06551038
v -0.13955921 0.05734491 0.06823532
v -0.13941804 0.07666924 0.05353780
v -0.15083076 0.07200991 0.05283922
v -0.15103772 0.05363049 0.06586138
v -0.12701811 0.05697163 0.07198386
v -0.11217850 0.05583742 0.07651250
v -0.11314288 0.07508425 0.05938817
v -0.12785244 0.07689216 0.05592518
v -0.07015502 0.11330554 0.02364792
v -0.08835849 0.12369695 0.00746269
v -0.04981431 0.10480211 0.03456909
v -0.03151358 0.09876102 0.04169960
v -0.02000391 0.13532332 -0.11945630
v -0.01894465 0.12364701 -0.12426304
v -0.03782044 0.12625329 -0.12101875
v -0.04175255 0.13791086 -0.11442639
v -0.05315277 0.13855287 0.00935792
v -0.03983476 0.13163678 0.01986768
v -0.02641518 0.11876039 0.02979010
v -0.32913724 0.09915484 -0.02623621
v -0.35212266 0.09317159 -0.02841383
v -0.06683271 0.16760175 -0.05572302
v -0.06890718 0.16235481 -0.03684880
v -0.32809964 0.10455472 -0.04628052
v -0.35145333 0.09828961 -0.04787242
v -0.13550149 0.13753915 -0.00480916
v -0.14271364 0.11773280 0.01723391
v -0.13275552 0.11683777 0.01836740
v -0.05061303 0.14452335 0.01061497
v -0.03857685 0.13873489 0.01999128
v -0.21784581 -0.42874807 0.02792735
v -0.20728672 -0.43501210 0.06945502
v -0.18035257 -0.18764253 0.05770377
v -0.18546334 -0.18387881 0.02314320
v -0.03080456 -0.15591465 0.19751003
v -0.02934315 -0.17948765 0.20855072
v -0.01156989 0.14112128 0.02974570
v -0.05835520 -0.22586654 0.20645936
v -0.02954236 -0.23067272 0.21407850
v -0.02961128 -0.20428979 0.21494254
v -0.05906247 -0.20158124 0.20617935
v -0.01669435 -0.26520976 0.21173745
v -0.01820641 -0.25483856 0.21166609
v -0.01430976 -0.42580983 0.17385341
v -0.02967497 -0.42753181 0.17216170
v -0.25756553 0.08246242 0.02157931
v -0.25220427 0.10158843 0.00934719
v -0.26891288 0.10003358 0.00480850
v -0.27319628 0.08082519 0.01704588
v -0.08464230 -0.22213458 0.19379893
v -0.11004195 -0.21896443 0.17360452
v -0.18960710 -0.02079358 0.02610753
v -0.18526566 -0.01063895 0.04636797
v -0.02777853 -0.08186802 0.15620668
v -0.07666302 -0.02422309 0.16146475
v -0.07590711 -0.00901499 0.14934900
v -0.09403220 -0.00729149 0.14514604
v -0.09412818 -0.02146012 0.15772124
v 0.00070360 -0.48349965 0.04223955
v -0.24122727 0.07934334 -0.11320600
v -0.25243008 0.08414730 -0.11193006
v -0.24840958 0.09520774 -0.10632136
v -0.23738411 0.09192879 -0.10804788
v 0.00455676 -0.52482116 0.05641427
v 0.00455851 -0.54035109 0.04219827
v -0.01394440 -0.49011847 -0.04500319
v -0.00265258 -0.48466265 -0.02457778
v -0.06908299 -0.58334100 0.13355157
v -0.07361320 -0.55320609 0.14050145
v -0.06640164 -0.61370438 0.12527338
v -0.06427880 -0.64316493 0.11568645
v -0.06221463 -0.82353985 0.03912389
v -0.07320426 -0.85097957 0.04054156
v -0.08151855 -0.94216967 0.02466420
v -0.08448074 -0.97670597 0.01827721
v -0.08785753 -1.01360416 0.01251506
v -0.09061138 -1.05189097 0.00707359
v -0.09362571 -1.08786380 0.00373714
v -0.35211900 0.09547796 -0.06735181
v -0.32792237 0.10168788 -0.06853373
v -0.33083627 0.09019760 -0.08762866
v -0.35481948 0.08645221 -0.08424897
v -0.32165888 -0.00771631 -0.04462131
v -0.31917614 0.00122091 -0.02535207
v -0.34123933 -0.00242101 -0.02874364
v -0.34274405 -0.00991107 -0.04758270
v -0.36465636 -0.01146550 -0.05067467
v -0.36645788 -0.01035225 -0.06848539
v -0.34375012 -0.01057010 -0.06627480
v -0.36624259 0.02494898 -0.10586660
v -0.36331105 0.04261580 -0.10846558
v -0.33852726 0.04182532 -0.11143331
v -0.34249088 0.02093482 -0.10668487
v -0.35736904 0.07326246 -0.09711223
v -0.33439538 0.07544362 -0.10057294
v -0.33672425 0.05920781 -0.10877989
v -0.36038885 0.05838916 -0.10555040
v -0.35996735 0.02381122 -0.00647764
v -0.36187154 0.00649509 -0.01665263
v -0.33903474 0.01070444 -0.01278505
v -0.33694610 0.02791361 -0.00153489
v -0.24787636 0.11859508 -0.01047434
v -0.26522571 0.11536517 -0.01457313
v -0.20921865 0.01833923 0.02383200
v -0.20941292 0.03278530 0.03722334
v -0.22736178 0.03625232 0.03239872
v -0.22100532 0.01980875 0.01657063
v -0.30758852 0.09169263 -0.00408480
v -0.28694120 0.09626922 0.00107544
v -0.28455937 0.11076741 -0.01760829
v -0.30617824 0.10524990 -0.02184289
v -0.31408218 0.03173989 0.00444830
v -0.31657830 0.01557148 -0.00841559
v -0.29362449 0.01926213 -0.00342190
v -0.29227564 0.03475347 0.01155343
v -0.32181403 0.00420768 -0.09543059
v -0.29964653 0.00049295 -0.09162501
v -0.26021260 0.06139178 0.02766953
v -0.27557269 0.05881552 0.02225605
v -0.18390141 -0.02198797 0.05179217
v -0.19415653 -0.04530977 -0.01832877
v -0.19425152 -0.03577438 -0.02227962
v -0.15755840 -0.07612164 0.13007121
v -0.15841596 -0.05887290 0.13274762
v -0.18894885 -0.08347953 0.03112999
v -0.19169718 -0.06801409 0.02227072
v -0.16639192 -0.07009374 0.11896498
v -0.16436005 -0.05852699 0.12394999
v -0.10538419 -0.12063933 0.13197722
v -0.02837184 0.10931639 0.03444058
v -0.29026285 0.07687348 0.01228558
v -0.29174909 0.05490844 0.01628569
v -0.25892583 0.01300219 -0.10201971
v -0.25977781 0.00362584 -0.09154942
v -0.27708799 0.00750240 -0.09915098
v -0.27436444 0.01983138 -0.10822279
v -0.13959777 -0.02866559 -0.13634132
v -0.12175337 -0.04011619 -0.14204906
v -0.13567671 -0.05451355 -0.13246250
v -0.15117082 -0.04160037 -0.12695386
v -0.24679035 0.11292744 -0.09133458
v -0.25044042 0.12023299 -0.07893518
v -0.23495713 0.12208711 -0.07745068
v -0.23372336 0.11345496 -0.09140825
v -0.25557256 0.12510943 -0.06172859
v -0.26138371 0.12443650 -0.03869168
v -0.24316087 0.12872896 -0.03541996
v -0.23798339 0.12806170 -0.05887160
v -0.20740968 -0.38993213 -0.03768596
v -0.21544988 -0.39310026 -0.00136179
v -0.16554552 -0.26142454 0.09850575
v -0.14803557 -0.26866779 0.12640066
v -0.13101266 -0.37291923 0.15430366
v -0.02375878 -0.48417124 0.13394184
v -0.00333908 -0.49463207 0.10741725
v 0.00288068 -0.56250530 0.02839689
v -0.21445662 -0.39790183 0.03638952
v -0.00267748 -0.59074259 0.01741660
v -0.00955054 -0.62044775 0.00798576
v -0.06443894 -0.61337763 -0.06382356
v -0.09678608 -0.61373240 -0.06928275
v -0.09306035 -0.58432180 -0.07191192
v -0.05746773 -0.58212113 -0.06550046
v -0.12836060 -0.61518264 -0.06326528
v -0.12728252 -0.58679026 -0.06587172
v -0.12239401 -0.69879752 0.09994110
v -0.11413077 -0.92588180 -0.08793473
v -0.13808133 -0.96196264 -0.08075145
v -0.13917957 -0.92355424 -0.08209857
v -0.11507769 -0.96299613 -0.08620256
v -0.15952235 -0.92355031 -0.06703389
v -0.15900962 -0.88843328 -0.06435926
v -0.16168572 -0.96853673 0.00967851
v -0.11673909 -1.00055933 -0.08124024
v -0.13688883 -1.00111306 -0.07589304
v -0.15318295 -1.00068402 -0.06379795
v -0.15757447 -0.96123236 -0.06653992
v 0.00450203 -0.51372778 0.06867578
v -0.18469110 -0.47514394 0.10279061
v -0.18272522 -0.44392031 0.10601085
v -0.12070468 -0.43677163 0.14522184
v -0.08630488 -0.45180136 0.15173839
v -0.13217875 -0.19688497 0.14196903
v -0.15147752 -0.19487706 0.11588001
v -0.14605281 -0.15706751 0.10035136
v -0.16193475 -0.15548486 0.07424736
v -0.16573656 -0.17336704 0.08134563
v -0.14930008 -0.17610079 0.10808873
v -0.17697132 -0.15277955 0.01003150
v -0.17530060 -0.15182687 -0.02461424
v -0.17673926 -0.16608571 -0.01907059
v -0.17978826 -0.16814893 0.01580457
v -0.18321699 -0.18003531 -0.01267522
v -0.17310047 -0.17677481 -0.04551973
v -0.08475022 -0.14829309 -0.12245015
v -0.10799858 -0.15362976 -0.11421595
v -0.10646929 -0.13719136 -0.12116460
v -0.08297747 -0.13088420 -0.12807192
v -0.04349117 -0.43331864 0.16670506
v 0.00244462 -0.49661943 0.08287773
v -0.07735400 -0.52448565 0.14528860
v -0.11807229 -0.48953116 0.14574063
v -0.15374987 -0.48276475 0.13105753
v -0.25994676 0.00616050 -0.03093657
v -0.17771697 -0.01398408 -0.11182458
v -0.17407669 -0.00298956 -0.11750866
v -0.27609631 0.11937512 -0.06481957
v -0.28179929 0.11917500 -0.04187741
v -0.27378708 0.03751818 0.01849425
v -0.23688486 0.10267188 0.01282859
v -0.24211821 0.08224580 0.02552023
v -0.22527677 0.08237547 0.02989711
v -0.15414025 -0.38052911 0.12688987
v -0.17993277 -0.38877833 0.10383661
v -0.15335312 -0.40104699 0.12797862
v 0.00018150 -0.48398679 -0.00577341
v -0.05374238 -0.46847880 0.14899375
v -0.01451649 -0.64985996 -0.00034055
v -0.01862452 -0.67758858 -0.00866484
v -0.02231184 -0.70399272 -0.01688080
v -0.02608118 -0.73009288 -0.02468007
v -0.03081628 -0.75614995 -0.03193184
v -0.03867836 -0.78225666 -0.03709459
v -0.04867297 -0.80888993 -0.03571282
v -0.05205229 -0.83652705 -0.04118475
v -0.04521282 -0.90291411 -0.03607245
v -0.05337212 -0.90061039 -0.05568530
v -0.05310435 -0.86752903 -0.04970984
v -0.05458311 -0.93435407 -0.05929666
v -0.05842578 -0.96840322 -0.05960192
v -0.06483038 -1.00429749 -0.05724903
v -0.07481066 -1.07762814 -0.05181228
v -0.07111495 -1.04110134 -0.05445685
v 0.00108657 -0.48250821 0.02845060
v 0.00096540 -0.48339751 0.01210435
v -0.11996720 0.11529072 0.01959995
v -0.19337264 -0.02005692 -0.00333909
v -0.19703859 -0.01375704 -0.00876040
v -0.25780907 0.03987437 0.02424940
v -0.31232560 0.07615516 -0.10511601
v -0.30807981 0.09337752 -0.09268078
v -0.27218255 0.02310708 0.00165013
v -0.21691275 0.00812783 -0.00162148
v -0.20689699 0.00590064 0.00634651
v -0.54521400 0.07671622 -0.04359235
v -0.54335350 0.08180906 -0.05792824
v -0.56360954 0.07847325 -0.05596914
v -0.56477189 0.07270455 -0.04306831
v -0.54611444 0.06646804 -0.03261552
v -0.56530720 0.06214710 -0.03326552
v -0.54596370 0.00069532 -0.05096269
v -0.54533738 0.00990656 -0.03820700
v -0.56486720 0.01064161 -0.04253941
v -0.56552488 0.00260267 -0.05543411
v -0.58391315 0.04559153 -0.02917638
v -0.58356428 0.03252361 -0.03006365
v -0.56473529 0.03456291 -0.02749072
v -0.56521487 0.04899620 -0.02788215
v -0.54442197 0.00307945 -0.08292364
v -0.54235703 0.01316044 -0.09464432
v -0.52306706 0.00861956 -0.09216879
v -0.52544278 -0.00114523 -0.07921074
v -0.46605685 0.00587250 -0.02961205
v -0.46860543 -0.00539544 -0.04149294
v -0.45331234 -0.00402959 -0.03505805
v -0.45086452 0.00882177 -0.02476220
v -0.50506479 0.08471370 -0.04512637
v -0.50221735 0.08637236 -0.06105073
v -0.52262527 0.08437659 -0.05948607
v -0.52537709 0.08045281 -0.04402176
v -0.50566161 0.04377981 -0.02021508
v -0.50481176 0.02652006 -0.02204336
v -0.48365963 0.03048827 -0.01996352
v -0.48428741 0.04810075 -0.01954420
v -0.48420396 0.08869513 -0.04763244
v -0.48078847 0.08822340 -0.06364159
v -0.54553956 0.03744220 -0.02493321
v -0.54506862 0.02249018 -0.02921909
v -0.52525085 0.02400909 -0.02533343
v -0.52590954 0.04030404 -0.02227628
v -0.58250552 0.01096886 -0.08640297
v -0.58090705 0.02147407 -0.09500606
v -0.56166101 0.01749602 -0.09539212
v -0.56356794 0.00724602 -0.08535630
v -0.58347362 0.02122012 -0.03659855
v -0.58389026 0.01192561 -0.04674666
v -0.56443042 0.02151005 -0.03291861
v -0.58114403 0.07073443 -0.08095534
v -0.58226943 0.07539584 -0.06756026
v -0.56164235 0.07745960 -0.07052344
v -0.56015670 0.07154606 -0.08459128
v -0.50594258 0.00079878 -0.04121226
v -0.50513226 0.01174824 -0.02939347
v -0.52542669 0.01049329 -0.03400121
v -0.52610737 0.00034823 -0.04636305
v -0.50665271 0.07510871 -0.03122717
v -0.52654278 0.07056872 -0.03174321
v -0.53891110 0.07226769 -0.08775330
v -0.54081661 0.07948938 -0.07334476
v -0.51988691 0.08067739 -0.07555407
v -0.51795751 0.07176539 -0.08995610
v -0.49778411 0.05394585 -0.09830567
v -0.49861985 0.03593418 -0.09871875
v -0.51860380 0.04008242 -0.10016762
v -0.51775771 0.05716083 -0.09815592
v -0.48555017 0.00255501 -0.03532846
v -0.48702976 -0.00609790 -0.04971218
v -0.50600827 -0.00479957 -0.07415657
v -0.50362337 0.00405008 -0.08800936
v -0.48486006 -0.00045690 -0.08260257
v -0.48719570 -0.00833231 -0.06728253
v -0.44761762 0.07350908 -0.02756571
v -0.44715059 0.08543292 -0.03803852
v -0.46401370 0.08439247 -0.03532027
v -0.46461028 0.07071805 -0.02469300
v -0.46312809 0.09044161 -0.05074518
v -0.44675636 0.08904116 -0.05309546
v -0.41760990 0.08456104 -0.07439130
v -0.41786540 0.07342736 -0.08387221
v -0.42877862 0.07299964 -0.08188204
v -0.42929739 0.08497806 -0.07270078
v -0.45978475 0.04423169 -0.09783916
v -0.46040437 0.02462747 -0.09438343
v -0.47919416 0.03059033 -0.09667279
v -0.47821984 0.04982324 -0.09838531
v -0.44835141 0.00172576 -0.08393596
v -0.45320097 -0.00960578 -0.07073098
v -0.46736437 -0.00546905 -0.07664666
v -0.46326581 0.00715842 -0.08866220
v -0.40528905 -0.00747671 -0.07269549
v -0.40532047 -0.01257369 -0.05651726
v -0.41853470 -0.01310859 -0.05716629
v -0.41830692 -0.00590311 -0.07268135
v -0.40191305 0.00042851 -0.02235702
v -0.40047011 0.01682380 -0.01293183
v -0.41384760 0.01390839 -0.01416395
v -0.41537806 -0.00150615 -0.02373328
v -0.39664799 0.08482733 -0.03049771
v -0.39422488 0.09129389 -0.04917237
v -0.40698826 0.09055994 -0.04597682
v -0.40950936 0.08210719 -0.02905643
v -0.44469348 0.03982248 -0.09667151
v -0.44273922 0.01896554 -0.09159882
v -0.42793557 -0.00185233 -0.02654968
v -0.42623085 0.01243999 -0.01680341
v -0.43895492 0.01046461 -0.02007745
v -0.44098768 -0.00326466 -0.02976937
v -0.42215922 0.04730154 -0.01640741
v -0.42276743 0.06336683 -0.01919126
v -0.43434069 0.05992085 -0.02104986
v -0.43483523 0.04257111 -0.01869627
v -0.42125714 0.07933571 -0.02783257
v -0.41920412 0.08929725 -0.04266188
v -0.43268326 0.08685867 -0.03995125
v -0.43378985 0.07591603 -0.02717838
v -0.42707399 0.04858179 -0.09333450
v -0.42875132 0.03585568 -0.09695590
v -0.43562648 0.03848502 -0.09652410
v -0.43449324 0.05125884 -0.09268586
v -0.43799040 -0.00160162 -0.07809596
v -0.44158569 -0.01175311 -0.06434025
v -0.44787085 0.03926641 -0.02109682
v -0.44990695 0.02343783 -0.02026245
v -0.43694827 0.02606852 -0.01627878
v -0.43020573 0.09102406 -0.05726752
v -0.40517941 0.00236510 -0.08576760
v -0.40446758 0.01370787 -0.09648350
v -0.38970664 0.01185146 -0.09759346
v -0.39040169 0.00020741 -0.08602013
v -0.38984898 -0.00811121 -0.07167307
v -0.38857183 -0.01153875 -0.05459438
v -0.38439691 0.00324041 -0.02000539
v -0.38245851 0.02019569 -0.01055773
v -0.38084719 0.03976807 -0.00607690
v -0.37872216 0.05925854 -0.00747674
v -0.39738154 0.05627478 -0.01206772
v -0.39894113 0.03612654 -0.00960214
v -0.37431008 0.09390905 -0.04878362
v -0.37508753 0.08857395 -0.02981065
v -0.37516242 0.09146581 -0.06700486
v -0.39328057 0.09011167 -0.06561685
v -0.42980742 -0.01142073 -0.04172043
v -0.41739717 -0.01107812 -0.03919095
v -0.53838152 0.05913603 -0.09677441
v -0.53871083 0.04344058 -0.10015942
v -0.55908912 0.04597839 -0.09892125
v -0.55934042 0.06035881 -0.09428590
v -0.57960939 0.03446697 -0.09806021
v -0.55989480 0.03116999 -0.09963769
v -0.54619479 0.05282677 -0.02603606
v -0.52665579 0.05657230 -0.02415260
v -0.58392131 0.05856650 -0.03362304
v -0.44794393 0.05610028 -0.02257490
v -0.46399546 0.05206701 -0.02100770
v -0.41800344 0.05992320 -0.08887468
v -0.40702498 0.07332159 -0.08656869
v -0.40862197 0.05992288 -0.09338760
v -0.45972100 0.06241535 -0.09296282
v -0.46028021 0.07692634 -0.07968897
v -0.44161162 0.07091034 -0.08195683
v -0.44440630 0.05626709 -0.09274688
v -0.42214143 0.03320356 -0.09801777
v -0.41981077 0.04708882 -0.09568693
v -0.41114303 0.04597659 -0.09895018
v -0.41352642 0.03054522 -0.10000240
v -0.41059288 0.06778029 -0.01847853
v -0.39702779 0.07206303 -0.01819395
v -0.39517254 0.07284753 -0.08957757
v -0.39392161 0.08313646 -0.07902204
v -0.37792459 0.08329535 -0.08203570
v -0.37935734 0.07203975 -0.09345067
v -0.40621993 0.08388928 -0.07634276
v -0.39727175 0.05966236 -0.09747010
v -0.38185513 0.05918412 -0.10169692
v -0.37655956 0.07636158 -0.01566592
v -0.40223959 0.02889980 -0.10234036
v -0.39983329 0.04496867 -0.10224108
v -0.38454217 0.04400068 -0.10546126
v -0.38725227 0.02728325 -0.10441478
v -0.54013145 0.02753255 -0.09996778
v -0.52031779 0.02336671 -0.09871329
v -0.45517880 -0.01208964 -0.05207724
v -0.46964020 -0.01102520 -0.05945560
v -0.44220361 -0.01191266 -0.04586828
v -0.54592371 -0.00190393 -0.06726196
v -0.56504476 0.00131837 -0.07116236
v -0.50675625 -0.00585092 -0.05675378
v -0.52635455 -0.00432817 -0.06255176
v -0.49762091 0.06998634 -0.09113635
v -0.42657119 0.00778731 -0.08454122
v -0.42879856 -0.00371620 -0.07383552
v -0.43387640 0.01140714 -0.08683425
v -0.38599285 -0.00765215 -0.03541365
v -0.40408295 -0.00939947 -0.03818373
v -0.43528336 0.02668683 -0.09445660
v -0.36372083 -0.00512704 -0.03221186
v -0.44297087 0.08573674 -0.07044841
v -0.41790593 0.09063537 -0.05930982
v -0.40592837 0.09044455 -0.06248569
v -0.58325899 0.07519078 -0.05395988
v -0.50647295 0.06077978 -0.02274108
v -0.46421352 0.03453655 -0.02018283
v -0.46494240 0.01908036 -0.02249552
v -0.42435205 0.01921840 -0.09348749
v -0.41592795 0.01592143 -0.09460206
v -0.41735080 0.00501777 -0.08448669
v -0.41020885 0.05243309 -0.01465096
v -0.41206828 0.03276812 -0.01171462
v -0.58384567 0.00459750 -0.07373940
v -0.42388538 0.02967062 -0.01383226
v -0.46088785 0.08763188 -0.06653541
v -0.01888812 0.07564104 -0.13721390
v -0.18165529 -0.09677873 0.03935209
v -0.13350578 -0.11224955 0.09198625
v -0.14994308 -0.11132383 0.07258751
v -0.19234703 -0.03999681 0.00765610
v -0.19299467 -0.02877932 0.00204027
v -0.20771872 -0.00494273 -0.01364586
v -0.21867630 -0.00027578 -0.01971968
v -0.18802834 -0.06046944 0.04918874
v -0.01538302 -0.24363549 0.21355665
v -0.06083960 -0.22631228 -0.11848805
v -0.03093974 -0.22441721 -0.11838480
v -0.03432632 -0.24287352 -0.12812243
v -0.06689349 -0.24482408 -0.12729575
v -0.03866750 -0.26445156 -0.13682702
v -0.20237651 -0.30510291 -0.06323507
v -0.19970633 -0.28169283 -0.06246196
v -0.18043721 -0.28222930 -0.09142595
v -0.18291099 -0.30667284 -0.09358647
v -0.20599180 -0.26537439 -0.03074419
v -0.19371614 -0.26196602 -0.06141199
v -0.21131618 -0.28405768 -0.02886692
v -0.21414419 -0.29051727 0.00656811
v -0.21021010 -0.27120697 0.00457971
v -0.20853096 -0.30070105 0.04127254
v -0.20562588 -0.27989566 0.03999568
v -0.19656505 -0.31232685 0.07328030
v -0.17975508 -0.32380939 0.10329670
v -0.15726741 -0.35857704 0.12981643
v -0.13472472 -0.34697270 0.15801881
v -0.15878190 -0.33552292 0.13201794
v -0.07818682 -0.36381069 0.19621052
v -0.10697751 -0.35731396 0.18026143
v -0.02349010 -0.36782530 0.20900366
v -0.05010869 -0.36679745 0.20519689
v -0.11560721 0.09469562 0.04083439
v -0.10852712 0.14622696 -0.08757741
v -0.11744240 0.15128142 -0.06299079
v -0.09437789 0.15133931 -0.08750448
v -0.13011678 0.08951141 -0.12685242
v -0.13237476 0.10842615 -0.11474359
v -0.11170667 0.10217140 -0.12666216
v -0.10945100 0.08508520 -0.13564429
v -0.08305147 0.14277701 -0.10249752
v -0.07556240 0.14486971 -0.10170408
v -0.09391303 0.13735023 -0.10522599
v -0.05786549 0.11994261 -0.12130716
v -0.07667105 0.12757187 -0.11542509
v -0.16074423 0.14318913 -0.05744525
v -0.16048360 0.12895262 -0.08218741
v -0.17016146 0.12823436 -0.07644988
v -0.17117992 0.14207692 -0.05212531
v -0.16013756 0.07729253 -0.12226199
v -0.15830605 0.06047324 -0.12756182
v -0.17141688 0.06328567 -0.12374237
v -0.17209463 0.07994343 -0.11848504
v -0.20191018 0.13502941 -0.03638263
v -0.19873625 0.12858644 -0.06080244
v -0.21058525 0.12962025 -0.05858067
v -0.21474886 0.13319618 -0.03434214
v -0.17150256 0.09677062 -0.10885777
v -0.09071906 -0.03041102 -0.15296371
v -0.13010496 -0.01486433 -0.14254273
v -0.11159106 -0.02257635 -0.14806864
v -0.17087477 0.00833207 -0.12147424
v -0.15968473 0.00321527 -0.12791447
v -0.16418107 -0.00986057 -0.12362832
v -0.19470270 0.01443547 -0.11108930
v -0.18233258 0.01188899 -0.11595505
v -0.22804910 0.05854959 0.03652508
v -0.20922375 0.05822126 0.04244512
v -0.20635879 0.08461699 0.03358898
v -0.21214879 0.00748259 -0.09810796
v -0.22449416 0.01283841 -0.09915657
v -0.22278197 0.01882480 -0.10228039
v -0.20956683 0.01320839 -0.10149152
v -0.14947973 0.14449844 -0.06149178
v -0.19813444 0.11709671 -0.07968757
v -0.19839238 0.10635243 -0.09474700
v -0.20917049 0.11038297 -0.09286594
v -0.20977072 0.11970579 -0.07738969
v -0.20122719 0.09206424 -0.10640457
v -0.20324439 0.07665648 -0.11305677
v -0.21439685 0.08267308 -0.11097973
v -0.21190825 0.09706122 -0.10397816
v -0.22175296 0.02692820 -0.10590496
v -0.20663822 0.02101243 -0.10490248
v -0.23256399 0.12149476 -0.00831367
v -0.17854571 0.14084847 -0.01786166
v -0.17361230 0.12549965 0.00826386
v -0.16354521 0.13279447 0.00389586
v -0.16854987 0.14576103 -0.02325494
v -0.24232243 0.00049485 -0.04214837
v -0.23969266 0.00690251 -0.02553536
v -0.24392539 -0.00397669 -0.05796137
v -0.21398550 -0.00462742 -0.08719742
v -0.24465723 -0.00404603 -0.07248644
v -0.24301690 0.03945110 0.02859166
v -0.24506687 0.06034919 0.03207317
v -0.17125016 0.09978017 0.02798330
v -0.16011530 0.10808905 0.02320740
v -0.22810510 0.13121593 -0.03372522
v -0.22331858 0.12952663 -0.05801063
v -0.24179178 0.02025368 -0.10521479
v -0.25408062 0.02780133 -0.11098695
v -0.23967174 0.02613844 -0.10838118
v -0.19961523 -0.01124624 -0.09673867
v -0.21389468 0.00228643 -0.09370285
v -0.18083780 0.14044783 -0.04642953
v -0.22136076 0.12172938 -0.07747035
v -0.22078824 0.11207046 -0.09267468
v -0.19154482 0.08719393 -0.10990611
v -0.18874015 0.10242901 -0.09905097
v -0.18030761 0.09906047 -0.10387164
v -0.18226202 0.08310288 -0.11417199
v -0.22580102 0.08833412 -0.11001840
v -0.22934258 0.07288213 -0.11425670
v -0.19280374 0.07121249 -0.11606856
v -0.18255392 0.06676189 -0.11981595
v -0.23775084 0.03413409 -0.11153262
v -0.15141584 0.11459991 0.01932531
v -0.15058506 0.09245982 0.03735105
v -0.14076819 0.09657384 0.03665319
v -0.17371750 0.07594930 0.04527450
v -0.16051827 0.08539150 0.04069080
v -0.19107945 0.06456692 0.04655036
v -0.12988177 0.09635892 0.03878544
v -0.43105832 0.02340505 -0.09377051
v -0.26529467 0.03572070 -0.11460984
v -0.25718722 0.02217197 -0.10822663
v -0.26987249 0.02934188 -0.11265039
v -0.31327796 0.06008760 -0.11175311
v -0.42682916 0.05996255 -0.08596752
v -0.43413246 0.06006403 -0.08601479
v -0.47822538 0.06711465 -0.09241366
v -0.49915725 0.08110201 -0.07721726
v -0.47928935 0.08017442 -0.07850186
v -0.48593718 0.08012243 -0.03193232
v -0.48513833 0.06617927 -0.02276527
v -0.48440537 0.01486174 -0.02534207
v -0.48157829 0.01309639 -0.09288670
v -0.62161881 0.06213260 -0.03776791
v -0.62187517 0.07000751 -0.04817207
v -0.64140463 0.06701605 -0.04475540
v -0.64075625 0.05810401 -0.03570176
v -0.65810442 0.04372329 -0.03148933
v -0.64009422 0.04699444 -0.03115224
v -0.65940404 0.05444395 -0.03401659
v -0.65695781 0.03364959 -0.03300113
v -0.63941175 0.03627976 -0.03168117
v -0.65620846 0.02581780 -0.03925566
v -0.65602088 0.02067198 -0.04870684
v -0.63890505 0.02120364 -0.04613452
v -0.63897085 0.02717348 -0.03708160
v -0.63931423 0.01707027 -0.05670859
v -0.63979620 0.01402300 -0.06753273
v -0.62144011 0.01044992 -0.06518440
v -0.62089097 0.01530906 -0.05372794
v -0.65767062 0.02602983 -0.08647794
v -0.65760535 0.03482236 -0.09002590
v -0.63905424 0.03213647 -0.09141045
v -0.63935691 0.02223746 -0.08705144
v -0.62013072 0.05225339 -0.08942926
v -0.61950749 0.04035620 -0.09304364
v -0.63920707 0.04357254 -0.09080003
v -0.63989300 0.05466071 -0.08643468
v -0.65840507 0.05661650 -0.08385257
v -0.65874857 0.06480848 -0.07607410
v -0.64049494 0.06402694 -0.07932367
v -0.58375335 0.06907742 -0.04212330
v -0.60270542 0.06576040 -0.04008899
v -0.60261309 0.05478063 -0.03278102
v -0.60209680 0.03026509 -0.03259042
v -0.60228968 0.04215164 -0.03024772
v -0.62091136 0.03897613 -0.03081467
v -0.62067372 0.02839057 -0.03467986
v -0.58430219 0.00499858 -0.05938496
v -0.60232627 0.01351039 -0.05054734
v -0.60288328 0.00768357 -0.06253115
v -0.62063122 0.02097336 -0.04304481
v -0.60204542 0.02089535 -0.04005487
v -0.62114692 0.01143909 -0.07712930
v -0.63959771 0.01572861 -0.07837385
v -0.62223816 0.07247083 -0.06022967
v -0.62176508 0.06964089 -0.07244471
v -0.64140344 0.06949879 -0.06858466
v -0.64179045 0.07128381 -0.05648637
v -0.60259062 0.00801191 -0.07551850
v -0.60170579 0.07001446 -0.07673296
v -0.60241944 0.07372365 -0.06403647
v -0.62087911 0.06276466 -0.08283600
v -0.60080415 0.06180683 -0.08679111
v -0.66036189 0.06892253 -0.05321775
v -0.66025651 0.06378052 -0.04185919
v -0.60273159 0.07253992 -0.05111593
v -0.62036383 0.01832641 -0.08709481
v -0.61968428 0.02861841 -0.09269142
v -0.60031074 0.02519346 -0.09379984
v -0.60149729 0.01459865 -0.08676474
v -0.57953703 0.04802876 -0.09607028
v -0.59979576 0.03728328 -0.09535937
v -0.60014123 0.04986046 -0.09266596
v -0.65773684 0.04576128 -0.08891220
v -0.58015090 0.06118627 -0.09097490
v -0.73538888 0.01316981 -0.04328312
v -0.74427193 0.01643812 -0.04206274
v -0.73900884 0.01885422 -0.04898780
v -0.72926188 0.01772499 -0.04855651
v -0.71069288 -0.00149817 -0.03273343
v -0.72233987 -0.00585492 -0.02805819
v -0.72826594 -0.00557561 -0.03610422
v -0.71790457 -0.00022232 -0.04190347
v -0.74069571 0.00933428 -0.03804369
v -0.74850780 0.01522160 -0.03618031
v -0.75614703 0.02057112 -0.03410556
v -0.74759531 0.01611338 -0.03218082
v -0.75601685 0.02646462 -0.03007937
v -0.75084746 0.03696001 -0.02902717
v -0.76314396 0.03950359 -0.03299031
v -0.76371801 0.03066722 -0.03053936
v -0.74419761 0.05097811 -0.05217745
v -0.74114382 0.05118035 -0.06306998
v -0.75668663 0.04963774 -0.06469037
v -0.75924945 0.04878659 -0.05354461
v -0.74763709 0.04487984 -0.08263576
v -0.75316262 0.04726264 -0.07363399
v -0.73765421 0.04957094 -0.07137857
v -0.73352027 0.04755238 -0.07941142
v -0.72468799 0.02050907 -0.05562780
v -0.73454005 0.02028477 -0.05647843
v -0.73276973 0.02001132 -0.06209942
v -0.72266591 0.01988868 -0.06178990
v -0.74716520 0.02226678 -0.02780719
v -0.74826282 0.00873570 -0.02865216
v -0.74770916 0.01152524 -0.02531677
v -0.74250662 0.02476193 -0.02375659
v -0.68739414 0.01506346 -0.06308781
v -0.69797182 0.01237027 -0.06575410
v -0.69871348 0.01108676 -0.07280221
v -0.68697017 0.01399221 -0.07132763
v -0.68652844 0.01494332 -0.04321738
v -0.68163246 0.02397129 -0.03265477
v -0.68930018 0.01941697 -0.02889701
v -0.69293189 0.00911176 -0.03984022
v -0.69807148 0.01237851 -0.02585552
v -0.70793295 0.00532278 -0.02324807
v -0.70128918 0.00338446 -0.03669356
v -0.72095871 0.00014473 -0.02083729
v -0.69423664 0.01493742 -0.08488511
v -0.68632138 0.01855667 -0.08191903
v -0.79579359 0.00832617 -0.04264521
v -0.79653585 0.00942469 -0.03708135
v -0.79882455 0.00700325 -0.03748303
v -0.79807556 0.00600356 -0.04302552
v -0.68757647 0.04415674 -0.08864029
v -0.68644798 0.03447052 -0.09028690
v -0.69287127 0.03456387 -0.09122567
v -0.69432002 0.04412129 -0.08827581
v -0.70124716 0.03434748 -0.09340458
v -0.70321441 0.04419138 -0.08869240
v -0.80382276 0.01557010 -0.03384214
v -0.80731237 0.01869535 -0.03635994
v -0.81019026 0.01320857 -0.03605943
v -0.80629760 0.01091528 -0.03397135
v -0.74859726 0.01897832 -0.04834706
v -0.75317186 0.01762156 -0.04066469
v -0.76145214 0.01870707 -0.03860462
v -0.76845562 0.01962802 -0.03727653
v -0.76938683 0.01792326 -0.04317989
v -0.75975847 0.01851071 -0.04724095
v -0.74548042 0.02013900 -0.05923940
v -0.75613964 0.01918675 -0.05940738
v -0.75172609 0.01962032 -0.06624624
v -0.74151981 0.02013660 -0.06600179
v -0.74554884 0.01550403 -0.08357439
v -0.73750085 0.01462179 -0.08229710
v -0.73798621 0.01689613 -0.07680434
v -0.74759209 0.01762532 -0.07761363
v -0.77306950 0.01869151 -0.07828392
v -0.76492763 0.01833547 -0.07804364
v -0.76655507 0.01913592 -0.07321486
v -0.77436393 0.01925738 -0.07371068
v -0.68099058 0.04525769 -0.08892743
v -0.67971510 0.03538782 -0.09035046
v -0.74266130 0.02717445 -0.10657546
v -0.74796867 0.03576750 -0.10244817
v -0.73819882 0.03706527 -0.09816528
v -0.73287922 0.03001804 -0.10255694
v -0.69687527 0.05208007 -0.08173247
v -0.68960196 0.05287085 -0.08219229
v -0.81016481 0.02050936 -0.04131098
v -0.81242919 0.01484126 -0.04122051
v -0.70865226 0.01904736 -0.01816664
v -0.72298181 0.00929152 -0.01606038
v -0.69745189 0.02758375 -0.02224671
v -0.68255049 0.03735449 -0.02856488
v -0.68968123 0.03337419 -0.02584016
v -0.76398975 0.01853243 -0.05203468
v -0.74262619 0.02016895 -0.05518827
v -0.73109990 0.01930951 -0.06614669
v -0.72204316 0.01108763 -0.08308266
v -0.72853076 0.01183439 -0.08576411
v -0.72586936 0.01161866 -0.09253449
v -0.71841210 0.01164907 -0.09200545
v -0.73940086 0.01453858 -0.10071823
v -0.73951775 0.01937773 -0.10563540
v -0.73102844 0.02064449 -0.10296840
v -0.73226821 0.01465440 -0.09911839
v -0.74690437 0.01173850 -0.02044630
v -0.73769695 0.02325072 -0.01870953
v -0.68583804 0.02544060 -0.08796040
v -0.69258815 0.02418602 -0.09071860
v -0.67928571 0.02734860 -0.08657622
v -0.69875783 0.01278310 -0.05574749
v -0.71133244 0.01751176 -0.05996221
v -0.71022981 0.01625265 -0.06401554
v -0.69758242 0.01353391 -0.06100196
v -0.71971834 0.01248899 -0.04923148
v -0.70901084 0.00508704 -0.04635589
v -0.72707796 0.00685948 -0.04493667
v -0.68693429 0.01583126 -0.05487296
v -0.67848551 0.01888865 -0.05201264
v -0.67874807 0.01838281 -0.06164835
v -0.67881441 0.01857954 -0.07142717
v -0.67923558 0.02209854 -0.08064807
v -0.66934985 0.01989353 -0.05046361
v -0.66999465 0.01892914 -0.06047935
v -0.67056847 0.01936501 -0.07094897
v -0.67102438 0.02259230 -0.07991596
v -0.68167007 0.05516609 -0.08253745
v -0.67195743 0.05667014 -0.08296068
v -0.67142689 0.04591580 -0.08879278
v -0.67870909 0.02080643 -0.04200612
v -0.66979909 0.02395754 -0.04110672
v -0.67112398 0.03091193 -0.03359955
v -0.67283398 0.04163904 -0.03115994
v -0.74366200 -0.00544925 -0.03208701
v -0.73946512 -0.00250097 -0.03503722
v -0.73440164 -0.00730021 -0.03123653
v -0.74007344 -0.00963150 -0.02743548
v -0.76955485 0.02415122 -0.03283171
v -0.76278102 0.02364951 -0.03294633
v -0.77157640 0.03098461 -0.03182672
v -0.70709687 0.01056760 -0.07822695
v -0.70283604 0.01335672 -0.08852026
v -0.77129161 0.01810426 -0.04845186
v -0.78609508 0.02537560 -0.03254241
v -0.78951526 0.03058174 -0.03504654
v -0.80157048 0.02374226 -0.03612573
v -0.79819918 0.01970509 -0.03341876
v -0.78236848 0.01596612 -0.04759637
v -0.78600812 0.01951244 -0.05201611
v -0.77965480 0.02069035 -0.05226944
v -0.77662921 0.01802729 -0.04743269
v -0.76860875 0.01610984 -0.08408138
v -0.76166743 0.01615340 -0.08382679
v -0.77329588 0.04505322 -0.04326976
v -0.76086521 0.04700681 -0.04161196
v -0.77341866 0.04296296 -0.05469970
v -0.75666529 0.01798023 -0.07802858
v -0.74924088 0.01892721 -0.07231391
v -0.75826424 0.01883292 -0.07302015
v -0.77050740 0.01968966 -0.05799600
v -0.76365978 0.01895038 -0.05925811
v -0.76694298 0.01880369 -0.05444001
v -0.77250582 0.01930171 -0.05280844
v -0.72180861 0.03224676 -0.09928987
v -0.71998662 0.01990790 -0.10046580
v -0.79981709 0.01214045 -0.03399161
v -0.80216157 0.00878704 -0.03449450
v -0.67114878 0.03539674 -0.08985248
v -0.67120641 0.02773208 -0.08639397
v -0.73923063 0.01897959 -0.07132092
v -0.74691260 0.04784429 -0.03981517
v -0.72944248 0.01780138 -0.07039887
v -0.76828861 0.02191907 -0.09403051
v -0.77089012 0.02821940 -0.09325900
v -0.76379216 0.03272799 -0.09282777
v -0.76199251 0.02418995 -0.09544004
v -0.79762387 0.00983649 -0.04783044
v -0.80141443 0.01289409 -0.05147547
v -0.79619223 0.01606825 -0.05169803
v -0.79306096 0.01241782 -0.04785489
v -0.78093362 0.01624832 -0.03708560
v -0.78086960 0.01477847 -0.04244934
v -0.77448779 0.01736347 -0.04252302
v -0.77406454 0.01863857 -0.03721039
v -0.77550375 0.02302624 -0.03356116
v -0.78295988 0.02052170 -0.03357720
v -0.79180211 0.03174955 -0.04867913
v -0.79025245 0.02587169 -0.05289926
v -0.80076987 0.02097541 -0.05278780
v -0.80396581 0.02457854 -0.04814603
v -0.72017086 0.05080822 -0.07686604
v -0.71707910 0.04770986 -0.08470207
v -0.73004967 0.04417843 -0.08770168
v -0.74318457 0.04099204 -0.09110047
v -0.75500947 0.03719384 -0.09413044
v -0.76050413 0.04298987 -0.08563644
v -0.72628856 0.04000949 -0.09384562
v -0.78079122 0.03582266 -0.05834734
v -0.78035033 0.02984798 -0.05702310
v -0.78244621 0.03580940 -0.05103527
v -0.72762001 0.01512958 -0.07667183
v -0.79455781 0.01555365 -0.03374379
v -0.69417775 0.05541625 -0.03766860
v -0.69447327 0.06067334 -0.05020282
v -0.70432365 0.05802797 -0.05090169
v -0.70278394 0.05269832 -0.03563941
v -0.79163170 0.01083437 -0.04256298
v -0.79177034 0.01174760 -0.03703079
v -0.76725793 0.01634625 -0.09332968
v -0.76151848 0.01500054 -0.09403765
v -0.76019698 0.01485023 -0.08961031
v -0.76706934 0.01510158 -0.08914723
v -0.71410090 0.04317375 -0.09061912
v -0.75394803 0.03104748 -0.10521505
v -0.74932706 0.02102152 -0.10905358
v -0.69935024 0.05693270 -0.07266884
v -0.70573139 0.05056706 -0.08247485
v -0.70848149 0.05419754 -0.07444580
v -0.76843518 0.04238358 -0.07508022
v -0.72360379 0.05228053 -0.06944150
v -0.71130139 0.05511837 -0.06701344
v -0.70119113 0.05847754 -0.06379594
v -0.69298726 0.06142372 -0.06237438
v -0.69162989 0.05919716 -0.07197747
v -0.80978251 0.01943153 -0.04799084
v -0.80398804 0.02589267 -0.04132155
v -0.68307143 0.06142326 -0.07184529
v -0.67258924 0.06369226 -0.07337577
v -0.68424201 0.06390427 -0.06195099
v -0.67335153 0.06631199 -0.06310386
v -0.71401578 0.05585984 -0.05852652
v -0.71621943 0.05491052 -0.04847373
v -0.72662443 0.05321800 -0.06136462
v -0.72993183 0.05264165 -0.05125921
v -0.77075905 0.04730622 -0.06556267
v -0.80475807 0.00871986 -0.05142835
v -0.80983925 0.00213081 -0.05172201
v -0.81391138 0.00364703 -0.05060321
v -0.80926251 0.01099604 -0.05106718
v -0.80592346 0.01620966 -0.05184339
v -0.81226647 0.01364100 -0.04753629
v -0.73281205 0.04904678 -0.03749964
v -0.77710605 0.02077252 -0.05734734
v -0.71699828 0.04806798 -0.03130571
v -0.73856264 0.03992968 -0.02604043
v -0.72830588 0.03693052 -0.02085506
v -0.69959694 0.04162396 -0.02440842
v -0.71079081 0.03399237 -0.01882102
v -0.68453234 0.04867407 -0.03116731
v -0.69186229 0.04576594 -0.02864568
v -0.67429698 0.05177316 -0.03313267
v -0.72372913 0.02296389 -0.01511532
v -0.80160987 0.00098431 -0.03879777
v -0.80145824 0.00063241 -0.04461194
v -0.67511761 0.06032353 -0.04035180
v -0.68597752 0.05742394 -0.03898652
v -0.73460269 0.00125385 -0.03979030
v -0.71991265 0.01677130 -0.06907015
v -0.71839476 0.01404199 -0.07382938
v -0.71528614 0.01074676 -0.08079933
v -0.71108508 0.01222078 -0.09111858
v -0.67452431 0.06572231 -0.05134650
v -0.65661037 0.01824867 -0.05909042
v -0.65717000 0.01765237 -0.06967565
v -0.65963274 0.06848416 -0.06529354
v -0.80508220 0.00243592 -0.03526828
v -0.77865249 0.02357620 -0.07624468
v -0.77804691 0.02391085 -0.07818379
v -0.73073906 -0.00725846 -0.02465856
v -0.73797715 -0.00894648 -0.02141683
v -0.73050052 -0.00225125 -0.01827124
v -0.73331618 0.00504968 -0.01502728
v -0.74218029 0.00120034 -0.01485266
v -0.73929882 -0.00498330 -0.01720986
v -0.70975101 0.01448234 -0.06751163
v -0.70934540 0.01258834 -0.07200563
v -0.70980948 0.02185553 -0.09775403
v -0.71101993 0.03392051 -0.09622309
v -0.77802306 0.02896030 -0.03257820
v -0.77311397 0.03831562 -0.03499997
v -0.78023541 0.03470635 -0.03557649
v -0.79096234 0.03365862 -0.04131926
v -0.78336251 0.02707674 -0.05363599
v -0.78067446 0.02506872 -0.05605341
v -0.70271075 0.00963932 -0.05089623
v -0.71435654 0.01666752 -0.05446190
v -0.74336421 0.00571803 -0.03446844
v -0.74639571 0.00244135 -0.03251365
v -0.76024437 0.01918218 -0.06616890
v -0.77985811 0.03662217 -0.07293788
v -0.78032494 0.04071078 -0.06542871
v -0.76807672 0.01971738 -0.06585643
v -0.81378448 0.00490695 -0.03637918
v -0.80938035 0.00343633 -0.03446333
v -0.78161442 0.03897275 -0.04236389
v -0.75389487 0.01611828 -0.08401462
v -0.77536505 0.03454125 -0.07911737
v -0.78030539 0.03030553 -0.07596120
v -0.74478930 0.01685803 -0.10617003
v -0.68570745 0.06275825 -0.05030566
v -0.80405170 0.00096935 -0.04973263
v -0.80011964 0.00663686 -0.04856279
v -0.81589484 0.00545776 -0.04716279
v -0.81579465 0.00636697 -0.04160425
v -0.70084709 0.02311836 -0.09436217
v -0.72119272 0.01852677 -0.06561119
v -0.65743512 0.02033034 -0.07920995
v -0.74471146 0.00799618 -0.01605262
v -0.73496252 0.01391810 -0.01572073
v -0.77437365 0.01977713 -0.06567229
v -0.75879282 0.02926306 -0.09919455
v -0.77615404 0.03337947 -0.08850198
v -0.77996713 0.03197116 -0.08197864
v -0.76876855 0.03804561 -0.08715525
v -0.78093690 0.02695602 -0.07951061
v -0.81873047 -0.00146526 -0.04740893
v -0.81861329 -0.00069493 -0.04188662
v -0.81622642 -0.00188911 -0.03669557
v -0.81143820 -0.00228912 -0.03501681
v -0.80702448 -0.00256634 -0.03615662
v -0.81629419 -0.00302076 -0.05067977
v -0.81224120 -0.00391203 -0.05176284
v -0.80643976 -0.00364935 -0.05002325
v -0.81719720 -0.00834328 -0.05106675
v -0.82001400 -0.00877911 -0.04751350
v -0.81937653 -0.01236326 -0.03949891
v -0.81952214 -0.01627326 -0.03940845
v -0.81711829 -0.01540744 -0.03706808
v -0.81778574 -0.00952625 -0.03730874
v -0.81724989 -0.02050674 -0.03815266
v -0.82009888 -0.02091455 -0.04004280
v -0.82055575 -0.01109600 -0.04227648
v -0.82142997 -0.01586378 -0.04299044
v -0.82144332 -0.02038926 -0.04738086
v -0.82208115 -0.02083999 -0.04366027
v -0.82069457 -0.01554972 -0.04678926
v -0.82050323 -0.01172447 -0.04566309
v -0.82026583 -0.00726807 -0.04198577
v -0.82215077 -0.02491093 -0.04409146
v -0.81951296 -0.02658033 -0.04460983
v -0.81806618 -0.02462590 -0.04030107
v -0.82055366 -0.02404392 -0.04087786
v -0.81272155 -0.00801909 -0.03577948
v -0.81352967 -0.01474786 -0.03682549
v -0.81398571 -0.02032053 -0.03858307
v -0.81497455 -0.02442974 -0.04111098
v -0.81140697 -0.02027029 -0.04047307
v -0.81002021 -0.01505744 -0.03843270
v -0.81265426 -0.02347124 -0.04286287
v -0.81009412 -0.02033967 -0.04325631
v -0.80779856 -0.01547855 -0.04183619
v -0.80556905 -0.00766146 -0.04045687
v -0.80837280 -0.00736982 -0.03699809
v -0.81157076 -0.02251256 -0.04427287
v -0.81659907 -0.02626705 -0.04544615
v -0.81964850 -0.01458508 -0.04960478
v -0.81978065 -0.02007389 -0.04986841
v -0.81743729 -0.01444519 -0.05144185
v -0.81766820 -0.02002132 -0.05121667
v -0.82203579 -0.02367032 -0.04740856
v -0.82016867 -0.02439570 -0.04883531
v -0.80364782 -0.00313497 -0.03977817
v -0.80375290 -0.00334334 -0.04556490
v -0.80545992 -0.00774741 -0.04600786
v -0.80765313 -0.01535618 -0.04680634
v -0.80831349 -0.00800210 -0.05024649
v -0.81330514 -0.00863266 -0.05198583
v -0.81439167 -0.01466841 -0.05195826
v -0.81050670 -0.01480776 -0.05081524
v -0.81215143 -0.01999611 -0.05012311
v -0.81486052 -0.01996768 -0.05130298
v -0.81031334 -0.02038604 -0.04692142
v -0.81483215 -0.02344310 -0.04963534
v -0.81752479 -0.02430135 -0.04958153
v -0.81304425 -0.02248412 -0.04907449
v -0.81223798 -0.02290052 -0.04668636
v -0.81407088 -0.02463871 -0.04626051
v -0.80026931 0.01063418 -0.06917001
v -0.80131519 0.01202011 -0.06448500
v -0.80395150 0.00668919 -0.06505665
v -0.80239093 0.00528193 -0.06996804
v -0.80817533 0.01795840 -0.06191219
v -0.81230235 0.02180332 -0.06474655
v -0.81501156 0.01458567 -0.06505030
v -0.81057245 0.01103950 -0.06245622
v -0.81346428 0.02370945 -0.07178254
v -0.81594896 0.01657373 -0.07177122
v -0.78891826 0.02664191 -0.05854906
v -0.79073530 0.03214926 -0.06039944
v -0.80550790 0.02714238 -0.06321935
v -0.80232900 0.02250424 -0.06059982
v -0.78291351 0.01827464 -0.07275277
v -0.78523827 0.02120611 -0.07675111
v -0.80408990 0.01459140 -0.06215052
v -0.80660474 0.00847590 -0.06272396
v -0.80021191 0.01086479 -0.07388987
v -0.80240667 0.01252097 -0.07812816
v -0.79738694 0.01742917 -0.07751520
v -0.79546994 0.01483876 -0.07354906
v -0.78408802 0.01882437 -0.06024581
v -0.78284520 0.01767311 -0.06649023
v -0.78659105 0.02243036 -0.05827719
v -0.79048610 0.03296480 -0.07414969
v -0.78854740 0.02733579 -0.07762894
v -0.80095607 0.02170262 -0.07935053
v -0.80441958 0.02625796 -0.07684074
v -0.79901040 0.01883999 -0.06099696
v -0.79533648 0.01426584 -0.06821067
v -0.79648668 0.01566395 -0.06324480
v -0.81048149 0.01963472 -0.07803579
v -0.80576080 0.02935827 -0.06991152
v -0.80505383 0.00649130 -0.07901901
v -0.80917895 -0.00146216 -0.07940055
v -0.81318831 0.00059444 -0.07954092
v -0.80913830 0.00876224 -0.07982936
v -0.80600381 0.01525921 -0.07938116
v -0.81310308 0.01242644 -0.07788974
v -0.80702877 -0.00220102 -0.06625787
v -0.80552822 -0.00298798 -0.07140300
v -0.80995667 -0.00093579 -0.06360444
v -0.79136199 0.03585127 -0.06664082
v -0.81818557 0.00372779 -0.06590721
v -0.81369722 0.00098759 -0.06355163
v -0.80574226 -0.00280428 -0.07620180
v -0.80227137 0.00536114 -0.07490239
v -0.81690490 0.00317961 -0.07758876
v -0.81904364 0.00540739 -0.07180828
v -0.81919491 -0.00455636 -0.07730018
v -0.82128930 -0.00328422 -0.07220209
v -0.82045501 -0.00432134 -0.06663913
v -0.81570882 -0.00534958 -0.06432487
v -0.81181431 -0.00597048 -0.06466001
v -0.81588113 -0.00621957 -0.07925391
v -0.81194246 -0.00716567 -0.07921264
v -0.80814457 -0.00755686 -0.07655792
v -0.81627429 -0.01333779 -0.07873990
v -0.81995046 -0.01325661 -0.07697384
v -0.82086426 -0.01978749 -0.06843600
v -0.82109714 -0.02498627 -0.06817245
v -0.81881887 -0.02434635 -0.06607652
v -0.81950152 -0.01853162 -0.06585592
v -0.82137960 -0.01592809 -0.06904237
v -0.82089603 -0.01263404 -0.06700724
v -0.82160038 -0.01555115 -0.07215680
v -0.82184887 -0.02022314 -0.07240371
v -0.82031518 -0.02582413 -0.07551208
v -0.82224590 -0.02598321 -0.07217459
v -0.81991726 -0.02036834 -0.07522509
v -0.82031399 -0.01631778 -0.07485837
v -0.81885910 -0.02939677 -0.06769310
v -0.82120830 -0.02893060 -0.06842707
v -0.82249653 -0.01114637 -0.07239519
v -0.81647664 -0.01083314 -0.06465872
v -0.81626141 -0.01775044 -0.06453601
v -0.81583166 -0.02410632 -0.06544930
v -0.81585073 -0.02903372 -0.06779136
v -0.81289178 -0.02401620 -0.06609596
v -0.81253254 -0.01778567 -0.06491011
v -0.81350636 -0.02798080 -0.06853274
v -0.81067950 -0.02422053 -0.06838211
v -0.80923438 -0.01822138 -0.06735454
v -0.80928624 -0.01052153 -0.06753722
v -0.81233799 -0.01039463 -0.06481753
v -0.81204003 -0.02696550 -0.06948872
v -0.81950724 -0.03216803 -0.07151258
v -0.81640029 -0.03142595 -0.07149599
v -0.82256585 -0.03103149 -0.07177643
v -0.81815004 -0.01998872 -0.07662746
v -0.81812483 -0.02583283 -0.07631053
v -0.81613773 -0.02011508 -0.07804498
v -0.81628072 -0.02607566 -0.07723345
v -0.82079488 -0.02990359 -0.07506000
v -0.81884551 -0.03055537 -0.07534918
v -0.80897897 -0.00670403 -0.06734063
v -0.80745339 -0.00729787 -0.07202157
v -0.80765772 -0.01104063 -0.07209472
v -0.80799544 -0.01880896 -0.07203786
v -0.80880076 -0.01161647 -0.07651593
v -0.81260180 -0.01284540 -0.07870980
v -0.81320649 -0.01969439 -0.07799782
v -0.80977464 -0.01920980 -0.07615295
v -0.81121773 -0.02477378 -0.07540204
v -0.81395620 -0.02551246 -0.07686058
v -0.80983233 -0.02453762 -0.07201824
v -0.81424326 -0.02911127 -0.07500164
v -0.81651431 -0.03033227 -0.07539907
v -0.81233573 -0.02764165 -0.07433167
v -0.81193459 -0.02772361 -0.07182685
v -0.81397623 -0.02983379 -0.07159856
v -0.78782058 0.00524843 -0.08861683
v -0.79095542 0.00724465 -0.08501807
v -0.79168242 0.00323761 -0.08472149
v -0.78791207 0.00126189 -0.08836462
v -0.79812348 0.01240903 -0.08532476
v -0.80013067 0.01517963 -0.08816801
v -0.80109018 0.00766522 -0.08856100
v -0.79927880 0.00609261 -0.08567385
v -0.79971206 0.01572019 -0.09424473
v -0.80074883 0.00745016 -0.09344205
v -0.78497833 0.02313164 -0.08128178
v -0.78614020 0.02764210 -0.08405870
v -0.79582846 0.02110824 -0.08667096
v -0.79423833 0.01736748 -0.08356658
v -0.79453188 0.00963622 -0.08416754
v -0.79591453 0.00459582 -0.08433287
v -0.78648329 0.00434589 -0.09289433
v -0.78720117 0.00504458 -0.09638485
v -0.78321898 0.00926626 -0.09562674
v -0.78281546 0.00838262 -0.09214161
v -0.77467167 0.01406506 -0.08551583
v -0.77789503 0.01608104 -0.08172866
v -0.78162116 0.01925236 -0.08063747
v -0.77974975 0.02450547 -0.09552578
v -0.77587771 0.01892737 -0.09599296
v -0.78620452 0.01277533 -0.09840068
v -0.79080641 0.01819310 -0.09809326
v -0.79086822 0.01373851 -0.08290032
v -0.78399163 0.00825951 -0.08734963
v -0.78711677 0.01072297 -0.08377201
v -0.79542768 0.01182997 -0.09864636
v -0.79409105 0.02197945 -0.09263385
v -0.78776455 0.00114077 -0.09688111
v -0.79118919 -0.00759995 -0.09611642
v -0.79526424 -0.00676084 -0.09734467
v -0.79210925 0.00276196 -0.09878120
v -0.79041553 0.00788468 -0.09899627
v -0.79698920 0.00553662 -0.09772550
v -0.79274035 -0.00491506 -0.08407789
v -0.78941828 -0.00620198 -0.08781260
v -0.79716021 -0.00421709 -0.08378053
v -0.78406733 0.02866715 -0.09014133
v -0.77317178 0.01425558 -0.09404134
v -0.80318230 -0.00336093 -0.08764663
v -0.80065298 -0.00372171 -0.08495304
v -0.78863394 -0.00713152 -0.09262484
v -0.78650594 0.00066322 -0.09299897
v -0.79988807 -0.00503486 -0.09639946
v -0.80311131 -0.00313777 -0.09233092
v -0.80123848 -0.01261705 -0.09531939
v -0.80442345 -0.01127607 -0.09122363
v -0.80449551 -0.01109773 -0.08653858
v -0.80140162 -0.01050335 -0.08408791
v -0.79789042 -0.00996768 -0.08324873
v -0.79625690 -0.01346505 -0.09585857
v -0.79267573 -0.01317322 -0.09453708
v -0.79036689 -0.01155221 -0.09167928
v -0.79542488 -0.01806372 -0.09481615
v -0.80011809 -0.01880628 -0.09345916
v -0.80156600 -0.02420557 -0.08453363
v -0.80122858 -0.02883965 -0.08341619
v -0.80055225 -0.02806681 -0.08153376
v -0.80160463 -0.02319694 -0.08264849
v -0.80276507 -0.02085721 -0.08597791
v -0.80350399 -0.01798952 -0.08525422
v -0.80259085 -0.02072477 -0.08903810
v -0.80175155 -0.02512282 -0.08814627
v -0.79827327 -0.02917850 -0.08999127
v -0.80119187 -0.02982920 -0.08705676
v -0.79879326 -0.02456719 -0.09099212
v -0.80052036 -0.02117288 -0.09157947
v -0.79992062 -0.03222322 -0.08173814
v -0.80103636 -0.03207988 -0.08315012
v -0.80359393 -0.01732928 -0.08988753
v -0.80116713 -0.01590121 -0.08262718
v -0.79972291 -0.02171868 -0.08092394
v -0.79850960 -0.02702618 -0.08002111
v -0.79725826 -0.03110766 -0.08074930
v -0.79563248 -0.02585137 -0.07996958
v -0.79650354 -0.02054620 -0.08055869
v -0.79476631 -0.02947408 -0.08084679
v -0.79300106 -0.02520549 -0.08108541
v -0.79313457 -0.01986277 -0.08146816
v -0.79415542 -0.01374328 -0.08327413
v -0.79768044 -0.01455009 -0.08215308
v -0.79321754 -0.02806765 -0.08160570
v -0.79854107 -0.03454250 -0.08502460
v -0.79547024 -0.03343481 -0.08425054
v -0.80071729 -0.03370976 -0.08602822
v -0.79696667 -0.02393937 -0.09263825
v -0.79621410 -0.02883112 -0.09102088
v -0.79407883 -0.02318323 -0.09287179
v -0.79383808 -0.02828634 -0.09097502
v -0.79853499 -0.03259188 -0.08886993
v -0.79679936 -0.03277248 -0.08895659
v -0.79410374 -0.00973582 -0.08428672
v -0.79103708 -0.01026183 -0.08755186
v -0.79112607 -0.01375675 -0.08627722
v -0.79004490 -0.02010864 -0.08450058
v -0.79017156 -0.01482278 -0.09034550
v -0.79204828 -0.01695001 -0.09313083
v -0.79130763 -0.02220112 -0.09154105
v -0.78947490 -0.02100378 -0.08866644
v -0.79006791 -0.02604258 -0.08745581
v -0.79153889 -0.02727133 -0.08975378
v -0.79063934 -0.02541828 -0.08378154
v -0.79236478 -0.03032011 -0.08737290
v -0.79441839 -0.03189290 -0.08847013
v -0.79109883 -0.02878124 -0.08627763
v -0.79189831 -0.02881044 -0.08367944
v -0.79334396 -0.03109646 -0.08381444
v -0.77327818 0.01372704 -0.08997481
v -0.76756287 0.00223166 -0.10658479
v -0.77077961 0.00343245 -0.10414976
v -0.77121460 0.00031537 -0.10440242
v -0.76772791 -0.00035429 -0.10668802
v -0.77764952 0.00793123 -0.10599232
v -0.77881539 0.00941092 -0.10998163
v -0.77915567 0.00319088 -0.11042407
v -0.77834558 0.00226837 -0.10644084
v -0.77640742 0.00914043 -0.11513585
v -0.77689016 0.00313520 -0.11514863
v -0.76564378 0.01902631 -0.09954397
v -0.76491904 0.02303579 -0.10278668
v -0.77483642 0.01521006 -0.10787061
v -0.77407485 0.01289308 -0.10391697
v -0.75592721 0.00688279 -0.10540348
v -0.75484073 0.00864917 -0.10951956
v -0.74943173 0.01222649 -0.10676849
v -0.74879473 0.01161682 -0.10224205
v -0.77448452 0.00584656 -0.10389405
v -0.77511847 0.00118053 -0.10454610
v -0.76522624 0.00162181 -0.10974738
v -0.76437473 0.00157461 -0.11343673
v -0.76236063 0.00450847 -0.11301845
v -0.76306516 0.00386682 -0.10879937
v -0.76036012 0.00993052 -0.09853900
v -0.75844026 0.00705799 -0.10188538
v -0.75111479 0.01075294 -0.09798868
v -0.75572062 0.01251102 -0.09529909
v -0.76348764 0.01355779 -0.09875968
v -0.75725228 0.01770520 -0.11291592
v -0.75519639 0.01224226 -0.11214849
v -0.76380956 0.00741145 -0.11605786
v -0.76798129 0.01139465 -0.11647406
v -0.77192795 0.00928316 -0.10284838
v -0.76504588 0.00506195 -0.10528174
v -0.76887006 0.00614536 -0.10323322
v -0.77121925 0.00609857 -0.11737791
v -0.77233791 0.01559225 -0.11308277
v -0.76439506 -0.00157142 -0.11388919
v -0.76540130 -0.00774240 -0.11418852
v -0.76779836 -0.00782919 -0.11673579
v -0.76698995 -0.00078553 -0.11709735
v -0.76665401 0.00301552 -0.11652166
v -0.77152956 0.00072646 -0.11750263
v -0.77222610 -0.00598669 -0.10435608
v -0.76832771 -0.00611156 -0.10667121
v -0.77592891 -0.00576264 -0.10469919
v -0.76161098 0.02396268 -0.10840982
v -0.77998269 -0.00551808 -0.11030269
v -0.77888608 -0.00576311 -0.10664618
v -0.76589829 -0.00690371 -0.11022252
v -0.76531756 -0.00116837 -0.11000708
v -0.77217448 -0.00711793 -0.11729944
v -0.77737176 -0.00559121 -0.11463279
v -0.77262717 -0.01346242 -0.11673975
v -0.77826709 -0.01211357 -0.11453223
v -0.78029823 -0.01139861 -0.11004767
v -0.77924287 -0.01049626 -0.10653469
v -0.77660322 -0.00984854 -0.10481328
v -0.76796901 -0.01338530 -0.11583164
v -0.76616144 -0.01244998 -0.11331436
v -0.76695210 -0.01098347 -0.10988471
v -0.76841879 -0.01777560 -0.11440781
v -0.77296638 -0.01858658 -0.11501437
v -0.77905756 -0.02177876 -0.10765904
v -0.77931738 -0.02519798 -0.10625535
v -0.77909195 -0.02476901 -0.10436571
v -0.77947974 -0.02070886 -0.10581088
v -0.77909607 -0.01882172 -0.10961843
v -0.77965891 -0.01637435 -0.10896388
v -0.77756959 -0.01892006 -0.11239576
v -0.77794534 -0.02271384 -0.11093089
v -0.77449107 -0.02716297 -0.11131084
v -0.77828354 -0.02649009 -0.10963109
v -0.77434373 -0.02351522 -0.11305064
v -0.77495015 -0.02029306 -0.11380923
v -0.77868199 -0.02852052 -0.10418108
v -0.77938813 -0.02806145 -0.10589716
v -0.77755558 -0.01621473 -0.11326995
v -0.77894044 -0.01459354 -0.10592824
v -0.77871585 -0.01975483 -0.10391647
v -0.77811134 -0.02476323 -0.10243726
v -0.77674097 -0.02856314 -0.10273385
v -0.77598393 -0.02384716 -0.10178307
v -0.77656835 -0.01867378 -0.10295811
v -0.77482796 -0.02732462 -0.10229781
v -0.77362061 -0.02300054 -0.10216618
v -0.77356589 -0.01786053 -0.10310856
v -0.77321315 -0.01276004 -0.10431108
v -0.77650702 -0.01342326 -0.10433891
v -0.77353907 -0.02596182 -0.10230169
v -0.77655488 -0.03076875 -0.10648939
v -0.77459902 -0.03017896 -0.10484451
v -0.77814716 -0.02975744 -0.10846293
v -0.77180099 -0.02329612 -0.11330956
v -0.77217686 -0.02739716 -0.11112311
v -0.76914954 -0.02229983 -0.11242563
v -0.77023447 -0.02693546 -0.10975295
v -0.77531135 -0.02950704 -0.11003336
v -0.77384472 -0.03012395 -0.10897791
v -0.77284557 -0.00958854 -0.10443589
v -0.76929760 -0.00992149 -0.10642767
v -0.76964039 -0.01320159 -0.10599899
v -0.77020478 -0.01808715 -0.10455486
v -0.76706558 -0.01446950 -0.10902998
v -0.76656389 -0.01617700 -0.11213553
v -0.76756263 -0.02119362 -0.11024007
v -0.76769871 -0.01959538 -0.10733607
v -0.76928639 -0.02439982 -0.10561401
v -0.76925051 -0.02581531 -0.10782850
v -0.77104127 -0.02322483 -0.10347652
v -0.77137977 -0.02823764 -0.10569105
v -0.77228338 -0.02957100 -0.10719061
v -0.77092731 -0.02681786 -0.10469255
v -0.77218854 -0.02662665 -0.10340148
v -0.77316332 -0.02865291 -0.10384402
v -0.75087202 0.01478551 -0.10939479
v -0.75676399 0.00513737 -0.02588183
v -0.75654095 0.00542753 -0.02100329
v -0.74966925 -0.01017279 -0.03082894
v -0.75302029 -0.00378361 -0.03200267
v -0.74718136 -0.01402299 -0.02559274
v -0.74882346 -0.01004864 -0.01556712
v -0.74726546 -0.01330655 -0.01984254
v -0.75561011 0.00169287 -0.02962665
v -0.75502831 0.00277749 -0.01656574
v -0.75169426 -0.00376637 -0.01400802
v -0.76303458 -0.00420570 -0.01457310
v -0.76015556 -0.01052352 -0.01295803
v -0.75599217 -0.01705906 -0.01531944
v -0.75364852 -0.01851845 -0.02041723
v -0.75229639 -0.01749592 -0.02587245
v -0.76376438 0.00042911 -0.01962292
v -0.76310366 0.00121039 -0.02476121
v -0.76052350 -0.00165505 -0.02925266
v -0.77080119 -0.00537241 -0.01850337
v -0.77344084 -0.01175262 -0.01436800
v -0.77141416 -0.02556536 -0.01557177
v -0.77521425 -0.02775087 -0.01560926
v -0.77352601 -0.02879747 -0.01962590
v -0.76889777 -0.02677405 -0.01903257
v -0.76952744 -0.02302539 -0.01546344
v -0.76532149 -0.02296868 -0.01718178
v -0.77507573 -0.02162503 -0.01269090
v -0.77225947 -0.01944296 -0.01366341
v -0.77508497 -0.01609052 -0.01330778
v -0.77828205 -0.01687013 -0.01315650
v -0.77871579 -0.02429469 -0.01223454
v -0.78182757 -0.02622021 -0.01427341
v -0.77864093 -0.02879554 -0.01595300
v -0.77841103 -0.02917217 -0.01936057
v -0.76932234 -0.01719576 -0.01352215
v -0.75987190 -0.02294073 -0.02208439
v -0.76641905 -0.02651379 -0.02342832
v -0.77268189 -0.02822387 -0.02402949
v -0.77819169 -0.02766435 -0.02362269
v -0.77273268 -0.02518517 -0.02828079
v -0.76563555 -0.02383963 -0.02838433
v -0.77761602 -0.02452164 -0.02684948
v -0.77381289 -0.02109442 -0.03008005
v -0.76705378 -0.01895935 -0.03120610
v -0.75790161 -0.01520431 -0.03095472
v -0.75738710 -0.02042467 -0.02719232
v -0.77715999 -0.02183403 -0.02838713
v -0.78321761 -0.02634558 -0.01818970
v -0.78235775 -0.02419607 -0.02217308
v -0.77875364 -0.01328538 -0.01576972
v -0.78234482 -0.01637098 -0.01642498
v -0.78137428 -0.01925072 -0.01319548
v -0.77780235 -0.00984573 -0.01946780
v -0.78212917 -0.01431404 -0.02032864
v -0.78340364 -0.02219548 -0.01384947
v -0.78430361 -0.02073862 -0.01697820
v -0.75363839 -0.01312874 -0.03056744
v -0.75701314 -0.00704155 -0.03164992
v -0.76128846 -0.00899557 -0.03145605
v -0.76969469 -0.01323545 -0.03101557
v -0.76571614 -0.00430540 -0.02865055
v -0.76916575 -0.00287458 -0.02350557
v -0.77635205 -0.00831268 -0.02398074
v -0.77329081 -0.00929172 -0.02843922
v -0.77839899 -0.01413212 -0.02746227
v -0.78070313 -0.01349972 -0.02435261
v -0.77588195 -0.01711940 -0.02946413
v -0.78196090 -0.01794676 -0.02452821
v -0.78376055 -0.01913102 -0.02112401
v -0.78013718 -0.01728929 -0.02655348
v -0.77893472 -0.01964403 -0.02752557
v -0.78073633 -0.02173019 -0.02538931
v -0.74458593 0.01358275 -0.10154978
v -0.74707395 0.01270202 -0.09627239
v -0.74133122 0.01355147 -0.09536736
v -0.73402041 0.01224941 -0.09404479
v -0.72554249 0.01393203 -0.09777442
v -0.73605883 0.01278840 -0.08803698
v -0.74368733 0.01408366 -0.08972356
v -0.75212759 0.01381882 -0.09077352
v -0.73123026 0.01358119 -0.08138507
v -0.01800746 0.06663577 0.06949923
v -0.01864389 0.05025379 0.08438742
v -0.31219652 0.05148423 0.00976073
v -0.30995870 0.07232880 0.00694383
v -0.30424449 0.11222782 -0.04424228
v -0.29967779 0.10979683 -0.07259867
v -0.08657269 -0.19879112 0.19126202
v -0.13004510 -0.15860942 -0.10020778
v -0.12986368 -0.14328708 -0.10807262
v -0.03915870 -0.13965459 -0.12682669
v -0.06155261 -0.14353681 -0.12659825
v -0.17620033 -0.17071027 0.05027355
v -0.17260794 -0.15395746 0.04380037
v -0.13047749 -0.17760655 0.13340221
v -0.12837768 -0.15796228 0.12491857
v -0.16866606 -0.19143140 0.08866809
v -0.09633165 -0.18159682 -0.11474921
v -0.12069364 -0.18465677 -0.10527150
v -0.11312213 -0.16799788 -0.10877903
v -0.08931274 -0.16442443 -0.11765376
v -0.01871193 -0.13633369 -0.12190638
v -0.01960423 -0.15383436 -0.11342881
v -0.17669025 -0.13694525 0.00680293
v -0.17483990 -0.13669068 -0.02742330
v -0.14860964 -0.13200572 -0.08619215
v -0.12761284 -0.12623382 -0.10657286
v -0.10516527 -0.11963084 -0.11998924
v -0.08289574 -0.11305182 -0.12913944
v -0.10862987 -0.13736284 0.14117345
v -0.08497317 -0.11656928 0.14841467
v -0.17110185 -0.13702899 0.04033722
v -0.03144892 -0.13320559 0.18453850
v -0.06532197 -0.08677218 -0.14231180
v -0.04130333 -0.08169730 -0.14552452
v -0.16515517 -0.13535279 -0.05887735
v -0.03638948 0.01558493 0.12476202
v -0.05639694 0.01797982 0.12242606
v -0.05641117 0.00353290 0.13734280
v -0.03686680 0.00054611 0.13875462
v -0.07563457 0.00536740 0.13476081
v -0.09408655 0.00632371 0.13010837
v -0.11076146 0.00638084 0.12399691
v -0.14922918 0.00078551 0.10166873
v -0.13816477 0.00341971 0.10957317
v -0.16812706 -0.00881947 0.08430190
v -0.15913732 -0.00282663 0.09344330
v -0.17689963 -0.02026911 0.07395416
v -0.18376014 -0.03402036 0.05964877
v -0.18836330 -0.03329315 0.03200645
v -0.18887174 -0.04721092 0.04046924
v -0.18390186 -0.04775402 0.07006126
v -0.17736045 -0.03375089 0.08469328
v -0.16876251 -0.02277067 0.09586294
v -0.02267702 -0.06191217 0.16148117
v -0.01987897 -0.03921005 0.15954606
v -0.01675902 0.08257946 0.05548647
v -0.50071907 0.01856267 -0.09622531
v -0.62132490 0.05103591 -0.03168376
v -0.01899185 0.11211441 -0.12852240
v -0.03829748 0.11546944 -0.12595327
v -0.10521451 0.13012052 -0.10927361
v -0.12037262 0.14028265 -0.08971272
v -0.08322273 0.11955193 -0.12068631
v -0.06082978 0.11021723 -0.12638652
v -0.15278587 -0.12199567 0.06667423
v -0.03997685 0.07923167 -0.13787033
v -0.06269073 0.09885745 -0.13154685
v -0.08741180 0.10822698 -0.12774993
v -0.11117668 0.11875357 -0.11612853
v -0.13317239 0.12999195 -0.09523834
v -0.14864124 0.12913908 -0.08705910
v -0.17016226 0.11267812 -0.09479258
v -0.18720739 0.11585909 -0.08379706
v -0.18834838 0.12839150 -0.06490919
v -0.17899117 0.12819038 -0.07024013
v -0.17848660 0.11411101 -0.08903128
v -0.26674652 0.11559653 -0.08254085
v -0.29030940 0.09336419 -0.09973716
v -0.28157914 0.10677924 -0.08924054
v -0.29430044 0.07712825 -0.10918881
v -0.29481751 0.06301398 -0.11411852
v -0.29104564 0.04901649 -0.11566319
v -0.28155902 0.03753512 -0.11530663
v -0.24334605 0.01482267 -0.10187013
v -0.22596067 0.00780368 -0.09597392
v -0.18943965 -0.01684546 -0.10037648
v -0.18216352 -0.02333451 -0.10406176
v -0.16258439 -0.05203221 -0.11480626
v -0.15049680 -0.06609737 -0.11840692
v -0.13590226 -0.08020226 -0.12225610
v -0.15269670 -0.26189151 -0.10796498
v -0.14538950 -0.24431093 -0.10062882
v -0.12118848 -0.24463537 -0.11455090
v -0.12851635 -0.26349211 -0.12198303
v -0.05564563 -0.21042570 -0.10888016
v -0.02795691 -0.20903648 -0.10634231
v -0.19701850 -0.24903464 -0.03060856
v -0.20202792 -0.25434119 0.00312921
v -0.16645211 -0.24387859 -0.08204108
v -0.18408990 -0.24551514 -0.05929748
v -0.19824010 -0.26147673 0.03840452
v -0.13112113 -0.29700178 0.15637173
v -0.10808715 -0.30458534 0.18075418
v -0.05576054 -0.31585717 0.21162567
v -0.02797421 -0.31886238 0.21796009
v -0.18746275 -0.27062309 0.07125659
v -0.08264789 -0.31118414 0.19965111
v -0.17158411 -0.28006276 0.10089522
v -0.15222746 -0.28891808 0.12929000
v -0.08101443 -0.21203275 -0.10697878
v -0.08711243 -0.22733231 -0.11486068
v -0.11137657 -0.22753391 -0.10717896
v -0.06163836 -0.01395758 -0.15604879
v -0.03951742 -0.01479956 -0.15573755
v -0.08401719 -0.01104725 -0.15452462
v -0.10172392 0.01274852 -0.15147465
v -0.10431705 -0.00539056 -0.15088467
v -0.12387426 0.00167624 -0.14547604
v -0.12116662 0.01912804 -0.14605600
v -0.15554319 0.02962824 -0.13118900
v -0.15675162 0.01610992 -0.13045111
v -0.16925694 0.01998884 -0.12414160
v -0.16872604 0.03284942 -0.12555391
v -0.19310069 0.02632155 -0.11414259
v -0.18095718 0.02284388 -0.11916348
v -0.20542222 0.03163008 -0.10833994
v -0.22063980 0.03778054 -0.11024644
v -0.21636975 0.06777245 -0.11393572
v -0.20413262 0.06082926 -0.11452006
v -0.15596764 0.04452292 -0.13014442
v -0.13990338 0.04134054 -0.13754226
v -0.03815418 0.01810306 -0.15031214
v -0.01860750 0.01456959 -0.14689016
v -0.19223152 -0.05388328 0.01475442
v -0.19374359 -0.05823494 -0.01350315
v -0.19237611 -0.05986489 -0.03961346
v -0.18941976 -0.05898280 -0.06226603
v -0.18495792 -0.05514479 -0.08153362
v -0.17827040 -0.04902444 -0.09788250
v -0.17641398 -0.03131474 -0.10776617
v -0.17027275 -0.04074359 -0.11133587
v -0.17006877 -0.02139255 -0.11686242
v -0.16198750 -0.03050124 -0.12167946
v -0.14633451 -0.00530242 -0.13541010
v -0.15376665 -0.01889041 -0.12983797
v -0.14152893 0.00977137 -0.13843122
v -0.13934201 0.02515414 -0.13932772
v -0.12078617 0.03690469 -0.14485912
v -0.10136477 0.03132150 -0.15042111
v -0.08365060 0.06211389 -0.14649013
v -0.08166230 0.04430286 -0.15036948
v -0.08100896 0.02588516 -0.15300563
v -0.08102776 0.00790297 -0.15428504
v -0.07900286 0.15320343 -0.09078370
v -0.06022010 0.14637525 -0.10442625
v -0.27404737 0.04352053 -0.11649629
v -0.27907020 0.05254804 -0.11709506
v -0.26978046 0.05280552 -0.11738534
v -0.26888794 0.04605926 -0.11690111
v -0.28037295 0.06345378 -0.11606847
v -0.27957255 0.07677671 -0.11256154
v -0.26747456 0.07547135 -0.11470406
v -0.26920360 0.06221470 -0.11726899
v -0.27568719 0.09093543 -0.10583867
v -0.26365820 0.08814869 -0.10996146
v -0.26854405 0.10252876 -0.09869797
v -0.25879666 0.10992797 -0.09328955
v -0.25432181 0.10514510 -0.09907596
v -0.25858635 0.09877646 -0.10414150
v -0.22326592 0.10125620 -0.10256369
v -0.23485875 0.10383759 -0.10116031
v -0.24606939 0.10506095 -0.09994812
v -0.23549974 0.04507103 -0.11402190
v -0.24799377 0.05336037 -0.11656572
v -0.25885817 0.05913199 -0.11741618
v -0.25631857 0.07218236 -0.11616632
v -0.24520180 0.06592865 -0.11612393
v -0.23278464 0.05821803 -0.11512055
v -0.05875066 0.00513249 -0.15557177
v -0.03773993 0.00254833 -0.15471804
v -0.19227698 0.03944393 -0.11614671
v -0.18121813 0.03604389 -0.12118090
v -0.20377128 0.04434053 -0.11184767
v -0.21843828 0.05140249 -0.11288918
v -0.19284993 0.05498583 -0.11743453
v -0.18185183 0.05071189 -0.12153982
v -0.16962281 0.04743151 -0.12563865
v -0.05941528 0.02179353 -0.15265530
v -0.01846094 0.00070199 -0.15317941
v -0.18737936 0.09136096 0.03248180
v -0.18740684 0.11668476 0.01286854
v -0.19019583 0.13452689 -0.01215068
v -0.19060627 0.13779974 -0.04053844
v -0.43020016 -0.01257473 -0.05929252
v -0.02136157 -0.17160082 -0.10821963
v -0.02417946 -0.19040351 -0.10488137
v -0.04991886 -0.19341996 -0.11072578
v -0.01989174 -0.08009522 -0.14632159
v -0.01906859 -0.01487310 -0.15531585
v -0.12570749 -0.02284430 0.14639062
v -0.11072670 -0.02173493 0.15301472
v -0.11078083 -0.00752268 0.13955779
v -0.12557682 -0.00856589 0.13251889
v -0.15007026 -0.02653313 0.12825225
v -0.13859870 -0.02432889 0.13780275
v -0.13854271 -0.01048284 0.12431969
v -0.14963137 -0.01296905 0.11547422
v -0.15995270 -0.03024267 0.11800156
v -0.15958807 -0.01673181 0.10595715
v -0.13846426 -0.04000789 0.14853701
v -0.12504625 -0.03870505 0.15725225
v -0.10997394 -0.03717822 0.16336933
v -0.15941417 -0.04411629 0.12778661
v -0.14984182 -0.04156145 0.13851672
v -0.01134990 0.14632905 0.03106781
v -0.01345101 0.10637405 0.03786840
v -0.01243640 0.11638508 0.03284116
v -0.01865155 -0.02007927 0.15153587
v -0.01753169 0.01142093 0.12727320
v -0.01804489 0.02127017 0.11223456
v -0.01856412 0.03437593 0.09851519
v -0.01525616 0.09542886 0.04506556
v -0.01797087 -0.00368431 0.14024654
v -0.18875580 -0.44045833 -0.06177478
v -0.16596471 -0.45717591 -0.08181608
v -0.17538935 -0.43078542 -0.08272658
v -0.15790972 -0.44314048 -0.09591461
v -0.19765410 -0.36173826 -0.06491382
v -0.19308713 -0.38793457 -0.06840592
v -0.20127770 -0.33343560 -0.06389144
v -0.13467622 -0.45025712 -0.10933758
v -0.10591463 -0.45261675 -0.11895478
v -0.10381361 -0.43248054 -0.12964088
v -0.18225810 -0.33413598 -0.09367744
v -0.17893058 -0.36161757 -0.09362453
v -0.18644679 -0.41162199 -0.07420287
v -0.17047317 -0.40993577 -0.09435990
v -0.16608790 -0.42487708 -0.09473380
v -0.13185820 -0.43239513 -0.11863127
v -0.15279800 -0.42969605 -0.10547923
v -0.04234863 -0.28572038 -0.14389130
v -0.07714629 -0.28645292 -0.14255172
v -0.07364599 -0.26502889 -0.13571246
v -0.15719438 -0.28359458 -0.11288524
v -0.17555849 -0.26103956 -0.08722326
v -0.15251788 -0.41173095 -0.11058509
v -0.13029610 -0.41134685 -0.12593494
v -0.10197148 -0.40969536 -0.13861947
v -0.10523278 -0.33225897 -0.14630052
v -0.10194657 -0.35729176 -0.14746642
v -0.13003391 -0.35969657 -0.13546635
v -0.13366671 -0.33344835 -0.13456832
v -0.15958650 -0.30785966 -0.11619158
v -0.15915488 -0.33433759 -0.11737279
v -0.10682384 -0.30805370 -0.14275476
v -0.13433401 -0.30790836 -0.13213088
v -0.13231935 -0.28419363 -0.12788479
v -0.15624005 -0.36186534 -0.11692835
v -0.06770242 -0.38216326 -0.15201271
v -0.10057961 -0.38387513 -0.14522636
v -0.03437235 -0.38053092 -0.15075347
v -0.10564511 -0.28511399 -0.13751511
v -0.10267918 -0.26426670 -0.13084245
v -0.09481719 -0.24518876 -0.12299678
v -0.07593377 -0.19664457 -0.11153249
v -0.12890531 -0.67174107 0.10709290
v 0.00456621 -0.49959973 0.05037735
v 0.00271288 -0.49159145 0.01825960
v -0.20361662 -0.40571189 0.07389925
v -0.21421935 -0.42281726 -0.01235093
v -0.20108014 -0.41631198 -0.04741536
v -0.02136880 -0.49868634 0.13065132
v -0.00211284 -0.50494725 0.10547724
v -0.18269810 -0.41443637 0.10616564
v -0.11947016 -0.46127328 0.14560901
v 0.00461760 -0.50449359 0.07758661
v -0.17490876 -0.38755426 -0.09369046
v -0.15407197 -0.38873240 -0.11404321
v -0.12976123 -0.38690838 -0.13172577
v -0.06858922 -0.40714973 -0.14619915
v -0.03381693 -0.40390408 -0.14596255
v -0.02789629 -0.44627929 0.15706664
v -0.02389839 -0.43727121 0.16454394
v -0.01268388 -0.43850696 0.16351977
v -0.01246609 -0.45052138 0.15170969
v -0.13418986 -0.32145020 0.15837978
v -0.10933747 -0.33044186 0.18206385
v -0.05427259 -0.34157306 0.21085566
v -0.02647728 -0.34376293 0.21606392
v -0.19385132 -0.29052484 0.07276778
v -0.08217616 -0.33742610 0.20003229
v -0.17714213 -0.30132762 0.10260744
v -0.15658410 -0.31176019 0.13161452
v -0.07831006 -1.11340380 -0.02182599
v -0.08029304 -1.14161730 -0.01904317
v -0.07995030 -1.14014935 -0.03480047
v -0.07651064 -1.11137247 -0.03737018
v -0.09625082 -1.10677457 -0.06742310
v -0.08337897 -1.10894501 -0.05846719
v -0.11258237 -1.10609937 -0.06944680
v -0.11016826 -1.13580441 -0.06857267
v -0.12259647 -1.13628054 -0.06227652
v -0.12686904 -1.10709417 -0.06375524
v -0.13501433 -1.10761917 -0.05391973
v -0.14006229 -1.13691413 -0.02272519
v -0.14494699 -1.10900211 -0.02266117
v -0.14101154 -1.10785747 -0.04156563
v -0.13658164 -1.13682842 -0.04062498
v -0.13827834 -1.11298931 -0.00319065
v -0.13359991 -1.14000964 -0.00375482
v -0.12254968 -1.11678040 0.00765836
v -0.08501883 -1.11625350 -0.00651184
v -0.08572483 -1.14345086 -0.00284659
v -0.09519164 -1.13631427 -0.06611717
v -0.08511905 -1.13795984 -0.05576832
v -0.07748310 -1.11046314 -0.04814294
v -0.08202432 -1.13902581 -0.04542261
v -0.08177439 -1.16906202 -0.03124236
v -0.07731124 -1.16921008 -0.01573261
v -0.09461468 -1.16557097 -0.06615333
v -0.08726258 -1.16704965 -0.05391691
v -0.12022488 -1.16468549 -0.06169736
v -0.10840461 -1.16468942 -0.06972563
v -0.13677455 -1.16493726 -0.04066397
v -0.13008623 -1.13670874 -0.05189784
v -0.12863564 -1.16489482 -0.05102545
v -0.13911133 -1.16419029 -0.02350966
v -0.13321318 -1.16595733 -0.00174788
v -0.08205550 -1.16876650 0.00264592
v -0.08437994 -1.16802919 -0.04291683
v -0.13427083 -1.25115705 0.15141508
v -0.13858004 -1.25122046 0.15041098
v -0.13991861 -1.25553966 0.15088937
v -0.13336082 -1.25618804 0.15230039
v -0.09266008 -1.24694073 0.16313966
v -0.10073086 -1.24561286 0.16497684
v -0.10250753 -1.25414038 0.16324507
v -0.09106135 -1.25594151 0.16144039
v -0.12517194 -1.25885940 0.15761036
v -0.12041946 -1.25864863 0.15823504
v -0.11963725 -1.25515354 0.16195032
v -0.12713994 -1.25530708 0.16081807
v -0.16322359 -1.25702345 0.11726636
v -0.15950772 -1.25686049 0.11898402
v -0.15953994 -1.25262189 0.12151212
v -0.16490543 -1.25306261 0.11897428
v -0.15106663 -1.25971472 0.13469368
v -0.14725825 -1.26018929 0.13623783
v -0.14713532 -1.25602627 0.13921595
v -0.15282445 -1.25663102 0.13653857
v -0.10303117 -1.24022675 0.14202906
v -0.10309740 -1.24197638 0.15569055
v -0.09076969 -1.24409926 0.15364523
v -0.08859101 -1.23875225 0.13968103
v -0.08370110 -1.25236237 0.15001802
v -0.09052144 -1.25773597 0.14728120
v -0.08833869 -1.25773191 0.13304414
v -0.08155368 -1.24932170 0.13442226
v -0.10308030 -1.25844657 0.14925586
v -0.10225533 -1.25771892 0.13634558
v -0.10982303 -1.24957013 0.14062530
v -0.11196086 -1.25054514 0.15459874
v -0.12832204 -1.24996853 0.14121681
v -0.13154604 -1.25265682 0.15278345
v -0.12564577 -1.24697959 0.15428302
v -0.12350198 -1.24260259 0.14248373
v -0.11770561 -1.24716508 0.15563557
v -0.11265936 -1.24275255 0.14441776
v -0.10899998 -1.25205731 0.14323935
v -0.11185352 -1.25355208 0.15602556
v -0.11690993 -1.25862586 0.15201513
v -0.11357722 -1.25748312 0.13954043
v -0.12292106 -1.25667620 0.13882561
v -0.12592100 -1.25875795 0.15045112
v -0.13238505 -1.24939013 0.14590105
v -0.13007034 -1.24432611 0.13709573
v -0.14013474 -1.24355352 0.13462822
v -0.13955206 -1.24910080 0.14472842
v -0.13119775 -1.25796211 0.13395500
v -0.12640174 -1.25342190 0.13684943
v -0.12800825 -1.25608993 0.14610451
v -0.13299906 -1.25970733 0.14401399
v -0.14038926 -1.25975049 0.14309327
v -0.14033008 -1.25733447 0.13247417
v -0.14447948 -1.25065851 0.13403034
v -0.14426117 -1.25438011 0.14422202
v -0.15361851 -1.24944723 0.13124204
v -0.15514734 -1.24381948 0.12169427
v -0.15830006 -1.25090969 0.12030148
v -0.15639657 -1.25514364 0.12980637
v -0.14740723 -1.24421859 0.12540472
v -0.14800292 -1.24861586 0.13313556
v -0.14653011 -1.25760245 0.12320274
v -0.14437865 -1.25037360 0.12708482
v -0.14335597 -1.25311494 0.13372955
v -0.14544028 -1.25992930 0.13098940
v -0.15262271 -1.26028502 0.12917000
v -0.15419647 -1.25791514 0.11956953
v -0.16812861 -1.25191212 0.11191376
v -0.16660242 -1.24633348 0.11359225
v -0.16784839 -1.24339807 0.10507807
v -0.16881993 -1.25031662 0.10216120
v -0.16153872 -1.24277234 0.11009227
v -0.16106224 -1.24552345 0.11638683
v -0.15858154 -1.25617921 0.10777426
v -0.15888612 -1.24890757 0.11117673
v -0.15707365 -1.25055611 0.11627886
v -0.15775035 -1.25712574 0.11401908
v -0.16440842 -1.25738168 0.11187372
v -0.16460386 -1.25583637 0.10339311
v -0.08757614 -1.23502004 0.12567545
v -0.10601229 -1.23865128 0.12859108
v -0.09329717 -1.25789392 0.15658890
v -0.08057185 -1.24769831 0.12003550
v -0.10024543 -1.25804389 0.15750413
v -0.10506416 -1.25712490 0.12406227
v -0.08794554 -1.25645721 0.11868013
v -0.10814013 -1.24950802 0.13442779
v -0.12541452 -1.25025415 0.16036434
v -0.12544489 -1.25044692 0.13200310
v -0.12476198 -1.25730705 0.12253313
v -0.12091769 -1.25026393 0.16093656
v -0.12427317 -1.23907232 0.12659396
v -0.14141682 -1.24047995 0.11755881
v -0.13493107 -1.25959003 0.14949350
v -0.13874461 -1.25946784 0.14900450
v -0.14279631 -1.25774515 0.11557982
v -0.14471576 -1.24911380 0.12504882
v -0.15233663 -1.25222504 0.13653170
v -0.15934688 -1.24860728 0.11127597
v -0.15666142 -1.25728071 0.10454600
v -0.14891815 -1.25165951 0.13760349
v -0.15723252 -1.23987985 0.10602618
v -0.16409436 -1.24934864 0.11823992
v -0.16561975 -1.25687635 0.09288725
v -0.17075901 -1.24946606 0.09007065
v -0.16139135 -1.24863613 0.12013156
v -0.16846596 -1.24053705 0.09477800
v -0.09516574 -1.11856723 0.00463212
v -0.09502444 -1.14434779 0.00787459
v -0.10748710 -1.11927330 0.00925457
v -0.11952723 -1.14315677 0.00777904
v -0.10647355 -1.14493823 0.01099608
v -0.09229585 -1.16843104 0.01534515
v -0.11963564 -1.16871774 0.01215456
v -0.10650112 -1.16869974 0.01718223
v -0.13889140 -1.18664157 -0.04355352
v -0.14443389 -1.18669248 -0.02533020
v -0.13007212 -1.18627620 -0.05526490
v -0.10810539 -1.18674791 -0.07309928
v -0.12121158 -1.18603826 -0.06604126
v -0.09131151 -1.18714380 0.02461511
v -0.08023091 -1.18906593 0.00876549
v -0.10729431 -1.18581200 0.02901844
v -0.12247846 -1.18653715 0.02176253
v -0.08271623 -1.22989440 0.10932622
v -0.08212007 -1.22853124 0.08844245
v -0.09776969 -1.21896374 0.09193426
v -0.10209134 -1.22782719 0.11096575
v -0.11700484 -1.21875024 0.08871904
v -0.12035015 -1.22967958 0.10778050
v -0.13368379 -1.22276855 0.08084954
v -0.13736698 -1.23175466 0.10004973
v -0.14913903 -1.22680759 0.07146772
v -0.15347341 -1.23361266 0.08990163
v -0.16191240 -1.23444653 0.06137303
v -0.16648796 -1.23782241 0.08010707
v -0.16888767 -1.24508286 0.05599150
v -0.17203914 -1.24806356 0.07497779
v -0.07578613 -1.24602902 0.10338540
v -0.07731648 -1.24391174 0.08259174
v -0.08575928 -1.25798953 0.10015021
v -0.08664352 -1.25738370 0.07974612
v -0.10317101 -1.25865746 0.09929541
v -0.10272551 -1.25861204 0.07812852
v -0.16416955 -1.25751531 0.05730968
v -0.16607818 -1.25890422 0.07705162
v -0.12208930 -1.25822055 0.09519585
v -0.12102463 -1.25766361 0.07376696
v -0.13946941 -1.25983047 0.08911484
v -0.13813798 -1.25920248 0.06766883
v -0.15414038 -1.26061630 0.08254433
v -0.15261465 -1.26033330 0.06154292
v -0.09291524 -1.21198905 0.06868767
v -0.11328912 -1.20665836 0.06773130
v -0.12959622 -1.21136343 0.05888882
v -0.14401643 -1.21897984 0.04844999
v -0.15603025 -1.22975552 0.03878137
v -0.16405615 -1.24122715 0.03403148
v -0.14283200 -1.20854163 0.02066355
v -0.15136759 -1.22723722 0.01316400
v -0.15732549 -1.24016750 0.01112359
v -0.14803520 -1.22553086 -0.01219209
v -0.15214048 -1.23899341 -0.01257695
v -0.13958479 -1.22537506 -0.05394421
v -0.14411648 -1.24036586 -0.05543215
v -0.14833094 -1.23820102 -0.03599317
v -0.14354466 -1.22465599 -0.03546415
v -0.14498617 -1.20795333 -0.00669594
v -0.14194776 -1.20661294 -0.03068445
v -0.13674213 -1.20590425 -0.04915988
v -0.13789752 -1.24113846 -0.06831504
v -0.13431074 -1.22607780 -0.06704722
v -0.12555315 -1.22579849 -0.07841381
v -0.12752715 -1.24095535 -0.07805999
v -0.10850115 -1.22649455 -0.08570939
v -0.11041941 -1.24248600 -0.08348612
v -0.09330512 -1.22904444 -0.07634495
v -0.09401879 -1.24407136 -0.07519428
v -0.12230632 -1.20567513 -0.07123188
v -0.13019052 -1.20615566 -0.06118296
v -0.10838904 -1.20613325 -0.07864144
v -0.09497748 -1.20810270 -0.07129323
v -0.08924733 -1.20911694 -0.05393355
v -0.08733769 -1.23024106 -0.05629956
v -0.08568484 -1.24468827 -0.05732186
v -0.08333512 -1.22740412 0.06395425
v -0.08286019 -1.24066794 0.05914594
v -0.12684971 -1.19851696 0.03869921
v -0.10953593 -1.19606435 0.04659069
v -0.08943753 -1.20348608 0.04033126
v -0.08125430 -1.22496450 0.03748409
v -0.08517858 -1.24001348 0.03301794
v -0.08563396 -1.24057400 0.00973492
v -0.08026440 -1.22726035 0.01217312
v -0.09003936 -1.25149155 0.05580375
v -0.09333161 -1.24713147 0.03040304
v -0.09320424 -1.24737275 0.00753702
v -0.08379785 -1.24208820 -0.01096467
v -0.08031161 -1.22896993 -0.00932524
v -0.08385628 -1.24300539 -0.02789276
v -0.08292141 -1.22912753 -0.02694124
v -0.08519492 -1.22956479 -0.04099261
v -0.08409277 -1.24388015 -0.04204997
v -0.08222404 -1.20991135 -0.02800864
v -0.08570098 -1.20921862 -0.04052185
v -0.07968714 -1.21035838 -0.00973663
v -0.08032821 -1.20767593 0.01333895
v -0.16047059 -1.25384462 0.03447235
v -0.15560129 -1.25066948 0.01166443
v -0.14989607 -1.24867642 -0.01127973
v -0.14539614 -1.24966645 -0.03419948
v -0.13933244 -1.25137937 -0.05237326
v -0.13312674 -1.25190306 -0.06356389
v -0.11041202 -1.25142288 -0.07519947
v -0.12425180 -1.25160921 -0.07215461
v -0.09812293 -1.25214219 -0.06979649
v -0.09227747 -1.25372982 -0.05550916
v -0.09019788 -1.25419223 -0.04238060
v -0.09083180 -1.25041437 -0.01299143
v -0.08982061 -1.25319862 -0.02914527
v -0.07487310 -1.19109917 -0.01251840
v -0.07916592 -1.19079340 -0.02999108
v -0.08361992 -1.19000030 -0.04168409
v -0.09430762 -1.18815267 -0.06753290
v -0.08753044 -1.18904603 -0.05283007
v -0.10362767 -1.25536704 0.05303383
v -0.12080617 -1.25540054 0.04847233
v -0.13689853 -1.25643456 0.04283598
v -0.15006277 -1.25710142 0.03794304
v -0.14656447 -1.25432873 0.01430519
v -0.13456021 -1.25416398 0.01782233
v -0.11934861 -1.25406551 0.02247318
v -0.10438596 -1.25144458 0.02732965
v -0.14130090 -1.25311220 -0.00824958
v -0.13045588 -1.25384021 -0.00478639
v -0.11625498 -1.25396669 -0.00114582
v -0.10325371 -1.25222766 0.00418154
v -0.10035282 -1.25503743 -0.01653962
v -0.11170959 -1.25591278 -0.02208158
v -0.12490222 -1.25526547 -0.02551308
v -0.13535619 -1.25407541 -0.03005929
v -0.13013954 -1.25468254 -0.04698204
v -0.12026989 -1.25551808 -0.04179795
v -0.10836518 -1.25628746 -0.03804580
v -0.09888738 -1.25615263 -0.03281260
v -0.12554091 -1.25474930 -0.05659394
v -0.11128757 -1.25448501 -0.06711716
v -0.11986149 -1.25464749 -0.06372251
v -0.10302953 -1.25518787 -0.06427351
v -0.09979586 -1.25591528 -0.05429602
v -0.09881468 -1.25634122 -0.04396308
v -0.10735746 -1.25600004 -0.04712795
v -0.10690585 -1.25565946 -0.05454302
v -0.11764519 -1.25535893 -0.05096871
v -0.11487526 -1.25502205 -0.05764540
v -0.10693597 -1.25526202 -0.06041764
v -0.11128289 -1.25488627 -0.06183835
v -0.13703012 -1.18952096 0.00214292
v -0.10166693 -0.83755755 0.05194587
v -0.08511461 -0.83614796 0.04926810
v -0.11998662 -0.83426213 0.05097716
v -0.15370323 -0.42464423 0.13037896
v -0.11176407 -0.19792399 0.16860729
v -0.11004377 -0.15691528 0.15045954
v -0.11096121 -0.17744479 0.16017325
v -0.15367617 -0.45248455 0.13145490
v -0.15904146 -0.13830955 0.06996258
v -0.12522517 0.00539564 0.11717050
v 0.14411932 -1.24036574 -0.05543336
v 0.14833553 -1.23820066 -0.03599598
v 0.14354905 -1.22465611 -0.03546755
v -0.00686807 0.26833194 0.07725550
v -0.06974895 0.23831795 0.01514970
v -0.06937580 0.23045905 0.00837272
v -0.06548205 0.22007741 0.01576500
v -0.06626737 0.22880282 0.02309297
v -0.06028353 0.21067044 0.02399381
v -0.06292564 0.22088864 0.02943513
v -0.05505915 0.20276701 0.03375536
v -0.05889960 0.21348870 0.03690709
v -0.05035148 0.19834718 0.04408232
v -0.05471960 0.20880601 0.04563817
v -0.03371329 0.19715410 0.06413545
v -0.03161749 0.19160610 0.06119500
v -0.02442195 0.18982615 0.06789073
v -0.02537883 0.19434136 0.07160460
v -0.01717083 0.18817572 0.07465088
v -0.01808811 0.19224133 0.07854921
v -0.00934929 0.18717530 0.07868049
v -0.00956051 0.19094348 0.08295583
v 0.00000220 0.18687269 0.08048568
v 0.00000230 0.19081438 0.08477257
v 0.00000213 0.20082816 0.08781524
v -0.00901192 0.20066988 0.08653124
v -0.00943119 0.19570976 0.08554108
v 0.00000215 0.19533491 0.08691533
v -0.01678952 0.20140770 0.08234426
v -0.01783105 0.19641253 0.08091537
v -0.02357814 0.20355140 0.07658387
v -0.02497296 0.19875279 0.07442984
v -0.03181535 0.20722391 0.06952438
v -0.03350103 0.20221922 0.06696917
v -0.03865043 0.21191920 0.06590976
v -0.04191615 0.20847525 0.06193597
v -0.00817271 0.18358518 0.07265384
v 0.00000222 0.18353836 0.07490011
v -0.01534403 0.18413672 0.06914474
v -0.02224295 0.18493648 0.06389575
v -0.02852814 0.18561305 0.05796568
v -0.04291370 0.19598629 0.05358623
v -0.03642281 0.18673623 0.05085426
v -0.04561124 0.19038260 0.04256276
v -0.05145412 0.19475976 0.03125268
v -0.05805319 0.20335887 0.01980341
v -0.06448663 0.21405129 0.00950878
v -0.06852016 0.22529297 0.00109343
v -0.07099266 0.23791081 0.00277010
v -0.01588531 0.20579498 0.08240888
v -0.00856321 0.20541640 0.08624447
v -0.02230131 0.20750284 0.07752451
v -0.02955342 0.21150716 0.07142971
v -0.03527523 0.21570636 0.06835392
v -0.04043981 0.22721198 0.06732860
v -0.03909086 0.22110668 0.06729943
v -0.03885200 0.23938574 0.06998500
v -0.04009687 0.23351650 0.06828462
v -0.04731813 0.24556264 0.06601598
v -0.04919412 0.23680344 0.06285758
v -0.04471668 0.23458181 0.06595652
v -0.04330418 0.24199072 0.06830213
v -0.05075851 0.25091693 0.06306703
v -0.05336962 0.24078073 0.05913798
v -0.00740441 0.17911984 0.06823723
v 0.00000239 0.17889136 0.06901315
v -0.01387442 0.17942692 0.06498433
v -0.01992921 0.17913032 0.06027982
v -0.02518578 0.17837763 0.05454340
v -0.03137840 0.17817141 0.04769341
v -0.03900143 0.18010163 0.03947229
v -0.04700613 0.18541721 0.02870173
v -0.05583755 0.19461262 0.01601647
v -0.06371377 0.20844367 0.00417580
v -0.06756473 0.22062126 -0.00446262
v -0.02412223 0.16840918 0.04347823
v -0.01900266 0.16915195 0.04962904
v -0.01472896 0.17090122 0.05429594
v -0.01105211 0.17272723 0.05810350
v -0.00654642 0.17079236 0.05784637
v 0.00000434 0.16940618 0.05798580
v -0.00629719 0.16540742 0.05170980
v 0.00000561 0.16510357 0.05206096
v -0.00936140 0.16255602 0.04724027
v 0.00000637 0.16175300 0.04768534
v -0.01174319 0.16070955 0.04302665
v 0.00000515 0.15881114 0.04296638
v -0.04323035 0.21874668 0.06434578
v -0.04749201 0.21746410 0.06004729
v -0.04953340 0.22722772 0.06046368
v -0.05421647 0.22963825 0.05569367
v -0.05241271 0.21773314 0.05436738
v -0.04490079 0.22664042 0.06438979
v -0.05781042 0.22084114 0.04696464
v -0.05869750 0.23378487 0.05001112
v -0.05716491 0.24613024 0.05485891
v -0.06165608 0.23882554 0.04481041
v -0.06145155 0.22613956 0.03966224
v -0.06046816 0.25015905 0.05005957
v -0.06313025 0.25396523 0.04547123
v -0.06363039 0.24327417 0.04009745
v -0.06371062 0.23190045 0.03463240
v -0.04638127 0.20489557 0.05590586
v -0.06576867 0.23763789 0.02904491
v -0.06516715 0.25791413 0.04074684
v -0.06534512 0.24808677 0.03477322
v -0.06721593 0.26326939 0.03493443
v -0.06807715 0.25383785 0.02686340
v -0.06884927 0.24501753 0.02041388
v -0.07208744 0.24629650 0.00623625
v 0.00000197 0.20567396 0.08748739
v 0.14498623 -1.20795321 -0.00670026
v 0.14194870 -1.20661342 -0.03068806
v 0.13674229 -1.20590508 -0.04916204
v 0.13789892 -1.24113822 -0.06831425
v 0.13431312 -1.22607827 -0.06704821
v 0.12555476 -1.22580040 -0.07841362
v 0.12752762 -1.24095678 -0.07805780
v 0.10850243 -1.22649848 -0.08570734
v 0.11041982 -1.24248981 -0.08348396
v 0.09330696 -1.22904956 -0.07633932
v 0.09402040 -1.24407554 -0.07518922
v 0.12230688 -1.20567691 -0.07123177
v 0.13018958 -1.20615745 -0.06118333
v 0.10838968 -1.20613647 -0.07863928
v 0.09497834 -1.20810771 -0.07128873
v 0.08924267 -1.20911992 -0.05392900
v 0.08733179 -1.23024380 -0.05629487
v 0.08568291 -1.24469209 -0.05731717
v 0.08333509 -1.22740448 0.06395476
v 0.08286022 -1.24066794 0.05914617
v 0.12684612 -1.19851875 0.03869860
v 0.10953443 -1.19606483 0.04659110
v 0.08943590 -1.20348823 0.04033142
v 0.08125299 -1.22496605 0.03748453
v 0.08517790 -1.24001455 0.03301820
v 0.08563258 -1.24057615 0.00973548
v 0.08026125 -1.22726285 0.01217398
v 0.09003943 -1.25149131 0.05580364
v 0.09333127 -1.24713206 0.03040313
v 0.09320354 -1.24737394 0.00753742
v 0.08379487 -1.24209118 -0.01096334
v 0.08030726 -1.22897315 -0.00932391
v 0.08385207 -1.24300885 -0.02789040
v 0.08291502 -1.22913122 -0.02693919
v 0.08518794 -1.22956848 -0.04098927
v 0.08408837 -1.24388349 -0.04204626
v 0.08221533 -1.20991600 -0.02800641
v 0.08569289 -1.20922279 -0.04051872
v 0.07968037 -1.21036267 -0.00973522
v 0.08032403 -1.20767915 0.01333971
v 0.16047299 -1.25384319 0.03447063
v 0.15560317 -1.25066853 0.01166279
v 0.14989822 -1.24867582 -0.01128113
v 0.14539883 -1.24966633 -0.03420072
v 0.13933372 -1.25137949 -0.05237311
v 0.13312720 -1.25190330 -0.06356260
v 0.11041206 -1.25142574 -0.07519654
v 0.12425189 -1.25161028 -0.07215220
v 0.09812273 -1.25214541 -0.06979254
v 0.09227614 -1.25373280 -0.05550586
v 0.09019527 -1.25419569 -0.04237755
v 0.09083041 -1.25041664 -0.01299012
v 0.08981816 -1.25320137 -0.02914277
v 0.07486641 -1.19110382 -0.01251577
v 0.07915864 -1.19079792 -0.02998772
v 0.08361272 -1.19000435 -0.04168029
v 0.09430780 -1.18815744 -0.06752803
v 0.08752728 -1.18905032 -0.05282531
v 0.10362807 -1.25536704 0.05303333
v 0.12080730 -1.25540018 0.04847144
v 0.13690059 -1.25643373 0.04283483
v 0.15006527 -1.25710058 0.03794165
v 0.14656614 -1.25432813 0.01430383
v 0.13456158 -1.25416350 0.01782132
v 0.11934942 -1.25406551 0.02247269
v 0.10438601 -1.25144529 0.02732949
v 0.14130224 -1.25311184 -0.00825041
v 0.13045685 -1.25384009 -0.00478693
v 0.11625551 -1.25396681 -0.00114579
v 0.10325359 -1.25222850 0.00418181
v 0.10035214 -1.25503886 -0.01653847
v 0.11170968 -1.25591385 -0.02208065
v 0.12490281 -1.25526571 -0.02551293
v 0.13535742 -1.25407529 -0.03005950
v 0.13014029 -1.25468278 -0.04698154
v 0.12027010 -1.25551891 -0.04179707
v 0.10836467 -1.25628912 -0.03804417
v 0.09888617 -1.25615501 -0.03281059
v 0.12554117 -1.25474989 -0.05659275
v 0.11128724 -1.25448692 -0.06711443
v 0.11986135 -1.25464869 -0.06372064
v 0.10302955 -1.25519073 -0.06427027
v 0.09979537 -1.25591803 -0.05429325
v 0.09881378 -1.25634384 -0.04396056
v 0.10735714 -1.25600183 -0.04712605
v 0.10690556 -1.25566149 -0.05454084
v 0.11764536 -1.25536001 -0.05096734
v -0.06506343 0.23631574 -0.02075263
v -0.02198007 0.24613217 0.07529270
v -0.01673037 0.24850175 0.07752631
v 0.11487522 -1.25502360 -0.05764361
v 0.10693587 -1.25526440 -0.06041495
v -0.01158587 0.24944744 0.08052501
v -0.00754875 0.24990320 0.08272587
v -0.00362606 0.24974488 0.08402513
v 0.11128288 -1.25488806 -0.06183600
v 0.13702190 -1.18952370 0.00213976
v 0.10166571 -0.83755958 0.05194553
v 0.08511371 -0.83614987 0.04926732
v 0.00000571 0.15256067 0.03715990
v 0.00000032 0.31672260 0.07196952
v 0.00000563 0.15687653 0.04067786
v 0.00000100 0.21789858 0.07006441
v -0.00000198 0.39953920 -0.00689639
v 0.00000178 0.21059288 0.08660888
v 0.00000141 0.22290824 0.07219210
v 0.00000157 0.27785060 0.09173124
v 0.00000153 0.21530244 0.08516574
v 0.00000122 0.22605154 0.08768804
v 0.00000118 0.23193055 0.08578565
v -0.00000085 0.35258850 0.06156869
v 0.00000116 0.22938001 0.08719352
v 0.00000087 0.25204355 0.08381286
v 0.00000170 0.27430949 0.09506932
v 0.00000113 0.23330629 0.08421392
v -0.00000478 0.22137311 -0.08781292
v 0.00000130 0.22246659 0.08663166
v 0.00000068 0.22924811 0.07690573
v 0.00000105 0.23303351 0.08214975
v 0.00000181 0.23622568 0.06997748
v 0.00000084 0.24933542 0.08403257
v 0.00000154 0.29320097 0.07794932
v -0.00000212 0.25439188 -0.11320135
v 0.00000166 0.29041725 0.08023834
v -0.00000203 0.37660193 0.04321058
v -0.00000125 0.36239246 0.05529040
v 0.00000158 0.28116521 0.08846817
v -0.00000183 0.31660670 -0.13265042
v -0.00000127 0.33421662 -0.13084036
v -0.00000024 0.33588293 0.06779294
v -0.00000188 0.39736784 -0.07072572
v 0.00000175 0.27070329 0.09736004
v 0.00000115 0.25721627 0.08850821
v -0.00000204 0.39264789 0.01802945
v -0.00000181 0.28261709 -0.12444922
v -0.00000123 0.38594627 -0.09634285
v 0.00000160 0.23378806 0.08525247
v -0.00000201 0.39651567 0.00613477
v 0.00000164 0.23216482 0.08253568
v 0.00000149 0.26092476 0.09529619
v -0.00000131 0.26746711 -0.11888702
v -0.00000192 0.29535741 -0.12847109
v 0.00000096 0.24331951 0.08552890
v 0.00000086 0.24684630 0.08427057
v -0.00000161 0.39314288 -0.08400673
v 0.00000014 0.32322228 0.07107459
v 0.00000114 0.24116313 0.08681099
v 0.00000134 0.30197141 0.07272954
v 0.00000143 0.23861411 0.08726247
v 0.00000563 0.14924902 0.03440184
v -0.00000042 0.36156967 -0.11829626
v 0.00000148 0.23610339 0.08632258
v 0.00000146 0.23324046 0.07753153
v 0.00000167 0.28445446 0.08537614
v 0.00000167 0.23470342 0.07302891
v -0.00000057 0.34314623 0.06547225
v 0.00000093 0.25460577 0.08462876
v 0.00000097 0.25535193 0.08508084
v 0.00000151 0.29889143 0.07377164
v -0.00000194 0.36977425 0.04929680
v 0.00000114 0.30495748 0.07232224
v 0.00000091 0.25379947 0.08422863
v -0.00000180 0.35028774 -0.12441726
v -0.00000214 0.40147674 -0.05304095
v -0.00000215 0.40242454 -0.03964547
v 0.00000153 0.29589322 0.07556115
v 0.00000169 0.28767318 0.08256007
v -0.00000456 0.21422987 -0.08551300
v 0.00000163 0.26429212 0.09745153
v 0.00000166 0.26703605 0.09806335
v -0.00000216 0.38790590 0.02816412
v -0.00000343 0.24541304 -0.10772570
v -0.00000204 0.40190020 -0.02231703
v -0.00000216 0.38249904 0.03623676
v -0.00000427 0.22981453 -0.09607786
v -0.00000420 0.23836014 -0.10351070
v 0.00000138 0.25963935 0.09383351
v 0.00000082 0.30850503 0.07220834
v 0.00000121 0.25815150 0.09096032
v -0.00000061 0.37664393 -0.10753269
v 0.00000105 0.25630561 0.08643585
v 0.11998449 -0.83426416 0.05097627
v 0.15370685 -0.42464250 0.13037947
v 0.11176755 -0.19792527 0.16861381
v 0.11005040 -0.15691260 0.15046176
v 0.11096608 -0.17744367 0.16017689
v 0.15367998 -0.45248213 0.13145584
v 0.15904050 -0.13831061 0.06995681
v 0.12522963 0.00539497 0.11717224
v 0.00687004 0.26833209 0.07725678
v 0.06974800 0.23832040 0.01515035
v 0.06937415 0.23046233 0.00837217
v 0.06548185 0.22008087 0.01576348
v 0.06626673 0.22880571 0.02309275
v 0.06028390 0.21067461 0.02399153
v 0.06292529 0.22089165 0.02943422
v 0.05506006 0.20277239 0.03375220
v 0.05889989 0.21349221 0.03690564
v -0.00440020 0.26061615 0.09296477
v -0.00333775 0.25912762 0.09064853
v 0.05035419 0.19835106 0.04407932
v 0.05472140 0.20880923 0.04563654
v -0.01551926 0.29420948 0.05990904
v -0.00834239 0.25759995 0.08142775
v -0.00676824 0.27874264 0.08530886
v -0.01420582 0.29423797 0.06029781
v 0.03371654 0.19715571 0.06413361
v 0.03162180 0.19160812 0.06119248
v 0.02442464 0.18982823 0.06788800
v 0.02538106 0.19434312 0.07160228
v -0.01065028 0.25767124 0.08014603
v 0.01717383 0.18817693 0.07464918
v 0.01809114 0.19224231 0.07854787
v 0.00935295 0.18717583 0.07868002
v 0.00956432 0.19094388 0.08295567
v -0.00619829 0.28491870 0.07998320
v -0.00817949 0.29300606 0.06857587
v 0.00901547 0.20067020 0.08653148
v 0.00943522 0.19571012 0.08554107
v -0.00645457 0.28181577 0.08271121
v -0.01589362 0.26003224 0.08074412
v -0.01429229 0.25751930 0.07954841
v -0.00672580 0.26621959 0.09483124
v -0.00759416 0.26883498 0.09373939
v 0.01679235 0.20140843 0.08234384
v -0.00761771 0.26316458 0.09334747
v -0.00494548 0.26172999 0.09388129
v 0.01783420 0.19641352 0.08091431
v -0.01708720 0.29417837 0.06052099
v -0.02752913 0.29557350 0.05436958
v -0.00603222 0.26437461 0.09481631
v -0.00323057 0.26262429 0.09555486
v -0.02026066 0.29515055 0.05827677
v -0.01646870 0.29419336 0.06026476
v -0.01195017 0.26452607 0.08879034
v -0.00658536 0.29193678 0.07223843
v 0.02358039 0.20355231 0.07658305
v 0.02497528 0.19875416 0.07442809
v 0.03181752 0.20722480 0.06952417
v 0.03350369 0.20222077 0.06696804
v -0.01460768 0.26277667 0.08476211
v 0.03865276 0.21191993 0.06591071
v 0.04191868 0.20847663 0.06193569
v 0.00817741 0.18358576 0.07265285
v -0.01793271 0.29435652 0.06045792
v -0.01848621 0.29457128 0.06029960
v -0.00742711 0.27535406 0.08835642
v 0.01534841 0.18413800 0.06914269
v 0.02224735 0.18493851 0.06389308
v 0.02853304 0.18561536 0.05796298
v 0.04291814 0.19598851 0.05358392
v -0.02273185 0.29533309 0.05843880
v -0.00296612 0.25750574 0.08610967
v -0.01011657 0.26394978 0.09101802
v -0.00874500 0.26348326 0.09236313
v -0.00348122 0.25688022 0.08425801
v 0.03642927 0.18673891 0.05085083
v 0.04561535 0.19038643 0.04255832
v -0.01203900 0.29386196 0.06248055
v 0.05145595 0.19476566 0.03124779
v -0.00628688 0.28986391 0.07541524
v -0.00624467 0.28742197 0.07786471
v 0.05805467 0.20336352 0.01979932
v 0.06448641 0.21405545 0.00950593
v -0.00291146 0.25826904 0.08836620
v 0.06851676 0.22529672 0.00109095
v 0.07098857 0.23791404 0.00276975
v 0.01588803 0.20579556 0.08240902
v 0.00856664 0.20541680 0.08624474
v 0.02230392 0.20750360 0.07752425
v -0.00789548 0.27201310 0.09157130
v 0.02955564 0.21150786 0.07142960
v 0.03527769 0.21570672 0.06835535
v 0.04044170 0.22721246 0.06732998
v -0.00598255 0.25737748 0.08283342
v 0.03909300 0.22110714 0.06730073
v 0.03885332 0.23938616 0.06998660
v 0.04009843 0.23351705 0.06828625
v 0.04731921 0.24556343 0.06601775
v 0.04919520 0.23680434 0.06285882
v 0.04471810 0.23458248 0.06595795
v 0.00000162 0.26241145 0.09645515
v -0.00543307 0.26289359 0.09443489
v 0.04330545 0.24199127 0.06830385
v 0.05075943 0.25091797 0.06306902
v 0.05337039 0.24078190 0.05913926
v 0.00740985 0.17912005 0.06823600
v -0.02917585 0.30814579 0.06492687
v -0.02936199 0.30541441 0.06389186
v 0.01387965 0.17942788 0.06498233
v 0.01993511 0.17913285 0.06027705
v 0.02519245 0.17838091 0.05453996
v 0.03138551 0.17817506 0.04768910
v 0.03900800 0.18010633 0.03946668
v 0.04701041 0.18542331 0.02869554
v -0.02197477 0.31201518 0.06761879
v -0.00444947 0.31254852 0.07156566
v -0.00937411 0.31266877 0.07058712
v 0.05584091 0.19461782 0.01601087
v -0.02984861 0.30166954 0.06245368
v -0.03002473 0.29980433 0.06101706
v -0.02923770 0.30335507 0.06236658
v -0.03011668 0.30018100 0.06251837
v -0.03014192 0.30083331 0.06296363
v 0.06371393 0.20844863 0.00417153
v -0.02905876 0.30275440 0.06141164
v 0.06756111 0.22062616 -0.00446577
v -0.02915790 0.30266488 0.06139826
v 0.02413129 0.16841280 0.04347410
v -0.02700391 0.31093374 0.06584800
v 0.01901110 0.16915515 0.04962573
v 0.01473676 0.17090373 0.05429356
v -0.02939682 0.30236113 0.06174638
v -0.03020147 0.29933727 0.05926210
v 0.01105977 0.17272870 0.05810167
v -0.03101645 0.29749313 0.05475684
v 0.00655451 0.17079298 0.05784538
v 0.00000053 0.31251818 0.07205214
v -0.02070034 0.32306999 0.06912659
v -0.05119231 0.32069734 0.04965021
v 0.00630768 0.16540821 0.05170875
v -0.05449367 0.31522658 0.04737374
v 0.00937248 0.16255735 0.04723879
v -0.04870858 0.28055674 0.05630218
v -0.05131312 0.28126067 0.05363116
v -0.01795871 0.31698945 0.07030860
v 0.01175426 0.16071084 0.04302460
v 0.04323219 0.21874748 0.06434654
v 0.04749370 0.21746543 0.06004729
v 0.04953479 0.22722869 0.06046433
v 0.05421742 0.22963963 0.05569405
v -0.02616520 0.34227797 0.06028964
v -0.03067829 0.38701320 0.01191127
v -0.02451850 0.33524159 0.06394740
v -0.03889628 0.32711577 0.05906660
v 0.05241441 0.21773495 0.05436689
v -0.03097218 0.38288182 0.02110645
v 0.04490234 0.22664109 0.06439083
v 0.05781138 0.22084340 0.04696402
v 0.05869794 0.23378655 0.05001166
v 0.05716547 0.24613170 0.05486046
v 0.06165616 0.23882753 0.04481134
v -0.04634742 0.32531476 0.05346865
v 0.06145158 0.22614206 0.03966199
v -0.05583441 0.28578153 0.04578232
v -0.00622229 0.32921153 0.06952195
v -0.05711846 0.29115885 0.04280100
v 0.06046879 0.25016081 0.05006156
v -0.01413028 0.32910836 0.06886286
v -0.02699962 0.39544889 -0.05130094
v 0.06313063 0.25396705 0.04547344
v 0.06363014 0.24327621 0.04009877
v 0.06371001 0.23190287 0.03463273
v 0.04638430 0.20489794 0.05590434
v -0.01288091 0.30847540 0.06840091
v 0.06576782 0.23764028 0.02904576
v -0.03880904 0.28149000 0.06147276
v -0.04188329 0.28104639 0.06019657
v 0.06516702 0.25791606 0.04074931
v -0.03050534 0.39483336 -0.03988065
v -0.05496893 0.28359488 0.04830606
v -0.02988857 0.36006835 0.04928843
v -0.00950093 0.30147475 0.06652461
v -0.01078289 0.30461270 0.06675159
v -0.03068621 0.36682865 0.04278388
v 0.06534450 0.24808893 0.03477499
v 0.06721518 0.26327139 0.03493736
v 0.06807606 0.25384012 0.02686567
v -0.03109069 0.37302154 0.03613338
v 0.06884805 0.24501979 0.02041542
v 0.07208451 0.24629910 0.00623728
v -0.03076295 0.39038056 0.00107978
v -0.02165440 0.28453574 0.06359459
v 0.06505875 0.23632029 -0.02075775
v 0.02198139 0.24613231 0.07529296
v 0.01673170 0.24850179 0.07752617
v -0.05674194 0.30907118 0.04522204
v -0.05763917 0.30271482 0.04371267
v -0.03107637 0.39441505 -0.02592553
v -0.03131629 0.28239071 0.06330691
v -0.05766163 0.29674697 0.04279484
v -0.01550992 0.39776346 -0.05962796
v 0.01158736 0.24944751 0.08052494
v -0.05356893 0.28217182 0.05097210
v 0.00755058 0.24990331 0.08272602
v 0.00362797 0.24974500 0.08402532
v -0.03131714 0.32831356 0.06344192
v -0.03520675 0.28184524 0.06248653
v -0.00905185 0.29827607 0.06619084
v -0.01699982 0.28665277 0.06363393
v -0.01362568 0.28935251 0.06398680
v -0.03108468 0.37820914 0.02905134
v -0.01115353 0.29194692 0.06477163
v -0.00939877 0.29502833 0.06578239
v -0.02638683 0.28316426 0.06384246
v -0.02810811 0.35109922 0.05574866
v -0.03077825 0.39290169 -0.01176616
v -0.04532886 0.28075233 0.05843371
v -0.00000208 0.39935333 -0.06272953
v -0.00000003 0.32923988 0.06964476
v -0.01007539 0.29342711 0.06545205
v -0.01534060 0.31255311 0.06933165
v -0.02279873 0.32884428 0.06695722
v 0.00000141 0.21900496 0.08543427
v -0.02726897 0.23586370 0.07369544
v -0.02876285 0.23372212 0.07254741
v -0.02838242 0.22771350 0.07136272
v -0.01973736 0.24120751 0.07832763
v -0.02426648 0.23831084 0.07550354
v -0.01838891 0.22118674 0.07914118
v -0.02934036 0.23171239 0.07176919
v -0.01279046 0.21989569 0.08288254
v -0.02931786 0.22962150 0.07130780
v -0.00682548 0.21917790 0.08490094
v 0.00000091 0.24517268 0.08495495
v -0.00931430 0.24526091 0.08364859
v -0.00459744 0.24558984 0.08508928
v -0.01441181 0.24376680 0.08123484
v -0.02630850 0.22555801 0.07228795
v -0.02328186 0.22328518 0.07466520
v 0.00440323 0.26061597 0.09296559
v 0.00334048 0.25912759 0.09064907
v 0.01552010 0.29420981 0.05991033
v 0.00834476 0.25760022 0.08142845
v 0.00677063 0.27874291 0.08530940
v 0.01420667 0.29423821 0.06029876
v 0.01065255 0.25767156 0.08014682
v 0.00620068 0.28491899 0.07998380
v 0.00818055 0.29300606 0.06857624
v 0.00645709 0.28181607 0.08271179
v 0.01589588 0.26003233 0.08074512
v 0.01429456 0.25751945 0.07954932
v 0.00672895 0.26621988 0.09483240
v 0.00759716 0.26883543 0.09374049
v 0.00762083 0.26316476 0.09334858
v 0.00494861 0.26172987 0.09388220
v 0.01708808 0.29417875 0.06052247
v 0.02752959 0.29557431 0.05437152
v 0.00603549 0.26437473 0.09481740
v 0.00323384 0.26262420 0.09555563
v 0.02026147 0.29515076 0.05827863
v 0.01646955 0.29419374 0.06026617
v 0.01195268 0.26452637 0.08879153
v 0.00658687 0.29193676 0.07223895
v 0.01461003 0.26277691 0.08476318
v 0.01793348 0.29435688 0.06045948
v 0.01848695 0.29457155 0.06030130
v 0.00742946 0.27535430 0.08835717
v 0.02273239 0.29533356 0.05844066
v 0.00296852 0.25750601 0.08610988
v 0.01011927 0.26395005 0.09101917
v 0.00874793 0.26348346 0.09236427
v 0.00348355 0.25688052 0.08425827
v 0.01203971 0.29386207 0.06248106
v 0.00628896 0.28986415 0.07541586
v 0.00624715 0.28742233 0.07786524
v 0.00291394 0.25826925 0.08836648
v 0.00789825 0.27201352 0.09157230
v 0.00598495 0.25737771 0.08283389
v 0.00543629 0.26289359 0.09443590
v 0.02917555 0.30814740 0.06492864
v 0.02936174 0.30541590 0.06389402
v 0.02197492 0.31201631 0.06762066
v 0.00445030 0.31254885 0.07156582
v 0.00937465 0.31266937 0.07058768
v 0.02984792 0.30167058 0.06245574
v 0.03002418 0.29980552 0.06101906
v 0.02923742 0.30335656 0.06236879
v 0.03011598 0.30018240 0.06252021
v 0.03014120 0.30083442 0.06296556
v 0.02905834 0.30275565 0.06141389
v 0.02915732 0.30266604 0.06140025
v 0.02700348 0.31093529 0.06584978
v 0.02939626 0.30236235 0.06174855
v 0.03020101 0.29933828 0.05926419
v 0.03101632 0.29749408 0.05475892
v 0.02069970 0.32307133 0.06912868
v 0.05119019 0.32069916 0.04965525
v 0.05449161 0.31522849 0.04737859
v 0.04870875 0.28055799 0.05630498
v 0.05131309 0.28126192 0.05363397
v 0.01795875 0.31699049 0.07031043
v 0.02616283 0.34227920 0.06029231
v 0.03067412 0.38701519 0.01191405
v 0.02451669 0.33524275 0.06394969
v 0.03889375 0.32711703 0.05907025
v 0.03096827 0.38288385 0.02110973
v 0.04634503 0.32531619 0.05347322
v 0.05583378 0.28578314 0.04578564
v 0.00622196 0.32921210 0.06952300
v 0.05711775 0.29116067 0.04280492
v 0.01412956 0.32910949 0.06886471
v 0.02699533 0.39545035 -0.05129977
v 0.01288156 0.30847615 0.06840169
v 0.03880978 0.28149143 0.06147540
v 0.04188381 0.28104785 0.06019920
v 0.03050119 0.39483532 -0.03987914
v 0.05496830 0.28359631 0.04830899
v 0.02988505 0.36006987 0.04929284
v 0.00950227 0.30147541 0.06652488
v 0.01078395 0.30461335 0.06675204
v 0.03068274 0.36683041 0.04278898
v 0.03108751 0.37302363 0.03613853
v 0.03075874 0.39038235 0.00108220
v 0.02165559 0.28453594 0.06359559
v 0.05674013 0.30907291 0.04522676
v 0.05763752 0.30271640 0.04371700
v 0.03107229 0.39441735 -0.02592359
v 0.03131736 0.28239131 0.06330867
v 0.05766046 0.29674864 0.04279892
v 0.01550576 0.39776462 -0.05962742
v 0.05356867 0.28217304 0.05097497
v 0.03131512 0.32831475 0.06344478
v 0.03520765 0.28184637 0.06248874
v 0.00905300 0.29827651 0.06619096
v 0.01700092 0.28665283 0.06363466
v 0.01362673 0.28935257 0.06398752
v 0.03108088 0.37821096 0.02905516
v 0.01115439 0.29194692 0.06477214
v 0.00939962 0.29502854 0.06578252
v 0.02638782 0.28316453 0.06384355
v 0.02810483 0.35110047 0.05575182
v 0.03077414 0.39290363 -0.01176401
v 0.04532912 0.28075370 0.05843633
v 0.01007617 0.29342711 0.06545237
v 0.01534097 0.31255391 0.06933308
v 0.02279748 0.32884547 0.06695914
v 0.02727064 0.23586386 0.07369602
v 0.02876462 0.23372231 0.07254829
v 0.02838436 0.22771384 0.07136384
v 0.01973921 0.24120760 0.07832780
v 0.02426816 0.23831102 0.07550383
v 0.01839031 0.22118707 0.07914110
v 0.02934206 0.23171261 0.07177018
v 0.01279283 0.21989582 0.08288294
v 0.02931968 0.22962172 0.07130907
v 0.00682799 0.21917784 0.08490153
v 0.00931624 0.24526113 0.08364881
v 0.00459936 0.24559005 0.08508943
v 0.01441348 0.24376695 0.08123488
v 0.02631049 0.22555839 0.07228845
v 0.02328335 0.22328554 0.07466501
v 0.03120252 0.29587471 0.04930647
v -0.03120230 0.29587367 0.04930459
v 0.02981590 0.29638350 0.06221151
v 0.02824874 0.29635662 0.06175353
v 0.02680056 0.29631713 0.06099989
v 0.02558204 0.29626903 0.06002010
v 0.02984649 0.29669970 0.06219755
v 0.02830620 0.29697812 0.06172573
v 0.02688351 0.29721847 0.06096062
v 0.02568775 0.29740530 0.05997004
v 0.02993646 0.29700518 0.06218379
v 0.02848431 0.29757455 0.06169829
v 0.02714186 0.29808551 0.06092110
v 0.02601309 0.29849797 0.05991970
v 0.03008444 0.29728544 0.06217027
v 0.02877529 0.29812557 0.06167275
v 0.02756440 0.29888526 0.06088304
v 0.02654583 0.29950604 0.05987151
v 0.03028573 0.29753146 0.06215807
v 0.02916902 0.29860857 0.06164816
v 0.02813562 0.29958671 0.06084733
v 0.02726576 0.30039150 0.05982676
v 0.03053023 0.29773477 0.06214716
v 0.02964902 0.29900619 0.06162638
v 0.02883330 0.30016369 0.06081569
v 0.02814645 0.30111805 0.05978699
v 0.03080995 0.29788539 0.06213797
v 0.03019853 0.29930198 0.06160881
v 0.02963068 0.30059305 0.06079005
v 0.02915145 0.30166000 0.05975488
v 0.03111461 0.29797924 0.06213159
v 0.03079475 0.29948577 0.06159601
v 0.03049716 0.30085963 0.06077170
v 0.03024358 0.30199522 0.05973078
v 0.03143158 0.29801145 0.06212706
v 0.03141673 0.29954898 0.06158726
v 0.03139964 0.30095136 0.06075935
v 0.03138165 0.30211228 0.05971630
v 0.03174803 0.29798174 0.06212620
v 0.03203959 0.29949003 0.06158502
v 0.03230333 0.30086604 0.06075548
v 0.03252067 0.30200401 0.05971023
v 0.03205480 0.29788974 0.06212728
v 0.03263808 0.29931134 0.06158734
v 0.03317313 0.30060649 0.06075882
v 0.03361670 0.30167699 0.05971459
v 0.03233656 0.29774162 0.06213148
v 0.03319106 0.29901913 0.06159511
v 0.03397607 0.30018309 0.06076946
v 0.03462918 0.30114263 0.05972852
v 0.03258348 0.29754052 0.06213709
v 0.03367641 0.29862541 0.06160748
v 0.03468056 0.29961121 0.06078801
v 0.03551963 0.30042231 0.05975160
v 0.03278799 0.29729596 0.06214615
v 0.03407587 0.29814571 0.06162490
v 0.03526040 0.29891413 0.06081251
v 0.03625052 0.29954189 0.05978233
v 0.03293949 0.29701629 0.06215678
v 0.03437381 0.29759631 0.06164493
v 0.03569359 0.29811743 0.06084238
v 0.03679602 0.29853699 0.05982011
v 0.03303441 0.29671195 0.06216906
v 0.03455985 0.29700103 0.06166825
v 0.03596277 0.29725221 0.06087652
v 0.03713509 0.29744723 0.05986362
v 0.03306658 0.29639599 0.06218085
v 0.03462400 0.29638058 0.06169416
v 0.03605743 0.29635161 0.06091394
v 0.03725644 0.29631132 0.05991258
v 0.03303808 0.29608011 0.06219463
v 0.03456748 0.29575944 0.06172027
v 0.03597395 0.29545069 0.06095216
v 0.03714972 0.29517519 0.05996019
v 0.03294703 0.29577515 0.06220811
v 0.03438881 0.29516351 0.06174720
v 0.03571556 0.29458380 0.06099099
v 0.03682468 0.29408297 0.06000865
v 0.03279907 0.29549435 0.06222166
v 0.03409771 0.29461205 0.06177325
v 0.03529295 0.29378417 0.06102853
v 0.03629108 0.29307526 0.06005596
v 0.03259772 0.29524845 0.06223398
v 0.03370448 0.29412967 0.06179699
v 0.03472203 0.29308257 0.06106346
v 0.03557166 0.29218948 0.06010048
v 0.03235314 0.29504591 0.06224376
v 0.03322458 0.29373270 0.06181805
v 0.03402449 0.29250628 0.06109480
v 0.03469097 0.29146239 0.06013912
v 0.03207348 0.29489475 0.06225324
v 0.03267506 0.29343659 0.06183555
v 0.03322661 0.29207656 0.06112064
v 0.03368544 0.29092127 0.06017159
v 0.03176843 0.29480144 0.06225996
v 0.03207892 0.29325289 0.06184900
v 0.03236071 0.29181027 0.06113942
v 0.03259374 0.29058626 0.06019594
v 0.03145206 0.29476926 0.06226370
v 0.03145711 0.29318964 0.06185787
v 0.03145782 0.29171854 0.06115205
v 0.03145527 0.29046929 0.06021159
v 0.03113519 0.29479906 0.06226614
v 0.03083438 0.29324830 0.06186081
v 0.03055474 0.29180396 0.06115663
v 0.03031637 0.29057789 0.06021725
v 0.03082897 0.29489055 0.06226547
v 0.03023597 0.29342747 0.06185885
v 0.02968456 0.29206395 0.06115399
v 0.02922045 0.29090422 0.06021343
v 0.03054728 0.29503858 0.06226184
v 0.02968262 0.29371899 0.06185165
v 0.02888216 0.29248717 0.06114321
v 0.02820808 0.29143891 0.06019980
v 0.03030032 0.29524010 0.06225549
v 0.02919772 0.29411310 0.06183949
v 0.02817735 0.29305854 0.06112468
v 0.02731821 0.29215848 0.06017760
v 0.03009594 0.29548469 0.06224653
v 0.02879814 0.29459333 0.06182208
v 0.02759755 0.29375592 0.06110033
v 0.02658743 0.29303935 0.06014675
v 0.03144354 0.29639748 0.06235501
v 0.02994442 0.29576325 0.06223731
v 0.02849986 0.29514214 0.06180196
v 0.02716481 0.29455265 0.06107069
v 0.02604135 0.29404360 0.06010883
v 0.02985054 0.29606807 0.06222515
v 0.02831425 0.29573661 0.06177893
v 0.02689541 0.29541701 0.06103746
v 0.02570240 0.29513314 0.06006748
v 0.02439515 0.29622617 0.05918014
v 0.02255934 0.29615474 0.05775170
v 0.02098563 0.29606500 0.05587793
v 0.01980932 0.29596433 0.05373411
v 0.01907534 0.29585734 0.05140109
v 0.01880988 0.29574817 0.04897206
v 0.01902514 0.29564053 0.04653801
v 0.01971165 0.29553887 0.04419345
v 0.02084354 0.29544687 0.04202716
v 0.02237823 0.29536870 0.04012397
v 0.02425498 0.29530618 0.03855564
v 0.02640362 0.29526323 0.03738330
v 0.02873960 0.29524019 0.03665294
v 0.02452137 0.29759204 0.05911987
v 0.02271811 0.29787478 0.05767683
v 0.02117329 0.29808772 0.05578899
v 0.02001650 0.29821151 0.05363595
v 0.01929460 0.29824311 0.05129691
v 0.01903459 0.29818049 0.04886551
v 0.01924450 0.29802588 0.04643396
v 0.01991843 0.29778653 0.04409547
v 0.02103030 0.29747006 0.04193848
v 0.02253698 0.29708818 0.04004867
v 0.02438016 0.29665801 0.03849672
v 0.02648849 0.29619449 0.03734308
v 0.02878346 0.29571506 0.03663227
v 0.02491288 0.29890639 0.05905978
v 0.02321050 0.29953101 0.05760079
v 0.02175235 0.30003384 0.05570006
v 0.02066030 0.30037448 0.05353576
v 0.01997725 0.30054039 0.05119253
v 0.01972984 0.30052221 0.04875888
v 0.01992695 0.30032313 0.04632924
v 0.02056229 0.29994902 0.04399654
v 0.02160963 0.29941642 0.04185017
v 0.02302875 0.29874444 0.03997363
v 0.02476634 0.29795840 0.03843763
v 0.02675546 0.29709005 0.03730191
v 0.02891943 0.29617134 0.03661185
v 0.02555281 0.30011827 0.05900206
v 0.02401743 0.30105752 0.05752707
v 0.02270095 0.30182987 0.05561409
v 0.02171458 0.30236939 0.05344047
v 0.02109642 0.30265731 0.05109144
v 0.02087073 0.30268109 0.04865580
v 0.02104613 0.30244005 0.04622819
v 0.02161587 0.30194449 0.04390149
v 0.02255750 0.30121160 0.04176445
v 0.02383497 0.30027181 0.03990108
v 0.02539987 0.29915899 0.03837994
v 0.02719161 0.29791594 0.03726317
v 0.02914142 0.29659298 0.03659135
v 0.02641830 0.30118194 0.05894778
v 0.02510769 0.30239695 0.05745956
v 0.02398241 0.30340484 0.05553473
v 0.02313877 0.30411991 0.05335253
v 0.02260891 0.30451536 0.05099748
v 0.02241287 0.30457565 0.04856085
v 0.02255858 0.30429864 0.04613479
v 0.02304003 0.30369455 0.04381363
v 0.02383893 0.30278754 0.04168510
v 0.02492567 0.30161119 0.03983367
v 0.02625618 0.30021134 0.03832720
v 0.02778132 0.29864162 0.03722668
v 0.02944224 0.29696214 0.03657303
v 0.02747581 0.30205578 0.05890065
v 0.02643929 0.30349830 0.05740053
v 0.02554837 0.30469912 0.05546513
v 0.02487861 0.30555889 0.05327485
v 0.02445611 0.30604306 0.05091520
v 0.02429578 0.30613339 0.04847655
v 0.02440574 0.30582580 0.04605205
v 0.02477981 0.30513307 0.04373604
v 0.02540485 0.30408183 0.04161561
v 0.02625661 0.30271214 0.03977423
v 0.02730195 0.30107585 0.03828052
v 0.02850269 0.29923719 0.03719432
v 0.02980936 0.29726669 0.03655699
v 0.02868441 0.30270600 0.05886124
v 0.02796140 0.30431825 0.05735116
v 0.02733820 0.30566370 0.05540749
v 0.02686761 0.30663040 0.05321060
v 0.02656646 0.30718076 0.05084777
v 0.02644900 0.30729318 0.04840706
v 0.02651607 0.30696404 0.04598457
v 0.02676872 0.30620503 0.04367163
v 0.02719465 0.30504632 0.04155786
v 0.02777864 0.30353203 0.03972493
v 0.02849902 0.30172056 0.03824256
v 0.02932594 0.29968101 0.03716763
v 0.03022896 0.29749212 0.03654305
v 0.02999745 0.30311003 0.05883228
v 0.02961644 0.30482575 0.05731478
v 0.02928331 0.30626136 0.05536392
v 0.02902905 0.30729419 0.05316257
v 0.02886145 0.30788487 0.05079617
v 0.02878782 0.30801091 0.04835491
v 0.02881101 0.30766863 0.04593292
v 0.02893011 0.30686873 0.04362398
v 0.02913968 0.30564341 0.04151420
v 0.02943357 0.30403978 0.03968803
v 0.02979801 0.30211875 0.03821317
v 0.03022116 0.29995659 0.03714740
v 0.03068605 0.29763192 0.03653284
v 0.03136514 0.30324939 0.05881461
v 0.03133844 0.30500171 0.05729222
v 0.03130886 0.30646792 0.05533695
v 0.03127909 0.30752397 0.05313214
v 0.03125032 0.30812815 0.05076389
v 0.03122356 0.30825973 0.04832216
v 0.03119984 0.30791131 0.04590060
v 0.03118012 0.30709842 0.04359299
v 0.03116515 0.30585039 0.04148699
v 0.03115553 0.30421519 0.03966485
v 0.03115161 0.30225742 0.03819515
v 0.03115305 0.30005130 0.03713509
v 0.03116073 0.29768056 0.03652609
v 0.03273461 0.30311993 0.05880749
v 0.03306261 0.30483848 0.05728300
v 0.03333699 0.30627590 0.05532667
v 0.03353198 0.30731091 0.05312080
v 0.03364217 0.30790314 0.05075186
v 0.03366247 0.30802900 0.04830970
v 0.03359170 0.30768582 0.04588851
v 0.03343300 0.30688536 0.04358208
v 0.03319321 0.30565843 0.04147651
v 0.03287967 0.30405203 0.03965598
v 0.03250642 0.30212927 0.03818795
v 0.03208706 0.29996300 0.03713007
v 0.03163700 0.29763594 0.03652397
v 0.03405295 0.30272645 0.05881273
v 0.03472373 0.30434355 0.05728922
v 0.03528979 0.30569333 0.05533429
v 0.03570193 0.30666316 0.05312874
v 0.03594615 0.30721605 0.05076035
v 0.03601147 0.30732915 0.04831829
v 0.03589564 0.30699876 0.04589744
v 0.03560285 0.30623773 0.04358952
v 0.03514538 0.30507576 0.04148396
v 0.03454058 0.30355707 0.03966203
v 0.03381098 0.30174017 0.03819299
v 0.03298578 0.29969454 0.03713356
v 0.03209489 0.29749897 0.03652566
v 0.03527001 0.30208507 0.05882959
v 0.03625704 0.30353498 0.05731037
v 0.03709196 0.30474249 0.05535866
v 0.03770472 0.30560648 0.05315622
v 0.03807062 0.30609348 0.05078899
v 0.03817805 0.30618480 0.04834772
v 0.03802011 0.30587673 0.04592553
v 0.03760557 0.30518052 0.04361674
v 0.03694804 0.30412453 0.04150831
v 0.03607368 0.30274844 0.03968291
v 0.03501532 0.30110487 0.03820877
v 0.03381472 0.29925734 0.03714490
v 0.03251836 0.29727620 0.03653182
v 0.03633875 0.30121845 0.05885694
v 0.03760250 0.30244356 0.05734482
v 0.03867468 0.30345944 0.05539906
v 0.03946320 0.30418095 0.05320151
v 0.03993808 0.30457965 0.05083689
v 0.04008144 0.30464113 0.04839687
v 0.03988691 0.30436277 0.04597375
v 0.03936391 0.30375493 0.04366177
v 0.03853010 0.30284187 0.04154846
v 0.03741873 0.30165690 0.03971749
v 0.03607271 0.30024764 0.03823586
v 0.03454323 0.29866666 0.03716378
v 0.03288839 0.29697487 0.03654099
v 0.03721773 0.30016145 0.05889454
v 0.03871083 0.30111229 0.05739215
v 0.03997684 0.30189365 0.05545465
v 0.04091001 0.30244103 0.05326280
v 0.04147418 0.30273241 0.05090266
v 0.04164803 0.30275807 0.04846294
v 0.04142367 0.30251551 0.04603889
v 0.04081048 0.30201554 0.04372297
v 0.03983171 0.30127594 0.04160367
v 0.03852660 0.30032560 0.03976437
v 0.03694249 0.29920119 0.03827254
v 0.03514276 0.29794535 0.03718915
v 0.03319445 0.29660803 0.03655364
v 0.03787306 0.29895410 0.05893995
v 0.03953718 0.29959133 0.05745022
v 0.04094835 0.30010563 0.05552299
v 0.04198989 0.30045402 0.05333844
v 0.04262073 0.30062389 0.05098263
v 0.04281654 0.30060679 0.04854461
v 0.04257019 0.30040708 0.04611891
v 0.04188973 0.30002797 0.04379820
v 0.04080325 0.29948744 0.04167156
v 0.03935251 0.29880479 0.03982170
v 0.03759193 0.29800585 0.03831772
v 0.03558900 0.29712269 0.03721964
v 0.03342238 0.29618800 0.03656993
v 0.03828179 0.29764304 0.05899274
v 0.04005126 0.29793853 0.05751715
v 0.04155288 0.29816297 0.05560081
v 0.04266162 0.29829532 0.05342666
v 0.04333365 0.29833230 0.05107410
v 0.04354206 0.29827181 0.04863809
v 0.04328236 0.29811543 0.04621068
v 0.04256138 0.29786989 0.04388497
v 0.04140709 0.29754546 0.04174889
v 0.03986504 0.29715222 0.03988736
v 0.03799435 0.29670885 0.03836995
v 0.03586751 0.29622918 0.03725576
v 0.03356369 0.29573226 0.03658774
v 0.03842714 0.29627773 0.05905152
v 0.04023368 0.29621983 0.05758980
v 0.04176785 0.29614151 0.05568645
v 0.04289828 0.29605004 0.05352023
v 0.04358349 0.29594862 0.05117404
v 0.04379835 0.29584080 0.04873947
v 0.04353177 0.29573128 0.04631016
v 0.04279709 0.29562432 0.04397871
v 0.04162039 0.29552379 0.04183385
v 0.04004644 0.29543409 0.03995951
v 0.03813697 0.29535809 0.03842648
v 0.03596594 0.29529858 0.03729429
v 0.03361423 0.29525828 0.03660760
v 0.03829984 0.29491252 0.05910931
v 0.04007570 0.29450020 0.05766545
v 0.04158082 0.29411837 0.05577495
v 0.04269130 0.29380259 0.05361871
v 0.04336430 0.29356238 0.05127816
v 0.04357291 0.29340824 0.04884563
v 0.04331242 0.29334551 0.04641418
v 0.04258985 0.29337716 0.04407661
v 0.04143311 0.29350108 0.04192199
v 0.03988768 0.29371417 0.04003482
v 0.03801228 0.29400578 0.03848547
v 0.03587999 0.29436728 0.03733546
v 0.03357028 0.29478386 0.03662819
v 0.03790710 0.29359853 0.05916790
v 0.03958127 0.29284427 0.05773900
v 0.04100001 0.29217240 0.05586177
v 0.04204705 0.29163975 0.05371618
v 0.04268061 0.29126585 0.05138234
v 0.04287808 0.29106653 0.04895204
v 0.04262996 0.29104877 0.04651876
v 0.04194695 0.29121423 0.04417498
v 0.04085478 0.29155472 0.04201069
v 0.03939540 0.29205835 0.04010979
v 0.03762555 0.29270586 0.03854491
v 0.03561299 0.29347122 0.03737556
v 0.03343432 0.29432660 0.03664911
v 0.03726720 0.29238647 0.05922446
v 0.03877396 0.29131782 0.05780980
v 0.04005135 0.29037732 0.05594659
v 0.04099316 0.28964472 0.05381052
v 0.04156169 0.28914872 0.05148267
v 0.04173725 0.28890759 0.04905481
v 0.04151076 0.28893182 0.04661961
v 0.04089290 0.28921917 0.04427033
v 0.03990631 0.28975901 0.04209583
v 0.03858962 0.29053098 0.04018228
v 0.03699201 0.29150531 0.03860207
v 0.03517687 0.29264539 0.03741536
v 0.03321234 0.29390493 0.03666908
v 0.03640169 0.29132313 0.05927763
v 0.03768234 0.28997824 0.05787612
v 0.03876911 0.28880209 0.05602463
v 0.03956843 0.28789437 0.05389824
v 0.04004956 0.28729063 0.05157554
v 0.04019514 0.28701299 0.04915003
v 0.03999873 0.28707322 0.04671222
v 0.03946867 0.28746855 0.04435804
v 0.03862487 0.28818360 0.04217505
v 0.03749943 0.28919160 0.04025010
v 0.03613573 0.29045299 0.03865475
v 0.03458716 0.29191965 0.03745174
v 0.03291102 0.29353631 0.03668793
v 0.03534427 0.29044902 0.05932483
v 0.03635102 0.28887722 0.05793538
v 0.03720291 0.28750733 0.05609434
v 0.03782815 0.28645587 0.05397485
v 0.03820152 0.28576297 0.05165742
v 0.03831209 0.28545576 0.04923360
v 0.03815143 0.28554550 0.04679475
v 0.03772832 0.28603005 0.04443555
v 0.03705845 0.28688928 0.04224499
v 0.03616798 0.28809014 0.04030897
v 0.03508995 0.28958797 0.03870146
v 0.03386528 0.29132408 0.03748407
v 0.03254438 0.29323229 0.03670440
v 0.03117439 0.29523814 0.03639041
v 0.03413550 0.28979892 0.05936263
v 0.03482816 0.28805733 0.05798380
v 0.03541294 0.28654328 0.05615203
v 0.03583835 0.28538385 0.05403893
v 0.03609151 0.28462467 0.05172575
v 0.03615920 0.28429535 0.04930238
v 0.03604101 0.28440776 0.04686256
v 0.03573932 0.28495809 0.04449921
v 0.03526914 0.28592479 0.04230274
v 0.03464592 0.28727022 0.04035826
v 0.03389334 0.28894377 0.03873944
v 0.03304253 0.29088071 0.03751027
v 0.03212432 0.29300633 0.03671786
v 0.03282241 0.28939509 0.05939210
v 0.03317304 0.28754988 0.05802076
v 0.03346765 0.28594613 0.05619507
v 0.03367722 0.28472009 0.05408702
v 0.03379644 0.28392056 0.05177631
v 0.03381931 0.28357813 0.04935447
v 0.03374605 0.28370366 0.04691424
v 0.03357839 0.28429434 0.04454739
v 0.03332408 0.28532717 0.04234591
v 0.03299045 0.28676292 0.04039509
v 0.03259434 0.28854555 0.03876877
v 0.03214680 0.29060516 0.03753047
v 0.03166771 0.29286602 0.03672756
v 0.03145475 0.28925574 0.05941163
v 0.03145152 0.28737399 0.05804449
v 0.03144199 0.28573859 0.05622279
v 0.03142711 0.28449082 0.05411700
v 0.03140749 0.28367734 0.05180859
v 0.03138399 0.28332865 0.04938831
v 0.03135669 0.28346038 0.04694562
v 0.03132788 0.28406462 0.04457840
v 0.03129860 0.28512076 0.04237362
v 0.03126848 0.28658706 0.04041831
v 0.03124073 0.28840640 0.03878684
v 0.03121493 0.29051095 0.03754329
v 0.03119255 0.29281738 0.03673429
v 0.03008533 0.28938544 0.05941775
v 0.02972729 0.28753710 0.05805298
v 0.02941375 0.28593045 0.05623298
v 0.02917415 0.28470337 0.05412904
v 0.02901558 0.28390279 0.05182093
v 0.02894505 0.28356010 0.04940042
v 0.02896530 0.28368545 0.04695878
v 0.02907550 0.28427768 0.04458937
v 0.02927052 0.28531268 0.04238364
v 0.02954439 0.28675020 0.04042724
v 0.02988546 0.28853503 0.03879401
v 0.03028093 0.29059827 0.03754789
v 0.03071676 0.29286250 0.03673640
v 0.02876711 0.28977874 0.05941313
v 0.02806570 0.28803191 0.05804723
v 0.02746091 0.28651345 0.05622644
v 0.02700418 0.28535098 0.05412099
v 0.02671157 0.28458986 0.05181321
v 0.02659707 0.28425997 0.04939146
v 0.02666132 0.28437304 0.04695000
v 0.02690564 0.28492540 0.04458158
v 0.02731789 0.28589535 0.04237677
v 0.02788348 0.28724521 0.04042128
v 0.02858137 0.28892362 0.03878898
v 0.02938267 0.29086721 0.03754438
v 0.03025840 0.29299939 0.03673524
v 0.02755005 0.29041964 0.05939819
v 0.02653289 0.28884074 0.05802749
v 0.02565855 0.28746453 0.05620243
v 0.02500133 0.28640807 0.05409456
v 0.02458658 0.28571191 0.05178431
v 0.02442897 0.28540379 0.04936283
v 0.02453644 0.28549558 0.04692157
v 0.02490297 0.28598261 0.04455493
v 0.02551574 0.28684610 0.04235247
v 0.02635092 0.28805432 0.04040042
v 0.02737657 0.28955945 0.03877329
v 0.02855323 0.29130393 0.03753358
v 0.02983540 0.29322177 0.03672966
v 0.02648132 0.29128563 0.05937113
v 0.02518706 0.28993165 0.05799340
v 0.02407600 0.28874716 0.05616194
v 0.02324294 0.28783363 0.05405025
v 0.02271970 0.28722635 0.05173689
v 0.02252601 0.28694752 0.04931447
v 0.02266966 0.28700909 0.04687354
v 0.02314477 0.28740820 0.04451002
v 0.02393323 0.28812924 0.04231185
v 0.02500538 0.28914538 0.04036647
v 0.02631920 0.29041618 0.03874618
v 0.02782471 0.29189461 0.03751472
v 0.02946486 0.29352358 0.03672003
v 0.02560237 0.29234305 0.05933414
v 0.02407937 0.29126287 0.05794676
v 0.02277404 0.29031253 0.05610752
v 0.02179624 0.28957355 0.05398883
v 0.02118338 0.28907362 0.05167209
v 0.02095957 0.28883055 0.04924810
v 0.02113394 0.28885630 0.04680917
v 0.02169813 0.28914759 0.04444903
v 0.02263162 0.28969514 0.04225671
v 0.02389799 0.29047662 0.04031912
v 0.02544941 0.29146314 0.03870958
v 0.02722573 0.29261598 0.03748938
v 0.02915881 0.29389045 0.03670681
v 0.02494733 0.29354993 0.05928845
v 0.02325337 0.29278380 0.05788965
v 0.02180240 0.29210156 0.05603995
v 0.02071651 0.29156065 0.05391382
v 0.02003712 0.29118216 0.05159274
v 0.01979094 0.29098192 0.04916673
v 0.01998757 0.29096481 0.04672932
v 0.02061846 0.29113516 0.04437336
v 0.02166015 0.29148319 0.04218948
v 0.02307214 0.29199746 0.04026183
v 0.02480046 0.29265842 0.03866433
v 0.02677896 0.29343855 0.03745786
v 0.02893138 0.29430994 0.03669103
v 0.02453894 0.29486138 0.05923637
v 0.02274024 0.29443654 0.05782326
v 0.02119881 0.29404360 0.05596232
v 0.02004551 0.29371879 0.05382790
v 0.01932511 0.29347321 0.05150109
v 0.01906621 0.29331735 0.04907335
v 0.01927510 0.29325694 0.04663767
v 0.01994781 0.29329383 0.04428726
v 0.02105630 0.29342616 0.04211167
v 0.02255910 0.29365009 0.04019619
v 0.02439756 0.29395545 0.03861220
v 0.02650048 0.29433262 0.03742280
v 0.02878956 0.29476565 0.03667273
v -0.03306619 0.29639620 0.06218020
v -0.03462363 0.29638085 0.06169352
v -0.03605709 0.29635194 0.06091329
v -0.03725613 0.29631165 0.05991194
v -0.03303400 0.29671219 0.06216840
v -0.03455945 0.29700133 0.06166758
v -0.03596239 0.29725254 0.06087584
v -0.03713472 0.29744759 0.05986293
v -0.03293907 0.29701656 0.06215610
v -0.03437338 0.29759660 0.06164424
v -0.03569317 0.29811776 0.06084165
v -0.03679560 0.29853734 0.05981936
v -0.03278756 0.29729623 0.06214546
v -0.03407542 0.29814598 0.06162417
v -0.03525994 0.29891443 0.06081175
v -0.03625005 0.29954219 0.05978154
v -0.03258304 0.29754072 0.06213639
v -0.03367594 0.29862571 0.06160674
v -0.03468006 0.29961148 0.06078721
v -0.03551912 0.30042261 0.05975076
v -0.03233611 0.29774183 0.06213078
v -0.03319056 0.29901940 0.06159434
v -0.03397555 0.30018336 0.06076863
v -0.03462864 0.30114290 0.05972764
v -0.03205434 0.29788995 0.06212658
v -0.03263758 0.29931155 0.06158656
v -0.03317259 0.30060673 0.06075798
v -0.03361613 0.30167720 0.05971368
v -0.03174757 0.29798192 0.06212548
v -0.03203907 0.29949021 0.06158423
v -0.03230277 0.30086625 0.06075462
v -0.03252008 0.30200419 0.05970930
v -0.03143111 0.29801166 0.06212633
v -0.03141621 0.29954916 0.06158647
v -0.03139907 0.30095151 0.06075848
v -0.03138106 0.30211243 0.05971537
v -0.03111414 0.29797938 0.06213086
v -0.03079423 0.29948592 0.06159522
v -0.03049659 0.30085975 0.06077083
v -0.03024298 0.30199528 0.05972985
v -0.03080948 0.29788554 0.06213725
v -0.03019801 0.29930210 0.06160802
v -0.02963012 0.30059311 0.06078919
v -0.02915087 0.30166000 0.05975395
v -0.03052977 0.29773489 0.06214644
v -0.02964851 0.29900631 0.06162560
v -0.02883275 0.30016369 0.06081485
v -0.02814588 0.30111799 0.05978609
v -0.03028528 0.29753155 0.06215736
v -0.02916853 0.29860860 0.06164740
v -0.02813510 0.29958671 0.06084651
v -0.02726522 0.30039138 0.05982589
v -0.03008400 0.29728553 0.06216957
v -0.02877481 0.29812559 0.06167199
v -0.02756391 0.29888520 0.06088224
v -0.02654532 0.29950592 0.05987067
v -0.02993602 0.29700524 0.06218310
v -0.02848386 0.29757455 0.06169756
v -0.02714139 0.29808539 0.06092033
v -0.02601262 0.29849777 0.05991890
v -0.02984607 0.29669976 0.06219688
v -0.02830577 0.29697812 0.06172503
v -0.02688308 0.29721832 0.06095989
v -0.02568733 0.29740512 0.05996928
v -0.02981550 0.29638359 0.06221084
v -0.02824834 0.29635662 0.06175285
v -0.02680017 0.29631701 0.06099920
v -0.02558167 0.29626879 0.06001939
v -0.02985015 0.29606813 0.06222450
v -0.02831388 0.29573655 0.06177828
v -0.02689506 0.29541686 0.06103681
v -0.02570207 0.29513294 0.06006682
v -0.02994404 0.29576331 0.06223669
v -0.02849951 0.29514211 0.06180133
v -0.02716449 0.29455253 0.06107007
v -0.02604107 0.29404336 0.06010821
v -0.03009557 0.29548478 0.06224591
v -0.02879781 0.29459333 0.06182148
v -0.02759727 0.29375580 0.06109975
v -0.02658720 0.29303911 0.06014618
v -0.03029997 0.29524019 0.06225489
v -0.02919742 0.29411307 0.06183892
v -0.02817710 0.29305843 0.06112413
v -0.02731802 0.29215828 0.06017707
v -0.03054694 0.29503864 0.06226123
v -0.02968233 0.29371902 0.06185110
v -0.02888194 0.29248708 0.06114269
v -0.02820791 0.29143876 0.06019931
v -0.03082863 0.29489067 0.06226487
v -0.03023571 0.29342747 0.06185830
v -0.02968436 0.29206389 0.06115349
v -0.02922032 0.29090410 0.06021297
v -0.03113485 0.29479918 0.06226555
v -0.03083413 0.29324836 0.06186028
v -0.03055456 0.29180396 0.06115615
v -0.03031625 0.29057780 0.06021680
v -0.03145173 0.29476938 0.06226311
v -0.03145685 0.29318973 0.06185734
v -0.03145764 0.29171860 0.06115157
v -0.03145517 0.29046923 0.06021114
v -0.03176810 0.29480159 0.06225937
v -0.03207866 0.29325300 0.06184847
v -0.03236054 0.29181033 0.06113894
v -0.03259363 0.29058629 0.06019550
v -0.03207315 0.29489493 0.06225265
v -0.03267480 0.29343671 0.06183502
v -0.03322643 0.29207668 0.06112015
v -0.03368533 0.29092133 0.06017114
v -0.03235281 0.29504606 0.06224316
v -0.03322431 0.29373288 0.06181750
v -0.03402429 0.29250646 0.06109430
v -0.03469084 0.29146254 0.06013865
v -0.03259737 0.29524866 0.06223337
v -0.03370420 0.29412988 0.06179643
v -0.03472182 0.29308277 0.06106294
v -0.03557151 0.29218966 0.06009999
v -0.03279871 0.29549456 0.06222104
v -0.03409741 0.29461229 0.06177267
v -0.03529271 0.29378441 0.06102799
v -0.03629089 0.29307547 0.06005543
v -0.03144314 0.29639760 0.06235436
v -0.03294667 0.29577535 0.06220748
v -0.03438849 0.29516378 0.06174660
v -0.03571529 0.29458407 0.06099042
v -0.03682445 0.29408321 0.06000809
v -0.03303770 0.29608035 0.06219400
v -0.03456714 0.29575971 0.06171966
v -0.03597364 0.29545099 0.06095155
v -0.03714945 0.29517552 0.05995959
v -0.03842685 0.29627809 0.05905087
v -0.04023343 0.29622018 0.05758914
v -0.04176765 0.29614183 0.05568575
v -0.04289813 0.29605031 0.05351951
v -0.04358338 0.29594883 0.05117329
v -0.04379831 0.29584086 0.04873869
v -0.04353178 0.29573122 0.04630934
v -0.04279715 0.29562414 0.04397786
v -0.04162049 0.29552341 0.04183296
v -0.04004658 0.29543355 0.03995860
v -0.03813714 0.29535741 0.03842553
v -0.03596612 0.29529771 0.03729333
v -0.03361442 0.29525724 0.03660661
v -0.03828143 0.29764339 0.05899202
v -0.04005094 0.29793888 0.05751641
v -0.04155259 0.29816329 0.05560004
v -0.04266137 0.29829562 0.05342585
v -0.04333345 0.29833248 0.05107325
v -0.04354190 0.29827192 0.04863720
v -0.04328226 0.29811540 0.04620976
v -0.04256134 0.29786968 0.04388402
v -0.04140710 0.29754514 0.04174791
v -0.03986510 0.29715168 0.03988637
v -0.03799446 0.29670817 0.03836895
v -0.03586765 0.29622835 0.03725475
v -0.03356386 0.29573125 0.03658673
v -0.03787264 0.29895443 0.05893918
v -0.03953677 0.29959169 0.05744941
v -0.04094797 0.30010599 0.05552213
v -0.04198954 0.30045432 0.05333753
v -0.04262043 0.30062410 0.05098168
v -0.04281629 0.30060688 0.04854362
v -0.04257000 0.30040702 0.04611789
v -0.04188960 0.30002776 0.04379715
v -0.04080318 0.29948711 0.04167051
v -0.03935250 0.29880428 0.03982064
v -0.03759198 0.29800516 0.03831666
v -0.03558910 0.29712185 0.03721859
v -0.03342253 0.29618701 0.03656890
v -0.03721726 0.30016178 0.05889371
v -0.03871035 0.30111262 0.05739126
v -0.03997638 0.30189395 0.05545371
v -0.04090957 0.30244130 0.05326181
v -0.04147378 0.30273256 0.05090162
v -0.04164769 0.30275813 0.04846186
v -0.04142338 0.30251542 0.04603778
v -0.04081026 0.30201533 0.04372184
v -0.03983156 0.30127558 0.04160254
v -0.03852652 0.30032510 0.03976324
v -0.03694248 0.29920051 0.03827143
v -0.03514282 0.29794446 0.03718806
v -0.03319457 0.29660699 0.03655258
v -0.03633823 0.30121875 0.05885606
v -0.03760196 0.30244389 0.05734387
v -0.03867415 0.30345970 0.05539804
v -0.03946269 0.30418116 0.05320043
v -0.03993760 0.30457976 0.05083576
v -0.04008101 0.30464113 0.04839570
v -0.03988654 0.30436265 0.04597255
v -0.03936360 0.30375469 0.04366057
v -0.03852988 0.30284145 0.04154725
v -0.03741860 0.30165637 0.03971630
v -0.03607266 0.30024692 0.03823470
v -0.03454327 0.29866576 0.03716265
v -0.03288850 0.29697385 0.03653993
v -0.03526945 0.30208537 0.05882866
v -0.03625645 0.30353525 0.05730937
v -0.03709136 0.30474272 0.05535758
v -0.03770413 0.30560666 0.05315507
v -0.03807006 0.30609354 0.05078779
v -0.03817753 0.30618477 0.04834647
v -0.03801966 0.30587655 0.04592426
v -0.03760519 0.30518019 0.04361546
v -0.03694775 0.30412406 0.04150704
v -0.03607349 0.30274785 0.03968166
v -0.03501523 0.30110413 0.03820757
v -0.03381472 0.29925644 0.03714376
v -0.03251846 0.29727519 0.03653074
v -0.03405236 0.30272666 0.05881177
v -0.03472310 0.30434376 0.05728817
v -0.03528915 0.30569351 0.05533316
v -0.03570129 0.30666324 0.05312753
v -0.03594553 0.30721605 0.05075910
v -0.03601089 0.30732900 0.04831699
v -0.03589514 0.30699849 0.04589612
v -0.03560243 0.30623731 0.04358818
v -0.03514504 0.30507523 0.04148265
v -0.03454035 0.30355638 0.03966074
v -0.03381085 0.30173934 0.03819176
v -0.03298576 0.29969364 0.03713240
v -0.03209498 0.29749793 0.03652457
v -0.03273399 0.30312005 0.05880651
v -0.03306194 0.30483863 0.05728192
v -0.03333631 0.30627599 0.05532551
v -0.03353130 0.30731091 0.05311957
v -0.03364151 0.30790302 0.05075057
v -0.03366186 0.30802879 0.04830836
v -0.03359115 0.30768546 0.04588715
v -0.03343253 0.30688488 0.04358071
v -0.03319284 0.30565780 0.04147516
v -0.03287940 0.30405128 0.03965466
v -0.03250627 0.30212840 0.03818670
v -0.03208703 0.29996204 0.03712888
v -0.03163707 0.29763487 0.03652287
v -0.03136451 0.30324945 0.05881362
v -0.03133776 0.30500177 0.05729113
v -0.03130816 0.30646789 0.05533577
v -0.03127839 0.30752382 0.05313088
v -0.03124964 0.30812794 0.05076257
v -0.03122293 0.30825937 0.04832079
v -0.03119928 0.30791083 0.04589921
v -0.03117964 0.30709782 0.04359161
v -0.03116476 0.30584967 0.04148563
v -0.03115525 0.30421436 0.03966352
v -0.03115145 0.30225646 0.03819389
v -0.03115300 0.30005029 0.03713389
v -0.03116080 0.29767948 0.03652498
v -0.02999681 0.30311003 0.05883129
v -0.02961576 0.30482572 0.05731370
v -0.02928262 0.30626124 0.05536274
v -0.02902835 0.30729398 0.05316132
v -0.02886077 0.30788454 0.05079485
v -0.02878719 0.30801046 0.04835355
v -0.02881045 0.30766803 0.04593153
v -0.02892962 0.30686805 0.04362259
v -0.02913929 0.30564263 0.04151284
v -0.02943329 0.30403888 0.03968670
v -0.02979785 0.30211776 0.03821190
v -0.03022112 0.29995552 0.03714621
v -0.03068612 0.29763082 0.03653174
v -0.02868380 0.30270597 0.05886026
v -0.02796074 0.30431813 0.05735008
v -0.02733753 0.30566347 0.05540633
v -0.02686693 0.30663005 0.05320936
v -0.02656580 0.30718032 0.05084647
v -0.02644839 0.30729261 0.04840572
v -0.02651552 0.30696335 0.04598320
v -0.02676825 0.30620420 0.04367026
v -0.02719428 0.30504546 0.04155651
v -0.02777837 0.30353105 0.03972362
v -0.02849887 0.30171949 0.03824130
v -0.02932590 0.29967991 0.03716644
v -0.03022903 0.29749098 0.03654195
v -0.02747521 0.30205569 0.05889969
v -0.02643866 0.30349809 0.05739948
v -0.02554773 0.30469880 0.05546400
v -0.02487797 0.30555844 0.05327364
v -0.02445550 0.30604246 0.05091394
v -0.02429521 0.30613273 0.04847525
v -0.02440523 0.30582500 0.04605072
v -0.02477938 0.30513215 0.04373471
v -0.02540451 0.30408081 0.04161429
v -0.02625638 0.30271104 0.03977295
v -0.02730182 0.30107471 0.03827928
v -0.02850267 0.29923603 0.03719315
v -0.02980944 0.29726553 0.03655590
v -0.02641773 0.30118176 0.05894685
v -0.02510710 0.30239668 0.05745855
v -0.02398181 0.30340445 0.05553365
v -0.02313818 0.30411938 0.05335138
v -0.02260835 0.30451468 0.05099628
v -0.02241235 0.30457482 0.04855960
v -0.02255813 0.30429769 0.04613351
v -0.02303965 0.30369353 0.04381236
v -0.02383865 0.30278644 0.04168384
v -0.02492548 0.30161005 0.03983243
v -0.02625609 0.30021012 0.03832600
v -0.02778131 0.29864046 0.03722553
v -0.02944234 0.29696095 0.03657194
v -0.02555229 0.30011806 0.05900118
v -0.02401689 0.30105716 0.05752611
v -0.02270041 0.30182937 0.05561307
v -0.02171406 0.30236873 0.05343939
v -0.02109593 0.30265650 0.05109031
v -0.02087029 0.30268019 0.04865463
v -0.02104576 0.30243903 0.04622699
v -0.02161557 0.30194339 0.04390028
v -0.02255727 0.30121037 0.04176324
v -0.02383483 0.30027056 0.03989989
v -0.02539981 0.29915777 0.03837878
v -0.02719164 0.29791471 0.03726205
v -0.02914153 0.29659182 0.03659028
v -0.02491241 0.29890612 0.05905894
v -0.02321002 0.29953060 0.05759989
v -0.02175189 0.30003327 0.05569911
v -0.02065986 0.30037376 0.05353477
v -0.01997685 0.30053952 0.05119148
v -0.01972948 0.30052122 0.04875780
v -0.01992666 0.30032206 0.04632813
v -0.02056206 0.29994783 0.04399541
v -0.02160948 0.29941517 0.04184904
v -0.02302867 0.29874313 0.03997250
v -0.02476633 0.29795712 0.03843651
v -0.02675552 0.29708880 0.03730083
v -0.02891955 0.29617012 0.03661080
v -0.02452095 0.29759175 0.05911908
v -0.02271770 0.29787433 0.05767601
v -0.02117290 0.29808709 0.05578812
v -0.02001614 0.29821074 0.05363503
v -0.01929430 0.29824218 0.05129595
v -0.01903434 0.29817945 0.04886452
v -0.01924430 0.29802468 0.04643295
v -0.01991829 0.29778528 0.04409443
v -0.02103022 0.29746878 0.04193743
v -0.02253697 0.29708683 0.04004760
v -0.02438020 0.29665670 0.03849566
v -0.02648859 0.29619321 0.03734203
v -0.02878361 0.29571384 0.03663123
v -0.02439479 0.29622585 0.05917941
v -0.02255901 0.29615426 0.05775094
v -0.02098533 0.29606432 0.05587714
v -0.01980906 0.29596350 0.05373329
v -0.01907513 0.29585636 0.05140024
v -0.01880973 0.29574707 0.04897118
v -0.01902504 0.29563934 0.04653709
v -0.01971160 0.29553759 0.04419250
v -0.02084355 0.29544553 0.04202618
v -0.02237829 0.29536736 0.04012298
v -0.02425509 0.29530486 0.03855463
v -0.02640375 0.29526189 0.03738229
v -0.02873977 0.29523897 0.03665193
v -0.02453864 0.29486105 0.05923570
v -0.02273998 0.29443604 0.05782258
v -0.02119859 0.29404292 0.05596162
v -0.02004534 0.29371798 0.05382718
v -0.01932501 0.29347223 0.05150034
v -0.01906616 0.29331622 0.04907256
v -0.01927511 0.29325572 0.04663685
v -0.01994786 0.29329252 0.04428640
v -0.02105640 0.29342479 0.04211078
v -0.02255924 0.29364872 0.04019527
v -0.02439772 0.29395410 0.03861126
v -0.02650066 0.29433131 0.03742183
v -0.02878975 0.29476443 0.03667174
v -0.02494709 0.29354960 0.05928785
v -0.02325318 0.29278332 0.05788904
v -0.02180227 0.29210091 0.05603933
v -0.02071644 0.29155985 0.05391319
v -0.02003712 0.29118118 0.05159209
v -0.01979099 0.29098079 0.04916604
v -0.01998768 0.29096359 0.04672861
v -0.02061861 0.29113388 0.04437260
v -0.02166034 0.29148182 0.04218868
v -0.02307235 0.29199609 0.04026098
v -0.02480068 0.29265705 0.03866344
v -0.02677918 0.29343724 0.03745693
v -0.02893158 0.29430869 0.03669006
v -0.02560218 0.29234272 0.05933359
v -0.02407925 0.29126239 0.05794623
v -0.02277399 0.29031187 0.05610698
v -0.02179626 0.28957275 0.05398829
v -0.02118347 0.28907263 0.05167153
v -0.02095972 0.28882948 0.04924752
v -0.02113414 0.28885511 0.04680855
v -0.02169837 0.28914627 0.04444836
v -0.02263188 0.28969377 0.04225599
v -0.02389827 0.29047528 0.04031835
v -0.02544968 0.29146177 0.03870874
v -0.02722598 0.29261467 0.03748848
v -0.02915903 0.29388919 0.03670586
v -0.02648118 0.29128534 0.05937062
v -0.02518700 0.28993121 0.05799293
v -0.02407603 0.28874657 0.05616148
v -0.02324305 0.28783286 0.05404979
v -0.02271988 0.28722543 0.05173642
v -0.02252625 0.28694648 0.04931397
v -0.02266995 0.28700790 0.04687300
v -0.02314509 0.28740695 0.04450943
v -0.02393357 0.28812793 0.04231121
v -0.02500572 0.28914404 0.04036575
v -0.02631952 0.29041487 0.03874540
v -0.02782500 0.29189333 0.03751386
v -0.02946510 0.29352233 0.03671909
v -0.02754995 0.29041937 0.05939773
v -0.02653289 0.28884035 0.05802707
v -0.02565864 0.28746396 0.05620204
v -0.02500150 0.28640738 0.05409417
v -0.02458682 0.28571105 0.05178391
v -0.02442928 0.28540280 0.04936241
v -0.02453680 0.28549448 0.04692110
v -0.02490336 0.28598142 0.04455441
v -0.02551614 0.28684485 0.04235188
v -0.02635131 0.28805307 0.04039975
v -0.02737693 0.28955817 0.03877254
v -0.02855355 0.29130268 0.03753275
v -0.02983565 0.29322055 0.03672873
v -0.03117457 0.29523700 0.03638940
v -0.02876705 0.28977853 0.05941270
v -0.02806574 0.28803158 0.05804685
v -0.02746105 0.28651297 0.05622609
v -0.02700441 0.28535035 0.05412065
v -0.02671188 0.28458911 0.05181287
v -0.02659744 0.28425905 0.04939109
v -0.02666174 0.28437203 0.04694960
v -0.02690608 0.28492430 0.04458111
v -0.02731834 0.28589419 0.04237623
v -0.02788391 0.28724399 0.04042066
v -0.02858176 0.28892237 0.03878827
v -0.02938301 0.29086596 0.03754357
v -0.03025866 0.29299822 0.03673433
v -0.03008529 0.28938529 0.05941733
v -0.02972735 0.28753680 0.05805263
v -0.02941392 0.28593004 0.05623266
v -0.02917442 0.28470284 0.05412875
v -0.02901593 0.28390211 0.05182062
v -0.02894546 0.28355929 0.04940009
v -0.02896575 0.28368452 0.04695841
v -0.02907598 0.28427666 0.04458894
v -0.02927100 0.28531158 0.04238313
v -0.02954485 0.28674906 0.04042664
v -0.02988588 0.28853384 0.03879331
v -0.03028128 0.29059708 0.03754709
v -0.03071704 0.29286131 0.03673550
v -0.03145472 0.28925565 0.05941124
v -0.03145160 0.28737378 0.05804414
v -0.03144218 0.28573829 0.05622249
v -0.03142739 0.28449041 0.05411672
v -0.03140786 0.28367680 0.05180831
v -0.03138442 0.28332794 0.04938800
v -0.03135717 0.28345957 0.04694526
v -0.03132838 0.28406373 0.04457798
v -0.03129910 0.28511977 0.04237313
v -0.03126896 0.28658599 0.04041773
v -0.03124116 0.28840530 0.03878616
v -0.03121529 0.29050979 0.03754249
v -0.03119283 0.29281622 0.03673339
v -0.03282237 0.28939506 0.05939171
v -0.03317312 0.28754976 0.05802042
v -0.03346784 0.28594592 0.05619476
v -0.03367751 0.28471974 0.05408674
v -0.03379680 0.28392011 0.05177603
v -0.03381974 0.28357756 0.04935416
v -0.03374652 0.28370297 0.04691389
v -0.03357890 0.28429353 0.04454698
v -0.03332458 0.28532627 0.04234542
v -0.03299093 0.28676194 0.04039451
v -0.03259477 0.28854448 0.03876809
v -0.03214716 0.29060408 0.03752968
v -0.03166799 0.29286489 0.03672665
v -0.03413545 0.28979897 0.05936222
v -0.03482822 0.28805730 0.05798344
v -0.03541312 0.28654316 0.05615171
v -0.03583861 0.28538361 0.05403863
v -0.03609186 0.28462431 0.05172545
v -0.03615961 0.28429490 0.04930206
v -0.03604147 0.28440720 0.04686219
v -0.03573981 0.28495738 0.04449878
v -0.03526962 0.28592399 0.04230222
v -0.03464637 0.28726929 0.04035766
v -0.03389375 0.28894275 0.03873874
v -0.03304289 0.29087967 0.03750947
v -0.03212460 0.29300523 0.03671696
v -0.03534421 0.29044911 0.05932439
v -0.03635105 0.28887728 0.05793499
v -0.03720305 0.28750730 0.05609399
v -0.03782838 0.28645575 0.05397451
v -0.03820183 0.28576276 0.05165707
v -0.03831246 0.28545547 0.04923323
v -0.03815185 0.28554505 0.04679434
v -0.03772876 0.28602946 0.04443508
v -0.03705890 0.28688857 0.04224445
v -0.03616842 0.28808931 0.04030834
v -0.03509035 0.28958705 0.03870074
v -0.03386562 0.29132307 0.03748326
v -0.03254465 0.29323122 0.03670349
v -0.03640160 0.29132327 0.05927717
v -0.03768234 0.28997836 0.05787570
v -0.03876920 0.28880218 0.05602422
v -0.03956861 0.28789437 0.05389784
v -0.04004981 0.28729051 0.05157514
v -0.04019545 0.28701279 0.04914961
v -0.03999909 0.28707287 0.04671175
v -0.03946906 0.28746808 0.04435752
v -0.03862527 0.28818297 0.04217446
v -0.03749982 0.28919089 0.04024943
v -0.03613609 0.29045212 0.03865400
v -0.03458747 0.29191867 0.03745090
v -0.03291128 0.29353523 0.03668700
v -0.03726707 0.29238668 0.05922396
v -0.03877391 0.29131803 0.05780934
v -0.04005138 0.29037747 0.05594613
v -0.04099327 0.28964478 0.05381006
v -0.04156187 0.28914872 0.05148220
v -0.04173749 0.28890747 0.04905431
v -0.04151104 0.28893158 0.04661907
v -0.04089322 0.28921878 0.04426974
v -0.03990665 0.28975850 0.04209518
v -0.03858996 0.29053032 0.04018156
v -0.03699234 0.29150450 0.03860128
v -0.03517716 0.29264447 0.03741449
v -0.03321258 0.29390389 0.03666814
v -0.03790691 0.29359880 0.05916736
v -0.03958116 0.29284453 0.05773848
v -0.04099997 0.29217261 0.05586125
v -0.04204708 0.29163992 0.05371565
v -0.04268070 0.29126593 0.05138178
v -0.04287823 0.29106653 0.04895146
v -0.04263016 0.29104862 0.04651814
v -0.04194719 0.29121390 0.04417431
v -0.04085504 0.29155427 0.04200998
v -0.03939567 0.29205775 0.04010902
v -0.03762582 0.29270512 0.03854407
v -0.03561324 0.29347032 0.03737466
v -0.03343455 0.29432556 0.03664816
v -0.03829961 0.29491282 0.05910872
v -0.04007553 0.29450050 0.05766486
v -0.04158070 0.29411867 0.05577435
v -0.04269124 0.29380280 0.05361808
v -0.04336430 0.29356250 0.05127750
v -0.04357297 0.29340827 0.04884495
v -0.04331253 0.29334542 0.04641346
v -0.04259000 0.29337689 0.04407586
v -0.04143330 0.29350066 0.04192118
v -0.03988789 0.29371360 0.04003397
v -0.03801250 0.29400507 0.03848458
v -0.03588022 0.29436642 0.03733453
v -0.03357049 0.29478288 0.03662722
f 4 2 1
f 8 6 5
f 13 15 14
f 17 19 18
f 32 30 29
f 36 34 33
f 37 39 38
f 21 23 20
f 25 27 24
f 41 43 42
f 48 46 45
f 52 50 49
f 53 55 54
f 60 58 57
f 29 62 61
f 66 64 63
f 67 6 68
f 72 70 69
f 76 74 73
f 77 79 78
f 81 83 82
f 59 86 85
f 88 90 89
f 96 94 93
f 100 98 97
f 101 103 102
f 106 34 87
f 108 115 107
f 117 36 118
f 124 126 125
f 131 129 128
f 132 134 133
f 142 140 139
f 148 60 147
f 144 127 124
f 149 151 150
f 156 154 153
f 159 158 157
f 116 164 105
f 171 169 168
f 174 173 172
f 179 181 180
f 186 188 187
f 194 196 195
f 199 139 198
f 206 208 207
f 213 211 210
f 202 214 201
f 96 216 54
f 92 43 44
f 97 246 100
f 250 229 228
f 252 58 253
f 258 256 255
f 260 229 259
f 110 112 113
f 114 263 109
f 265 267 266
f 56 270 269
f 274 249 250
f 185 63 64
f 280 278 276
f 285 283 157
f 288 211 212
f 141 92 46
f 289 175 176
f 148 105 106
f 312 170 171
f 238 42 43
f 318 160 317
f 310 308 307
f 241 325 324
f 160 240 317
f 47 307 308
f 108 315 164
f 345 86 119
f 348 350 349
f 356 358 357
f 355 353 352
f 363 32 362
f 149 150 176
f 364 253 365
f 366 368 367
f 183 371 63
f 163 161 160
f 209 101 208
f 378 165 166
f 379 381 380
f 383 3 4
f 284 386 385
f 387 389 388
f 391 229 249
f 73 397 396
f 405 407 406
f 203 411 410
f 414 413 412
f 1 357 4
f 277 131 275
f 254 57 58
f 358 415 351
f 417 386 408
f 401 192 420
f 419 127 143
f 421 182 422
f 103 302 409
f 428 368 174
f 380 359 356
f 62 266 323
f 140 431 430
f 357 351 348
f 356 379 380
f 415 403 434
f 437 436 435
f 438 440 439
f 188 450 449
f 452 454 453
f 265 181 421
f 224 64 225
f 237 213 427
f 275 128 458
f 281 460 459
f 50 79 461
f 73 282 281
f 468 466 465
f 390 352 359
f 482 484 483
f 489 487 486
f 493 495 494
f 472 470 469
f 502 500 499
f 220 222 223
f 512 143 66
f 518 511 80
f 513 230 286
f 205 31 244
f 189 451 188
f 163 532 8
f 533 225 251
f 446 447 412
f 335 540 334
f 544 546 545
f 329 291 292
f 199 262 238
f 385 416 550
f 532 191 247
f 363 118 243
f 236 237 250
f 578 580 579
f 573 571 570
f 561 562 272
f 241 259 240
f 590 592 591
f 545 595 594
f 503 155 504
f 606 624 623
f 478 480 479
f 646 648 647
f 590 689 684
f 564 651 650
f 728 184 727
f 714 716 715
f 692 575 693
f 541 581 578
f 346 248 400
f 161 230 160
f 128 94 95
f 698 704 703
f 574 576 575
f 290 401 328
f 630 725 726
f 733 735 734
f 755 496 493
f 759 481 760
f 757 762 761
f 764 466 467
f 768 9260 9261
f 759 488 489
f 492 475 771
f 474 769 473
f 773 465 772
f 771 486 483
f 484 775 491
f 774 489 486
f 495 764 756
f 495 761 494
f 137 784 136
f 325 797 547
f 165 51 52
f 369 29 370
f 730 568 569
f 90 301 89
f 243 516 242
f 800 806 805
f 817 808 816
f 816 823 822
f 306 447 807
f 815 809 808
f 829 828 825
f 726 501 502
f 274 424 423
f 879 881 880
f 884 879 885
f 219 217 211
f 906 904 897
f 455 205 542
f 898 830 829
f 903 880 881
f 906 897 898
f 377 519 165
f 923 948 946
f 946 951 950
f 8963 739 8961
f 900 886 880
f 225 65 144
f 182 442 422
f 809 947 824
f 954 962 961
f 927 965 966
f 885 880 886
f 925 966 967
f 343 341 340
f 965 971 968
f 968 970 969
f 972 969 973
f 963 981 978
f 336 338 339
f 992 827 828
f 810 996 959
f 1007 1002 1008
f 1012 827 1009
f 1011 1007 1008
f 294 292 291
f 907 920 919
f 1017 1019 1018
f 1020 1022 1021
f 1035 1020 1044
f 1061 1047 1046
f 1063 1046 1062
f 1044 1021 1045
f 1102 1097 1109
f 1116 1118 1117
f 1016 1014 1013
f 881 904 903
f 816 1127 817
f 1094 949 1097
f 514 167 515
f 146 81 82
f 1133 1130 1129
f 1102 1126 822
f 822 1116 816
f 1145 1148 1136
f 1076 1151 1069
f 1148 1086 1087
f 1109 1114 1136
f 1154 1156 1155
f 1153 967 1156
f 8815 463 9166
f 1144 1152 1151
f 1156 1163 1162
f 1164 1169 1165
f 1145 1176 1147
f 1114 1154 1171
f 1183 1164 1177
f 1184 1177 1185
f 1069 1062 1064
f 1023 1194 1022
f 1162 1170 1169
f 1195 1185 1191
f 1183 1176 1155
f 1201 1152 1196
f 1061 1201 1202
f 9277 843 9288
f 1203 1195 1034
f 1202 1184 1195
f 1218 1203 1217
f 1060 1202 1203
f 1225 1217 1219
f 671 694 670
f 1219 1024 1035
f 1217 1034 1024
f 1226 1015 1227
f 1243 1234 1233
f 1231 1229 1228
f 847 1233 843
f 843 1244 878
f 1233 1245 1244
f 1923 233 216
f 2100 499 500
f 9366 2135 9352
f 61 323 505
f 210 217 457
f 1299 1309 1300
f 9315 1231 9314
f 1066 1321 1322
f 1322 1228 1229
f 1060 1321 1047
f 1325 1323 1310
f 1244 1332 1330
f 1290 1242 1288
f 1337 1339 1338
f 1330 1340 1339
f 1341 1245 1294
f 1342 1332 1341
f 1343 1341 1344
f 1344 1294 1293
f 9309 1345 1346
f 1347 1342 1343
f 9308 1295 1345
f 1349 1348 1347
f 9313 1347 9305
f 9305 1343 9309
f 906 829 1353
f 905 1353 1354
f 865 1355 1357
f 1355 829 825
f 1357 825 826
f 1356 1353 1355
f 9286 1338 9285
f 866 1356 865
f 1358 1354 1356
f 9280 1337 9286
f 838 1012 841
f 1363 1338 1339
f 1368 1339 1340
f 1348 1340 1342
f 1371 9276 9281
f 524 526 523
f 528 530 527
f 1372 1369 1371
f 535 537 538
f 1367 1348 1350
f 1370 1359 1369
f 1369 9285 9276
f 1373 903 904
f 555 557 558
f 1374 910 1373
f 1373 905 1375
f 1374 1375 1376
f 1375 1354 1370
f 1378 908 1377
f 376 651 1387
f 1388 973 969
f 586 588 585
f 1390 1388 1391
f 1391 969 970
f 597 599 596
f 600 602 603
f 1392 970 979
f 608 610 607
f 612 523 611
f 614 616 613
f 617 25 24
f 620 622 619
f 1397 1391 1392
f 1398 1392 1399
f 1400 920 1378
f 1402 1165 1169
f 636 638 635
f 930 1402 929
f 641 643 644
f 929 1169 1170
f 1404 1403 1402
f 1411 1365 1406
f 1412 1415 1414
f 652 654 655
f 609 657 658
f 659 661 662
f 558 586 585
f 665 667 664
f 1413 1406 1412
f 1418 9262 9265
f 1417 1371 1416
f 1416 9281 9262
f 1419 1416 1418
f 1386 1374 1420
f 677 679 676
f 1385 1420 1421
f 1420 1376 1422
f 685 687 688
f 1421 1422 1423
f 528 691 658
f 1422 1372 1417
f 1018 747 1425
f 699 701 702
f 1424 579 1017
f 9115 1767 9112
f 700 711 712
f 1093 9206 1571
f 717 530 719
f 721 723 720
f 704 8987 8998
f 19 1426 1430
f 1429 1427 1426
f 1658 8986 8988
f 1439 1434 1438
f 1437 1435 1434
f 1426 1433 1432
f 1442 1432 1440
f 742 744 745
f 1432 1441 1440
f 751 753 750
f 1438 1403 1405
f 1446 1444 1443
f 1447 1446 1443
f 9312 1443 9300
f 1415 1445 1446
f 1414 1446 1448
f 2173 469 470
f 777 779 686
f 780 782 783
f 1676 1806 1675
f 9311 1349 9313
f 789 791 788
f 745 793 742
f 652 795 653
f 1455 1457 1456
f 1454 1350 1452
f 610 802 801
f 9283 698 703
f 1352 1045 1351
f 1015 1459 1460
f 811 813 814
f 2118 9269 2117
f 819 821 818
f 1466 1194 1190
f 1467 1465 1466
f 1182 1468 1467
f 832 833 831
f 835 837 834
f 1467 1190 1182
f 1469 1444 1445
f 840 712 690
f 1453 1469 1454
f 599 845 846
f 1226 9301 9307
f 851 853 850
f 855 856 854
f 858 860 857
f 861 863 864
f 1014 9307 9310
f 867 868 869
f 870 872 873
f 874 876 877
f 1310 1471 1309
f 1476 1427 1475
f 1461 1475 1460
f 887 889 890
f 788 892 891
f 894 896 893
f 1460 1227 1015
f 901 524 612
f 1465 1477 1464
f 1865 8944 1864
f 911 913 914
f 916 918 915
f 1850 8951 1851
f 921 895 894
f 1479 1436 1478
f 926 667 601
f 1481 563 1480
f 269 84 1482
f 931 933 916
f 934 614 869
f 936 688 937
f 938 662 939
f 1484 122 123
f 941 835 834
f 320 509 510
f 1849 8949 1850
f 84 1484 83
f 1487 1488 539
f 1757 8946 8953
f 365 1491 364
f 461 80 511
f 117 362 1496
f 1494 541 1495
f 926 957 958
f 1477 1433 1476
f 1709 1585 1700
f 119 1496 345
f 271 504 156
f 511 189 186
f 345 1492 365
f 255 344 254
f 57 299 132
f 1501 268 1500
f 267 1499 145
f 974 976 977
f 1678 1693 1676
f 9298 1807 9292
f 557 663 558
f 983 984 985
f 1443 9301 9300
f 421 268 265
f 989 991 988
f 1490 418 1504
f 279 309 310
f 997 676 679
f 998 999 875
f 1504 38 1505
f 1506 1507 1486
f 360 1508 1506
f 1506 207 360
f 939 1006 938
f 270 1483 269
f 66 546 512
f 1010 793 935
f 367 437 1509
f 244 363 243
f 1670 8978 1669
f 209 1510 226
f 235 1512 1511
f 1511 234 235
f 388 426 425
f 427 250 237
f 161 521 231
f 100 45 44
f 1025 608 1027
f 1029 1031 1028
f 939 1033 1032
f 41 594 99
f 1036 783 1037
f 702 1038 1039
f 1040 1042 1043
f 362 369 1493
f 187 477 186
f 70 539 198
f 1511 1521 234
f 1049 603 1048
f 613 869 614
f 860 1051 857
f 1005 1053 1006
f 753 1056 1054
f 1057 1059 1055
f 293 1522 292
f 288 1521 1522
f 292 1523 329
f 331 1508 1524
f 306 453 305
f 100 41 99
f 462 78 79
f 330 1524 462
f 635 1068 636
f 1485 1526 1528
f 206 1528 1510
f 1070 1072 831
f 942 1073 1074
f 916 1075 917
f 440 1530 439
f 157 1514 285
f 1529 5 1530
f 371 546 63
f 790 663 791
f 1077 857 1078
f 1403 1435 1165
f 1080 1082 1079
f 531 1529 440
f 21 1084 1085
f 272 1531 561
f 137 396 397
f 690 802 691
f 335 9011 581
f 1090 1029 1091
f 1092 794 1042
f 1533 137 138
f 661 1095 1096
f 69 445 72
f 1099 1101 1098
f 38 1536 1505
f 1104 1106 1103
f 852 1108 853
f 1377 909 1386
f 291 411 294
f 316 516 33
f 539 1533 534
f 1505 316 313
f 1110 1112 1113
f 1539 460 264
f 522 1537 1539
f 834 1120 1119
f 1122 1124 1121
f 612 1041 901
f 935 615 614
f 276 130 131
f 1686 8966 1685
f 193 1541 273
f 231 1540 287
f 556 982 557
f 365 85 345
f 190 318 1541
f 1810 9018 8972
f 9376 8956 9243
f 1132 985 1131
f 208 102 132
f 1134 662 661
f 1491 80 77
f 429 1542 147
f 1137 915 918
f 172 428 174
f 1139 1141 1142
f 549 54 55
f 1517 1518 296
f 976 1146 938
f 834 984 941
f 1543 286 115
f 1544 239 513
f 133 1544 1542
f 506 257 258
f 420 328 401
f 1158 1160 1157
f 587 1103 588
f 1513 1514 151
f 607 1027 608
f 304 1545 303
f 364 77 506
f 69 198 139
f 1006 976 938
f 700 1112 701
f 9329 8969 9239
f 1166 657 656
f 1167 858 1077
f 1300 8968 1299
f 1172 1174 1175
f 218 200 217
f 1179 1181 1178
f 372 97 98
f 89 227 88
f 1186 1188 1189
f 172 1517 1549
f 1482 81 1498
f 1090 1193 1030
f 394 353 1551
f 526 1198 1197
f 811 858 812
f 1199 1026 1025
f 606 697 696
f 1204 1206 743
f 1207 523 526
f 1209 867 613
f 914 685 936
f 1478 1441 1477
f 1029 1161 1091
f 1211 1213 1214
f 9310 1451 9311
f 844 1216 845
f 423 273 274
f 1220 1222 1083
f 22 1224 23
f 882 897 881
f 1519 173 387
f 1189 1232 1178
f 349 550 416
f 1071 1236 1072
f 1237 1239 745
f 1221 1189 1240
f 1510 1512 333
f 939 1241 1005
f 1556 5 67
f 1553 394 1551
f 404 67 347
f 1247 1249 1246
f 142 238 92
f 1251 635 1250
f 850 1253 851
f 1254 1077 1255
f 57 133 429
f 443 552 551
f 1187 1175 1188
f 1256 831 833
f 432 382 383
f 741 747 746
f 434 351 415
f 349 383 348
f 251 1481 1480
f 395 352 353
f 1518 1550 1551
f 1558 378 340
f 109 314 315
f 285 1513 407
f 395 393 392
f 202 410 1558
f 417 405 432
f 1246 1258 1247
f 3 297 2
f 1259 1261 1262
f 403 347 284
f 955 953 952
f 462 51 330
f 1096 687 1263
f 429 60 57
f 896 1265 932
f 1267 1268 1266
f 423 327 420
f 37 180 40
f 20 1187 1186
f 1256 1071 1070
f 155 156 504
f 1188 1269 1232
f 1236 1271 1262
f 1272 535 621
f 565 463 464
f 1273 745 1239
f 876 1255 1274
f 316 164 315
f 437 503 1509
f 194 1495 197
f 1275 864 863
f 624 631 630
f 1277 1137 1278
f 569 567 566
f 1481 125 366
f 324 547 326
f 1279 1107 1280
f 1525 329 1523
f 1281 1137 918
f 171 1553 1552
f 1488 396 1533
f 1557 1562 1559
f 1282 1206 1205
f 1053 1278 1281
f 778 607 1283
f 713 9010 9013
f 251 144 124
f 4 348 383
f 709 707 706
f 728 45 246
f 261 1563 544
f 789 1287 790
f 74 263 282
f 403 385 434
f 1178 1240 1189
f 1223 1289 1224
f 158 150 151
f 1220 1186 1221
f 296 354 433
f 784 1538 1566
f 1181 1291 1222
f 1269 1257 1246
f 1566 438 399
f 136 1566 1564
f 1563 169 1565
f 107 109 108
f 1297 1298 1296
f 1464 1476 1461
f 1520 507 508
f 1301 1303 1304
f 1306 1308 1305
f 175 1532 272
f 1532 200 201
f 1311 1312 1313
f 872 1315 1316
f 1317 1318 1319
f 9288 878 9280
f 1305 864 1276
f 1040 863 1320
f 1564 399 169
f 592 1575 591
f 591 1088 689
f 1581 1583 1582
f 1196 1147 1176
f 710 583 713
f 285 408 386
f 953 961 963
f 1594 1589 1593
f 1585 1587 1586
f 1592 1590 1589
f 9337 944 9351
f 1600 1598 1597
f 1604 1602 1601
f 1399 979 980
f 1589 1596 1595
f 1610 1608 1607
f 298 361 360
f 551 276 277
f 1627 9266 9271
f 859 818 860
f 1078 1328 1329
f 1555 1530 1556
f 572 680 681
f 772 776 774
f 977 918 917
f 404 392 393
f 1054 750 753
f 1644 1643 1642
f 932 1082 933
f 1067 1334 1068
f 1540 264 114
f 597 643 1336
f 471 762 470
f 1642 9283 9294
f 1644 9294 9295
f 923 950 927
f 96 548 95
f 520 522 521
f 445 443 442
f 849 848 842
f 480 755 493
f 1646 481 1639
f 311 1567 170
f 464 8941 8939
f 8941 1361 8939
f 234 236 235
f 190 192 191
f 153 152 149
f 231 286 230
f 1552 1551 1550
f 760 1648 488
f 9284 1649 9282
f 828 826 825
f 52 166 165
f 1663 1661 1660
f 287 115 286
f 668 670 669
f 634 640 639
f 553 559 554
f 118 33 516
f 492 491 490
f 8996 1651 8997
f 582 584 583
f 384 392 415
f 1381 1383 1380
f 1562 435 436
f 952 951 947
f 8973 583 584
f 1660 1667 1666
f 1394 1396 1393
f 1660 1664 1663
f 1671 1669 1668
f 1624 1673 1672
f 1407 1409 1410
f 1677 1675 1674
f 1613 1677 1625
f 1679 1676 1677
f 1626 9263 9266
f 534 198 539
f 176 150 159
f 803 734 800
f 400 191 192
f 65 143 144
f 8970 1656 8984
f 402 157 283
f 629 627 626
f 461 49 50
f 758 495 756
f 796 786 785
f 406 1513 1560
f 342 166 167
f 1694 1658 1695
f 1692 1694 1696
f 9001 1652 8996
f 9373 1703 9375
f 326 302 90
f 9368 1702 1706
f 9371 1698 1701
f 1699 9379 9370
f 1557 1560 1561
f 1127 1117 1128
f 400 289 346
f 1706 1707 1708
f 1707 1599 1600
f 1709 1708 1588
f 1714 1711 1713
f 9371 1709 1700
f 1704 1577 1703
f 1716 1713 1715
f 1559 1549 297
f 1722 1720 1719
f 1335 596 1489
f 410 377 378
f 973 1163 972
f 168 399 398
f 1571 1089 1093
f 1572 682 1571
f 749 647 754
f 1730 1723 1729
f 1594 1729 1592
f 1729 1591 1592
f 1731 1730 1583
f 1384 1377 1379
f 1732 1712 1714
f 1724 1731 1732
f 1712 1731 1580
f 1722 1732 1733
f 1721 1733 1734
f 1734 1716 1717
f 1735 1736 1697
f 1733 1714 1716
f 1663 1741 1668
f 1742 1740 1743
f 1738 1737 1735
f 1665 1666 1740
f 1665 1744 1664
f 1725 1746 1745
f 1591 1745 1590
f 1590 1747 1596
f 1745 1748 1747
f 1659 8982 8986
f 5650 8989 5617
f 1185 1182 1190
f 1664 1749 1741
f 1741 1739 1738
f 1746 1743 1748
f 1726 1742 1746
f 1153 924 925
f 1115 1153 1154
f 1654 9019 1655
f 1896 8993 1686
f 1720 1744 1726
f 1721 1749 1720
f 1750 1701 1698
f 1697 1750 1696
f 1151 1063 1062
f 1751 1670 1671
f 1695 1752 1751
f 961 986 981
f 1770 1768 1767
f 1766 1593 1765
f 1731 1579 1580
f 1579 1774 1578
f 9380 1771 9381
f 1764 9380 9369
f 1777 1775 1774
f 9214 1699 1700
f 1004 1128 1003
f 1774 1771 1772
f 987 1399 980
f 1578 1772 1764
f 1783 1781 1778
f 1597 1770 1767
f 639 9347 9336
f 9380 1769 1770
f 1793 1789 1788
f 9381 1798 1769
f 8952 9225 1806
f 1802 9376 9374
f 1788 1794 1793
f 1793 1795 1776
f 9225 1675 1806
f 1584 1783 1789
f 1771 9372 9381
f 1801 1798 1800
f 1768 1798 1799
f 1775 1797 1771
f 508 515 1520
f 1796 1802 1797
f 1800 9372 9374
f 1794 1804 1795
f 8976 1752 8991
f 485 1807 775
f 9261 1640 768
f 9289 1810 1653
f 485 1640 1808
f 1690 9222 9224
f 487 1648 1811
f 9291 1816 9274
f 9290 1648 9282
f 9291 1811 9290
f 1812 487 1811
f 1641 767 768
f 465 755 776
f 767 9275 9260
f 9274 9278 9299
f 1809 1815 767
f 9289 1651 9292
f 675 8985 8940
f 1814 1822 1821
f 1821 9273 9272
f 1824 1649 1825
f 1827 1850 1805
f 1668 1662 1663
f 1779 1848 1828
f 1790 1805 1794
f 1833 1853 1852
f 8965 693 575
f 1614 1616 1617
f 1852 8942 8945
f 1620 1622 1623
f 1855 1574 1861
f 1847 8945 8957
f 1766 1855 1782
f 1629 1631 1628
f 1633 1634 1632
f 1635 1637 1638
f 1848 1852 1847
f 1855 1863 1862
f 1803 1867 1802
f 1862 1831 1832
f 1782 1862 1781
f 9374 1865 1800
f 1873 1870 1869
f 1874 799 804
f 2045 9349 2044
f 1219 1295 1225
f 1615 1396 1395
f 9336 1877 1876
f 645 9238 9003
f 1345 1035 1346
f 634 9336 9332
f 15 1327 14
f 9362 1878 1893
f 1894 605 1893
f 8950 627 693
f 9004 645 9003
f 340 454 1558
f 1897 195 1898
f 1889 1877 1890
f 1901 129 1900
f 196 754 232
f 1705 9373 9368
f 340 166 343
f 1570 563 561
f 1904 194 1897
f 1781 1832 1780
f 1905 55 1906
f 1000 995 996
f 986 920 987
f 1191 1190 1194
f 2094 2075 2093
f 1920 1919 1915
f 453 1912 1911
f 1915 1918 1916
f 9334 2106 9353
f 1655 8975 1868
f 1916 1926 1925
f 704 9005 703
f 278 1925 1900
f 9009 1818 1820
f 1097 1115 1114
f 1927 727 1923
f 9030 9106 9210
f 1920 307 1929
f 1929 48 728
f 503 1497 1509
f 1902 787 796
f 1816 9272 9278
f 1925 1923 1924
f 1535 1568 1534
f 254 258 255
f 1509 366 367
f 119 35 36
f 219 293 294
f 141 47 431
f 542 244 245
f 1940 430 431
f 1779 1827 1790
f 1701 9367 9371
f 1661 8959 1667
f 270 754 647
f 197 749 196
f 1727 1212 1211
f 53 232 754
f 1465 1479 1478
f 1284 9306 1293
f 1951 412 413
f 168 1554 1553
f 1486 206 207
f 506 78 361
f 994 1007 993
f 951 963 964
f 1013 9313 1351
f 9278 1820 1818
f 1498 1954 1482
f 299 543 132
f 1754 1756 1753
f 1681 1683 1682
f 1696 1695 1697
f 13 738 737
f 473 475 474
f 482 768 1640
f 204 30 205
f 1761 820 819
f 611 1125 612
f 1501 1908 1909
f 1074 711 699
f 1960 82 83
f 120 1960 123
f 35 87 34
f 1773 1025 1031
f 1965 1569 1535
f 494 471 479
f 1966 1969 1968
f 446 1971 1967
f 174 125 126
f 1580 1578 1577
f 1785 1787 1784
f 1972 304 305
f 1254 875 999
f 1973 342 514
f 321 1973 509
f 1910 275 1907
f 509 514 508
f 1486 1527 1485
f 1974 804 1975
f 1977 1974 1978
f 1980 1966 1981
f 379 2 295
f 1718 1710 1701
f 884 992 883
f 1680 1678 1679
f 902 525 524
f 344 256 299
f 135 137 136
f 236 228 333
f 448 1967 1966
f 589 604 584
f 910 908 907
f 1981 1968 1987
f 1982 1987 1979
f 1988 1987 1989
f 1990 1989 1991
f 1991 1993 1992
f 322 320 319
f 992 830 883
f 1144 1086 1143
f 1995 1978 1994
f 1133 1118 1126
f 1997 1994 1996
f 870 1335 1489
f 805 1982 1998
f 727 2000 1999
f 1996 1988 1990
f 1994 1979 1988
f 1829 792 1273
f 1830 941 983
f 798 800 799
f 729 731 730
f 2011 2023 2022
f 1834 846 1159
f 402 284 347
f 2022 2024 2025
f 1838 989 988
f 810 952 809
f 1823 1840 644
f 1430 1432 1431
f 1215 1841 1079
f 149 176 177
f 1316 873 872
f 2112 1384 2106
f 1842 1844 1845
f 1159 845 1160
f 837 1846 1120
f 1971 2030 2027
f 517 370 189
f 858 833 812
f 1471 2027 1888
f 8995 626 627
f 2174 770 490
f 935 1854 1010
f 1613 1611 1618
f 1231 1225 1295
f 1856 891 892
f 1300 748 741
f 1150 1858 1859
f 1643 696 1642
f 1215 1264 1216
f 1320 902 901
f 1956 1944 1960
f 2031 669 1474
f 2034 1310 1299
f 1879 1656 1657
f 40 242 39
f 1992 2039 1456
f 888 957 889
f 1882 1996 1990
f 1078 1255 1077
f 1871 1192 1090
f 294 218 219
f 1323 2026 1471
f 123 83 1484
f 1324 2041 1323
f 384 359 352
f 1324 2038 2036
f 1883 1885 1829
f 287 114 107
f 1096 1134 661
f 915 931 916
f 806 1981 1982
f 8977 584 604
f 1425 2042 1018
f 1018 1948 1017
f 9006 740 8963
f 1948 649 646
f 1881 1990 1991
f 1900 130 278
f 992 994 993
f 923 925 924
f 9330 2047 9328
f 1643 625 606
f 2050 2051 2049
f 2045 1404 2047
f 9328 945 9337
f 1139 1079 1841
f 1037 892 982
f 2055 2057 2056
f 1198 718 717
f 1619 1612 1611
f 2058 1606 2059
f 2059 1607 2058
f 2058 1624 1605
f 71 179 37
f 405 1557 382
f 976 1006 977
f 322 1972 1911
f 2061 2063 2062
f 2066 2067 1825
f 2052 2064 2051
f 1609 2066 1647
f 1515 152 1516
f 1009 993 1007
f 1644 9267 2118
f 279 1916 278
f 1285 9314 1284
f 1647 1825 1649
f 2056 2067 2065
f 319 1953 1952
f 667 1913 1914
f 2070 625 2048
f 2052 2055 2063
f 2038 1655 1458
f 1606 2073 2072
f 1235 1270 1236
f 2072 2075 2074
f 2059 2072 2062
f 2074 2077 2076
f 1601 2078 2073
f 2049 1643 1645
f 1000 1001 994
f 1089 684 689
f 1931 1306 1930
f 1462 1021 1022
f 1932 1934 1935
f 875 1846 998
f 1936 1937 1938
f 44 46 92
f 1534 1956 120
f 1541 317 391
f 2081 2084 2083
f 146 1959 300
f 1360 1942 1361
f 985 1032 1033
f 1995 1892 2043
f 2079 2082 2081
f 2095 2076 2077
f 2081 2078 2079
f 2055 2054 2053
f 501 2095 500
f 2097 2099 2098
f 2098 2094 2083
f 2140 9345 9318
f 2141 9346 9345
f 2051 2048 2049
f 592 2101 1576
f 2071 2076 2096
f 2102 2098 2101
f 593 2102 592
f 1019 746 747
f 1950 12 1327
f 725 2096 501
f 1385 2104 1379
f 1379 2106 1384
f 2107 2100 2097
f 9360 502 9348
f 9348 499 9353
f 940 2109 944
f 928 1170 973
f 9320 684 9351
f 1962 1964 1961
f 9330 573 9349
f 2039 1968 1969
f 1389 2110 2109
f 1398 2113 1397
f 9209 9205 9195
f 9363 2107 2103
f 949 924 1115
f 260 324 326
f 1390 2113 2110
f 2070 2064 2071
f 9319 2103 593
f 2105 1421 2114
f 2114 1423 2115
f 9344 2115 9355
f 9360 2114 9344
f 554 1902 553
f 972 967 966
f 1765 1573 1574
f 1984 1986 1983
f 2053 2069 2057
f 9017 724 714
f 1625 1674 1673
f 9333 2119 2122
f 9355 2123 9356
f 56 1906 55
f 626 9331 629
f 2001 2003 2004
f 9364 2127 9359
f 2006 2008 2009
f 2127 1412 2128
f 2014 2016 2017
f 2018 2020 2021
f 1495 1947 197
f 1379 1386 1385
f 9266 1680 1618
f 2029 1884 2028
f 9354 2120 9339
f 629 9366 9324
f 682 943 1089
f 724 2121 716
f 1757 9273 9297
f 765 9296 9261
f 9303 715 9304
f 706 9322 9324
f 981 987 980
f 1457 1656 1880
f 2017 2032 2033
f 1458 1868 1457
f 1776 1792 1793
f 1959 1946 1958
f 9115 9177 9113
f 9365 2122 9302
f 1093 689 1088
f 966 968 972
f 9304 9333 9365
f 2172 2170 2171
f 670 2137 669
f 9213 1903 233
f 1429 28 1449
f 964 978 971
f 9293 1413 2127
f 1473 669 2137
f 9286 1359 1358
f 2138 1870 2137
f 1872 2137 1870
f 715 9340 9333
f 1881 1992 1880
f 9295 739 740
f 1837 8957 8958
f 253 59 85
f 1808 9292 1807
f 1647 9270 1609
f 9317 671 668
f 2112 9335 2111
f 1405 2044 1438
f 9281 1364 1366
f 273 391 249
f 576 8964 8999
f 9327 668 2031
f 1430 2140 2139
f 2136 9312 28
f 1430 18 19
f 9345 570 695
f 1442 2046 2141
f 1431 2141 2140
f 9321 9302 2136
f 9260 1817 766
f 9318 695 671
f 2142 798 2138
f 571 2142 694
f 9271 1618 1611
f 2143 2025 2142
f 694 2138 670
f 681 2144 572
f 2144 2022 2143
f 328 457 290
f 1572 2011 2144
f 630 9355 624
f 2085 2087 2088
f 2090 2092 2089
f 572 2143 571
f 1875 2153 2149
f 1873 2149 2154
f 2103 2097 2102
f 2157 2155 2156
f 2128 1414 2120
f 9326 589 582
f 9324 628 629
f 2149 2158 2159
f 2159 9357 9342
f 698 9354 705
f 9275 9279 1817
f 2158 9326 9357
f 1438 2046 1439
f 2035 2160 2161
f 2161 9341 9338
f 9323 605 589
f 9325 18 9327
f 370 61 451
f 649 413 648
f 2153 2156 2158
f 1428 1449 1450
f 1490 73 1488
f 9342 710 633
f 2155 9343 9323
f 1456 1880 1992
f 2125 2087 2124
f 2160 9342 9341
f 300 505 323
f 1064 1046 1065
f 2043 1891 2155
f 2129 2004 2003
f 2131 2133 2134
f 9300 1450 1449
f 1998 804 805
f 9331 9316 9366
f 474 490 770
f 1164 1182 1177
f 707 9361 9322
f 708 2162 707
f 2162 9338 9361
f 548 1905 458
f 1145 1114 1171
f 705 1650 704
f 2043 1977 1995
f 737 554 559
f 1034 1191 1023
f 458 1907 275
f 195 232 233
f 2040 1969 1970
f 2145 2147 2148
f 2054 2049 1645
f 9284 1639 9270
f 9 11 10
f 252 506 258
f 472 479 471
f 1865 9243 8947
f 900 910 907
f 1941 2151 1942
f 1921 1927 1919
f 2163 1898 2116
f 271 153 178
f 1904 12 9
f 282 264 460
f 1872 2154 2035
f 1326 1897 2163
f 628 693 627
f 1724 1719 1723
f 1549 436 172
f 1582 1730 1729
f 1921 1929 1928
f 9007 10 11
f 2152 1950 1949
f 475 774 771
f 769 2171 473
f 2171 476 473
f 476 772 475
f 1791 464 1760
f 2166 2168 2169
f 595 372 98
f 483 1641 482
f 762 2173 470
f 771 484 492
f 486 1809 483
f 297 1517 296
f 763 2174 762
f 776 759 489
f 184 2176 2000
f 412 303 414
f 2005 185 224
f 9263 1682 9298
f 2164 756 764
f 1472 2161 2162
f 950 964 965
f 2177 2179 2180
f 227 1510 333
f 764 467 2164
f 2182 2184 2181
f 2186 2018 2185
f 1985 2181 1986
f 214 729 1531
f 1545 1546 1569
f 865 842 866
f 849 1357 1362
f 452 1558 454
f 559 3188 737
f 16 737 3188
f 560 498 374
f 3193 3195 3194
f 3200 3198 3199
f 3211 3213 3212
f 3215 3217 3216
f 2187 2002 2001
f 3233 3235 3234
f 3223 3222 3224
f 3229 3231 3230
f 3245 3247 3246
f 2169 2189 2190
f 2192 2085 2191
f 2193 2195 2196
f 2198 2200 2197
f 1998 1979 1975
f 9116 9120 9123
f 3253 3255 3254
f 2116 1903 1902
f 1859 2009 1150
f 9356 2126 9358
f 1135 1087 1130
f 2201 2015 2014
f 1149 110 1858
f 3261 3263 3262
f 3269 3271 3270
f 3265 3267 3266
f 3229 3284 3283
f 3289 3291 3290
f 3299 3301 3300
f 3307 3264 3308
f 3293 3295 3294
f 3297 3224 3298
f 3319 3291 3320
f 3322 3318 3315
f 3314 3312 3311
f 3285 3287 3286
f 3332 3218 3215
f 3329 3330 3328
f 3324 3227 3298
f 3298 3326 3324
f 2203 2205 2206
f 579 1895 1019
f 1755 2208 1756
f 3337 3339 3338
f 9343 1893 605
f 1211 2150 1727
f 868 2210 2209
f 3347 3349 3348
f 944 930 940
f 2130 2202 2201
f 233 1898 195
f 665 750 666
f 1167 999 618
f 2211 2213 2214
f 2215 2217 2218
f 9319 590 9320
f 2220 220 2219
f 823 948 1094
f 3375 3377 3376
f 3393 3391 3390
f 3353 3357 3356
f 3363 3365 3364
f 3402 3404 3403
f 266 455 265
f 9334 2107 9335
f 2221 8963 8961
f 2223 2225 2226
f 2207 2124 2208
f 3293 3336 3286
f 673 9321 9316
f 817 996 815
f 2227 2146 2145
f 1947 646 749
f 9352 17 9325
f 2229 1638 1381
f 1679 1618 1680
f 1637 2232 2230
f 2233 1617 1616
f 2231 2236 2237
f 3406 3408 3407
f 1381 2238 1382
f 9038 2242 9039
f 3414 3341 3415
f 1630 2233 1631
f 1681 472 469
f 1408 2243 2244
f 3423 3425 3424
f 3433 3263 3307
f 3434 3430 3435
f 3440 3442 3441
f 3444 3446 3445
f 3436 3450 3439
f 3442 3456 3455
f 1637 2238 1638
f 3445 3437 3438
f 3448 3440 3449
f 1409 1634 2245
f 1380 2247 2246
f 1628 2245 1621
f 3463 3465 3464
f 3308 3462 3307
f 2249 1622 1633
f 1632 1408 2244
f 2248 1631 2250
f 3478 3480 3479
f 3509 3511 3510
f 2235 1637 1636
f 3505 3507 3506
f 3457 3199 3198
f 631 2071 725
f 515 52 49
f 782 2251 1251
f 2253 2255 2252
f 397 459 784
f 1456 2040 1455
f 2040 2036 1455
f 3434 3518 3517
f 1401 2111 1398
f 2041 1970 2026
f 3367 3338 3368
f 1535 414 1965
f 1586 2080 2079
f 2256 1132 1886
f 3528 3530 3529
f 3519 3520 3517
f 3537 3506 3538
f 3543 3545 3544
f 1700 9370 9371
f 3486 3550 3549
f 3455 3497 3563
f 3558 3559 3323
f 3456 3500 3497
f 3572 3252 3249
f 3308 3285 3569
f 3316 3574 3573
f 3575 3479 3533
f 3576 3578 3577
f 3580 3582 3581
f 3584 3586 3585
f 3505 3588 3503
f 3589 3591 3590
f 3600 3602 3601
f 3542 3595 3594
f 3604 3592 3589
f 3611 3613 3612
f 3622 3624 3623
f 3618 3620 3619
f 3626 3628 3627
f 3644 3646 3645
f 3634 3636 3635
f 3638 3641 3640
f 9267 1686 9269
f 1263 1886 1096
f 3613 3654 3614
f 598 844 599
f 2257 2259 2260
f 2258 2262 2259
f 2259 2263 2216
f 2260 2216 2215
f 1967 1970 1969
f 2212 1963 2213
f 922 2218 2217
f 1312 1101 2264
f 1307 1286 789
f 1548 1546 1972
f 2266 2268 2265
f 2265 2270 2269
f 2272 2269 2271
f 2273 2265 2272
f 2275 2277 2274
f 2278 2277 2279
f 2284 9069 9091
f 2287 2286 2281
f 2288 2283 2287
f 2290 9091 9072
f 2291 2293 2294
f 2295 2294 2279
f 2296 2291 2295
f 2297 2292 2291
f 2294 2299 2300
f 2279 2300 2278
f 2298 2302 2292
f 2292 2303 2293
f 2293 2304 2299
f 2304 2306 2299
f 2306 2300 2299
f 2308 2310 2307
f 2302 2310 2303
f 2301 2307 2302
f 2312 2307 2311
f 2313 2315 2316
f 2318 2320 2317
f 9200 2322 2323
f 2324 2273 2326
f 2313 2326 2327
f 2328 2313 2316
f 2329 2324 2328
f 2331 2333 2330
f 2330 2267 2266
f 2325 2266 2273
f 2329 2330 2325
f 2333 2335 2267
f 2336 2333 2332
f 2338 2332 2337
f 2331 2337 2332
f 2329 2339 2331
f 2328 2340 2329
f 2316 2341 2328
f 2342 2315 2343
f 2344 2346 2347
f 2341 2347 2340
f 2342 2344 2341
f 2348 2345 2344
f 2350 2352 2353
f 2339 2353 2337
f 2340 2350 2339
f 2347 2351 2350
f 2337 2354 2338
f 2353 2355 2354
f 2356 2276 2357
f 2356 2358 2359
f 2356 2296 2295
f 2279 2356 2295
f 2360 2270 2268
f 2267 2360 2268
f 2362 2364 2365
f 2362 2361 2358
f 2366 2358 2357
f 2366 2363 2362
f 2357 2368 2366
f 2366 2369 2367
f 2276 2370 2368
f 2368 2282 2369
f 2372 2374 2371
f 2375 2377 2007
f 2378 2380 2381
f 2382 2381 2383
f 2384 2378 2382
f 2385 2379 2378
f 2388 2390 2387
f 2387 2392 2391
f 2393 2387 2391
f 2394 2388 2387
f 2186 2402 2400
f 2403 2327 2326
f 2272 2326 2273
f 2271 2403 2272
f 2405 2404 2403
f 2404 2408 2327
f 2409 2411 2412
f 2409 2271 2269
f 2413 2269 2270
f 2413 2410 2409
f 2417 2416 2418
f 2417 2406 2405
f 2412 2405 2271
f 2411 2417 2412
f 2406 2407 2404
f 9013 632 713
f 2420 2397 2421
f 2420 2423 2422
f 2424 2422 2419
f 2424 2398 2420
f 2425 2392 2426
f 2421 2426 2423
f 2397 2425 2421
f 2396 2391 2425
f 2427 2315 2314
f 2427 2408 2428
f 2430 2428 2429
f 2343 2427 2430
f 2432 2430 2431
f 2431 2429 2433
f 2435 2433 2434
f 2436 2431 2435
f 2428 2407 2437
f 2422 2407 2419
f 2438 2422 2423
f 2429 2437 2438
f 2440 2433 2439
f 2441 2433 2429
f 2442 2439 2441
f 2443 2440 2439
f 2445 2444 2443
f 2447 2443 2442
f 2383 2445 2447
f 2381 2446 2445
f 2448 2423 2426
f 2449 2426 2392
f 2441 2449 2442
f 2441 2438 2448
f 2449 2390 2450
f 2450 2389 2451
f 2447 2451 2383
f 2442 2450 2447
f 2451 2453 2452
f 2452 2455 2454
f 2382 2454 2384
f 2383 2452 2382
f 2456 2373 2372
f 2459 2461 2458
f 2463 2465 2462
f 2462 2285 2284
f 2466 2284 2290
f 2467 2462 2466
f 2461 9155 9153
f 2468 2470 2471
f 2472 2471 2473
f 2474 9153 9140
f 2475 2477 2478
f 2458 2453 2479
f 2479 2389 2388
f 2395 2479 2388
f 2480 2458 2479
f 2481 2483 2478
f 2484 2485 221
f 2471 2464 2463
f 2473 2463 2467
f 2487 2466 2486
f 2486 2290 2488
f 2490 2488 2489
f 2491 2486 2490
f 2492 2467 2487
f 2493 2487 2491
f 2494 2492 2493
f 2495 2473 2492
f 9142 2474 9140
f 9143 2496 9142
f 2498 2493 2499
f 2500 2499 2501
f 9152 2498 2500
f 9139 2494 2498
f 2306 2278 2300
f 2305 2504 2306
f 2504 2507 2506
f 2506 2288 2508
f 2274 2508 2275
f 2278 2506 2274
f 9085 2489 2488
f 9072 2488 2290
f 2507 2289 2288
f 2505 2509 2507
f 2508 2287 2511
f 2511 2281 2280
f 2370 2280 2282
f 2275 2511 2370
f 2512 2489 2513
f 2514 2513 2515
f 2517 2514 2516
f 2517 2490 2512
f 2499 2491 2517
f 2499 2516 2501
f 2510 2519 2518
f 2518 2521 2520
f 9068 2520 9073
f 9084 2518 9068
f 2522 2303 2310
f 2523 2310 2309
f 2305 2522 2524
f 2524 2523 2525
f 2519 2525 2521
f 2505 2524 2519
f 2308 2527 2526
f 2526 2529 2528
f 2531 2528 2530
f 2309 2526 2531
f 1214 2151 1211
f 2419 2418 2424
f 2533 2349 2317
f 2534 2317 2320
f 2535 2533 2534
f 2536 2345 2533
f 2537 2346 2536
f 2538 2536 2535
f 2539 2537 2538
f 2540 2351 2537
f 2312 2541 2527
f 2527 2542 2529
f 2543 2434 2544
f 2545 2544 2546
f 2319 2543 2545
f 2318 2435 2543
f 2514 2548 2547
f 2547 2550 2549
f 2552 2549 2551
f 2552 2514 2547
f 2520 2554 2553
f 2553 2556 2555
f 9042 2555 9045
f 9073 2553 9042
f 2523 2531 2557
f 2557 2530 2558
f 2525 2557 2559
f 2559 2558 2560
f 2554 2560 2556
f 2521 2559 2554
f 2561 2007 2006
f 2376 2225 2377
f 2564 2566 2563
f 2563 338 2567
f 2569 2567 2568
f 2570 2563 2569
f 2572 2574 2571
f 2571 2576 2575
f 2544 2575 2546
f 2544 2572 2571
f 2578 2569 2577
f 2579 2569 2568
f 2574 2579 2576
f 2573 2577 2574
f 2581 2583 2580
f 2584 2583 2585
f 9149 2580 2584
f 9128 2580 9127
f 2582 2552 2583
f 2583 2551 2585
f 2500 2589 2588
f 2590 2589 2591
f 9145 2588 2590
f 9147 2500 2588
f 2501 2591 2589
f 2592 2594 2595
f 2386 2503 2502
f 2596 2386 2374
f 2596 2373 2597
f 2599 2597 2598
f 2599 2379 2596
f 2600 2380 2599
f 2600 2598 2601
f 2603 2601 2602
f 2603 2446 2600
f 2604 2602 2605
f 2440 2605 2434
f 2444 2604 2440
f 2606 2581 2607
f 2606 2590 2591
f 2591 2582 2606
f 9128 2456 9141
f 9141 2372 9145
f 2478 2608 2481
f 2609 2611 2199
f 2564 2613 2612
f 2612 2598 2597
f 2457 2597 2373
f 2565 2612 2457
f 2614 2570 2578
f 2615 2578 2573
f 2602 2614 2615
f 2601 2613 2614
f 2572 2605 2616
f 2616 2602 2615
f 2573 2616 2615
f 1459 1045 1021
f 1265 1079 1082
f 1612 1609 1611
f 2067 2069 2068
f 1135 1136 1148
f 1938 2618 2617
f 95 458 128
f 2058 1608 1612
f 1454 1445 1367
f 655 1048 2619
f 722 2621 723
f 3665 3634 3666
f 1131 1033 1134
f 562 366 1497
f 1723 1725 1591
f 1786 1122 1787
f 267 323 266
f 1325 1654 2038
f 1468 1435 1479
f 658 529 528
f 8 247 7
f 382 1559 3
f 3631 3680 3630
f 788 1307 789
f 940 929 928
f 911 2623 912
f 2621 655 654
f 2624 2625 2626
f 998 27 26
f 635 2626 2625
f 2627 644 1840
f 2628 1840 2629
f 1200 2627 2628
f 1199 641 2627
f 1520 49 477
f 1452 1349 1451
f 2630 1859 1858
f 644 1335 1823
f 3683 3699 3698
f 1197 717 2632
f 2632 719 1166
f 2628 1166 1200
f 2629 2632 2628
f 1762 1050 821
f 1823 873 1839
f 2634 794 652
f 1028 1027 1161
f 1042 2635 1043
f 93 1901 1924
f 2036 1458 1455
f 1527 1525 1526
f 877 1274 1277
f 134 797 1544
f 1328 931 1329
f 607 1091 1161
f 1043 2637 2636
f 2636 2639 2638
f 1275 2638 1276
f 1275 1043 2636
f 1272 2626 2640
f 2640 638 637
f 1110 2640 637
f 536 2640 2641
f 1472 1474 1473
f 2042 1951 649
f 3668 3633 3669
f 1058 1105 1059
f 2642 2643 2644
f 1192 2644 1193
f 912 2642 1192
f 9350 8970 9238
f 1049 2620 2621
f 616 1885 613
f 1331 666 750
f 990 1198 525
f 1911 321 322
f 1298 1205 2645
f 76 1504 75
f 1502 421 422
f 610 658 691
f 1146 659 938
f 2646 914 936
f 1280 1238 1279
f 975 2647 2648
f 2647 975 974
f 1453 1452 1451
f 1514 158 151
f 835 1843 1842
f 1271 1173 1289
f 2649 813 2650
f 1893 1826 1894
f 1050 1937 1051
f 2651 814 813
f 1006 1281 977
f 2653 2654 2655
f 1001 1003 1002
f 585 679 558
f 2624 621 620
f 555 2028 556
f 1207 1197 2629
f 1626 478 472
f 3729 3731 3730
f 3746 3748 3747
f 3770 3750 3753
f 426 419 1567
f 1030 1773 1031
f 9350 634 9332
f 534 138 262
f 1125 1042 1041
f 333 88 227
f 569 561 730
f 3691 3693 3692
f 1489 871 870
f 1857 620 891
f 1673 9222 9215
f 622 864 1308
f 2647 974 2657
f 619 891 620
f 261 545 262
f 393 1556 404
f 2658 2647 2657
f 1075 2657 917
f 1081 2658 1075
f 1080 2659 2658
f 2644 1141 2660
f 2660 1140 1336
f 642 1336 643
f 1193 2660 642
f 679 555 558
f 3762 3764 3763
f 1503 1500 1502
f 1318 1101 1100
f 2661 1139 1142
f 2661 2663 2662
f 2662 2659 2661
f 2662 2622 2664
f 2664 911 2646
f 2648 2646 1146
f 2648 2662 2664
f 3586 3779 3777
f 2083 2093 2081
f 1442 1437 1439
f 3732 3733 3731
f 519 330 51
f 1885 1209 613
f 799 805 804
f 1946 1952 1953
f 1302 1253 1252
f 3741 3757 3756
f 3660 3662 3661
f 566 224 533
f 1389 928 1388
f 683 681 680
f 836 1842 2665
f 2665 1845 1303
f 2666 1303 1302
f 24 2665 2666
f 831 2650 832
f 1845 1304 1303
f 2010 2012 2011
f 1051 2667 2668
f 1522 1511 1523
f 531 441 522
f 782 1251 1250
f 1250 2625 2669
f 2669 1857 1856
f 783 1856 1037
f 782 2669 783
f 720 2671 721
f 1055 1930 1056
f 1333 1251 2251
f 619 1308 1307
f 652 2619 2634
f 521 1539 1540
f 1838 537 2672
f 2672 536 2641
f 1113 2641 1110
f 1113 1838 2672
f 1016 1351 1045
f 9349 570 9346
f 226 104 101
f 9008 9279 1818
f 1036 1884 1883
f 2674 1304 2673
f 2673 1844 2675
f 1334 2675 1039
f 1333 2673 1334
f 2676 1039 2675
f 1843 2675 1844
f 942 2676 1843
f 1074 702 2676
f 811 859 858
f 752 1055 753
f 1200 656 1026
f 1120 874 2677
f 2677 877 1052
f 1241 1052 1005
f 1119 2677 1241
f 1560 151 1515
f 1208 611 523
f 215 736 214
f 1460 1462 1461
f 3717 3719 3718
f 1208 1839 873
f 854 1282 1297
f 3682 3696 3681
f 72 182 179
f 544 1565 512
f 217 456 457
f 3673 3781 3780
f 2047 930 945
f 1204 1937 2633
f 913 686 685
f 3705 3707 3706
f 840 1113 1112
f 1531 730 561
f 2678 1283 801
f 601 1914 602
f 1537 459 460
f 1819 8953 8971
f 991 862 538
f 2679 1073 1830
f 3776 3581 3582
f 2680 983 2256
f 779 2256 1263
f 778 2680 779
f 2678 1830 2680
f 180 245 40
f 1886 1131 1134
f 3766 3767 3749
f 1138 1274 1255
f 3777 3585 3586
f 1841 1140 1139
f 75 314 74
f 193 420 192
f 2681 1099 1098
f 3658 3587 3659
f 170 1565 169
f 349 417 432
f 1121 2684 2683
f 547 409 302
f 123 121 120
f 2643 1142 1141
f 1542 513 1543
f 899 907 919
f 1210 676 867
f 791 982 892
f 24 837 836
f 893 932 931
f 1860 863 862
f 535 862 861
f 3640 3683 3638
f 832 813 812
f 2650 813 832
f 1569 1547 1568
f 181 542 180
f 660 937 688
f 2013 568 2012
f 3781 3644 3782
f 887 2631 2630
f 1524 361 78
f 520 162 1529
f 2653 854 2685
f 1238 2655 2686
f 718 527 530
f 1492 518 1491
f 792 615 793
f 599 1835 596
f 290 456 175
f 312 1552 425
f 1248 1179 1249
f 153 177 178
f 1240 1222 1221
f 1257 1235 1071
f 1291 1083 1222
f 1052 1277 1053
f 743 2618 1204
f 444 430 443
f 23 1172 1187
f 2687 1180 1179
f 102 409 134
f 1283 610 801
f 373 650 651
f 1180 1084 1291
f 855 2655 1237
f 1173 1917 1174
f 2689 853 2688
f 2688 1108 1279
f 2686 1279 1238
f 2687 2688 2686
f 2691 1252 2690
f 2690 850 2689
f 1248 2689 2687
f 1248 2691 2690
f 2692 24 2666
f 2691 2666 1302
f 1247 2692 2691
f 1258 617 2692
f 394 1555 393
f 2693 1259 1223
f 1072 1262 1261
f 1257 1168 1258
f 398 1555 1554
f 871 1314 872
f 1178 1249 1179
f 1224 1173 1172
f 1010 2618 742
f 1175 1292 1269
f 2654 2686 2655
f 2694 1216 1264
f 71 1487 70
f 701 1111 1038
f 1072 2649 2650
f 1085 22 21
f 895 1264 896
f 1601 1605 1604
f 1259 1271 1289
f 21 1220 1083
f 988 538 537
f 3533 3535 3532
f 598 1336 1140
f 820 1762 821
f 1050 818 821
f 1298 1761 2652
f 1168 618 617
f 3629 3670 3628
f 858 1256 833
f 39 516 1536
f 2652 819 814
f 313 315 314
f 2026 1971 2027
f 2656 596 1835
f 814 818 811
f 2696 813 2649
f 1260 2649 1261
f 2693 2696 1260
f 2697 2651 2696
f 381 390 380
f 9270 1611 1609
f 1475 1428 1227
f 1292 1917 1235
f 1551 354 1518
f 1526 1523 1511
f 1593 1595 1573
f 1232 1246 1249
f 2695 1223 22
f 2698 1296 2697
f 2698 2693 2695
f 2685 2695 1085
f 2685 1297 2698
f 562 271 272
f 2652 1296 1298
f 1365 1364 1363
f 1958 1953 1957
f 585 2210 997
f 1561 1515 435
f 975 1146 976
f 347 68 346
f 1038 636 1068
f 2700 780 2699
f 2699 1036 1883
f 2701 1883 1829
f 851 2699 2701
f 2674 2251 2702
f 2702 781 2700
f 1253 2700 851
f 1301 2702 1253
f 1519 388 1550
f 1273 1280 2703
f 2703 1107 852
f 2701 852 851
f 1829 2703 2701
f 91 326 90
f 1784 2656 1785
f 2683 2705 2704
f 604 8943 8977
f 1669 8992 1662
f 2062 2060 2059
f 621 861 622
f 2023 732 2024
f 686 1263 687
f 857 2668 1328
f 883 882 879
f 3648 3650 3649
f 637 1111 1110
f 2668 893 1328
f 3692 3711 3691
f 2667 894 2668
f 1039 1068 1334
f 313 1504 1505
f 1911 305 453
f 1936 1964 2212
f 2707 2401 2183
f 2708 2183 2182
f 738 2116 554
f 3785 3709 3786
f 2349 2432 2436
f 2711 2020 2019
f 2400 2019 2186
f 2714 2716 2713
f 2717 2719 2720
f 2721 2723 2724
f 2726 2728 2725
f 2725 2730 2729
f 2731 2729 2709
f 2732 2725 2731
f 2734 2736 2733
f 2738 2740 2737
f 2737 2741 2742
f 2744 2746 2743
f 2745 2748 2747
f 2749 2747 2751
f 2753 2751 2752
f 2250 2246 2248
f 3417 3419 3418
f 2754 1614 2755
f 9050 2755 9061
f 9060 2747 9061
f 1617 2755 1614
f 2242 1620 2757
f 3429 3431 3430
f 2191 2760 2759
f 2761 2760 2762
f 9100 2761 9101
f 9075 2759 9100
f 3209 3354 3355
f 1395 2236 2235
f 1395 1636 1615
f 3741 3790 3740
f 1616 2229 2233
f 3410 3412 3411
f 1617 2763 2756
f 2756 9080 9060
f 2765 2234 1630
f 2766 9080 9074
f 3202 3458 3459
f 1516 435 1515
f 2768 8996 8997
f 1495 578 1424
f 2135 28 17
f 8970 2773 2774
f 1690 9378 9377
f 2778 2780 2777
f 2777 2781 2782
f 2784 2777 2783
f 8999 575 576
f 1494 9 540
f 8973 2015 9010
f 451 505 450
f 2786 2788 2785
f 2779 2785 2780
f 2789 2741 2740
f 2790 2752 2789
f 2792 2794 2791
f 2793 2796 2794
f 2796 2750 2749
f 2794 2749 2753
f 2798 1396 2754
f 9043 2754 9050
f 2798 2800 1393
f 9043 2799 2798
f 2797 2795 2801
f 2791 2753 2790
f 216 232 54
f 9256 2807 9255
f 9257 2804 9255
f 2769 9001 8996
f 183 184 97
f 2811 2775 2776
f 2804 2776 2805
f 2809 2811 2804
f 2812 2813 2814
f 9257 2816 9247
f 9248 2815 9247
f 9250 2820 2821
f 9245 2819 9250
f 2824 2735 2819
f 2823 2824 2819
f 2825 2826 2724
f 9245 2827 9244
f 9248 2826 9244
f 2713 2829 2828
f 2828 2831 2830
f 2822 2828 2830
f 2821 2713 2828
f 2832 2822 2830
f 2833 2830 2831
f 2834 2832 2833
f 2835 2827 2832
f 2837 2839 2836
f 2836 2841 2840
f 2842 2840 2727
f 2843 2836 2842
f 2840 2845 2844
f 2718 2845 2719
f 2730 2844 2718
f 2727 2844 2728
f 2846 2719 2845
f 2846 2841 2847
f 2829 2847 2831
f 2829 2716 2846
f 2847 2839 2848
f 2848 2838 2849
f 2833 2849 2834
f 2831 2848 2833
f 2850 2851 2852
f 2853 2852 2854
f 2783 2782 2855
f 2785 2853 2856
f 2780 2856 2781
f 2857 2855 2782
f 2859 2782 2781
f 2861 2842 2860
f 2860 2727 2726
f 2862 2726 2732
f 2863 2860 2862
f 2861 2858 2857
f 2843 2857 2859
f 2856 2854 2864
f 2781 2864 2859
f 2837 2859 2864
f 2838 2864 2854
f 2852 2834 2849
f 2854 2849 2838
f 2865 2818 2835
f 2851 2835 2834
f 2813 2815 2865
f 2814 2865 2851
f 2866 2814 2850
f 2788 2850 2853
f 2866 2787 2867
f 2812 2867 2775
f 1892 1890 1891
f 2720 2846 2870
f 298 256 257
f 2872 2713 2820
f 9246 2735 2734
f 2729 2874 2873
f 2846 2715 2870
f 2876 2878 2875
f 2733 2878 2734
f 9258 2879 2880
f 9258 2872 9246
f 2882 2884 2881
f 2881 2715 2714
f 2880 2714 2872
f 2879 2881 2880
f 2885 2887 2888
f 2888 2890 2885
f 2885 2892 2891
f 2893 2885 2891
f 1942 2532 2894
f 2895 2720 2870
f 2884 2870 2715
f 2883 2895 2884
f 2896 2892 2895
f 2889 2717 2890
f 2890 2720 2892
f 2897 2891 2896
f 2898 2896 2883
f 2899 2883 2882
f 2900 2882 2879
f 9249 2879 9259
f 2876 2901 2877
f 2901 2904 2903
f 1785 1835 1834
f 2905 2899 2900
f 2907 2897 2898
f 9249 2903 9251
f 632 577 633
f 8976 2867 2787
f 434 550 350
f 2768 9092 9095
f 2910 1623 2249
f 2241 2758 2242
f 9092 2913 9104
f 1623 2757 1620
f 9039 2757 9104
f 2229 1380 2250
f 2765 1629 2914
f 2915 1629 2912
f 9094 2914 2915
f 9093 2765 2914
f 2919 9094 9065
f 2918 2912 2241
f 9066 2241 9038
f 9070 9065 9122
f 8985 2180 8940
f 8965 2188 8950
f 3694 3627 3693
f 9157 714 9303
f 2925 2917 2924
f 2924 2916 2919
f 9062 2919 9070
f 9063 2924 9062
f 2926 2766 2925
f 9110 2925 9063
f 1715 1705 1710
f 785 498 796
f 1387 565 1791
f 374 1899 560
f 9017 2206 9000
f 2929 2886 2893
f 2932 2934 2931
f 1905 1908 1907
f 2930 2936 2937
f 2938 2930 2929
f 1493 517 518
f 1603 1586 1602
f 2939 2929 2908
f 2940 2908 2907
f 9117 1600 9113
f 2886 2937 2887
f 2906 2898 2899
f 2908 2893 2897
f 2942 2933 2941
f 2941 2937 2936
f 8945 2936 8957
f 8942 2941 8945
f 2943 2710 2873
f 2943 2874 2889
f 2945 2889 2888
f 2946 2943 2945
f 2932 2888 2887
f 2931 2945 2932
f 727 1929 728
f 2903 2947 2948
f 545 42 262
f 1480 533 251
f 2907 2949 2940
f 2906 2950 2949
f 1558 215 202
f 9251 2948 9253
f 2054 1644 2118
f 9157 2203 9017
f 1828 1849 1827
f 2953 2955 2952
f 2952 2957 2956
f 2956 2258 2952
f 2953 2258 2257
f 2454 2474 2496
f 9199 2959 9218
f 9199 2131 9189
f 2961 2963 2958
f 2958 2964 2959
f 222 2485 2965
f 2477 2966 2608
f 2631 2006 1859
f 2384 2496 2497
f 2967 2959 2964
f 2968 2970 2969
f 9211 2971 9236
f 9236 2960 9218
f 2972 2033 2032
f 2007 2973 2008
f 9004 2134 2133
f 1836 1832 1831
f 8950 2090 8995
f 955 959 956
f 672 674 673
f 633 713 632
f 2024 733 803
f 2025 803 798
f 425 1550 388
f 2975 888 887
f 1319 1157 2694
f 1212 2977 1213
f 889 2228 2227
f 1978 1975 1979
f 1138 1329 915
f 751 2979 2978
f 1619 1625 1624
f 2252 1728 1727
f 1157 845 1216
f 2706 1938 2617
f 2980 2254 2981
f 2982 887 2630
f 802 711 2679
f 678 2029 2028
f 527 690 528
f 1839 2629 1840
f 2983 602 1914
f 2983 1913 1331
f 2985 1331 1054
f 2986 2983 2985
f 2987 2635 2634
f 2985 2639 2986
f 2990 1318 2989
f 2991 2993 2994
f 2995 2994 2996
f 1106 2991 2995
f 1058 2992 2991
f 1415 1365 1367
f 1317 2217 2997
f 1932 2255 2980
f 926 2999 664
f 3001 2992 3000
f 3000 1057 2978
f 2999 2978 2979
f 2998 3000 2999
f 3002 2209 3003
f 3002 2996 2994
f 2993 3002 2994
f 3001 2998 3002
f 1103 2995 3004
f 3004 2996 3003
f 2209 3004 3003
f 588 3004 2210
f 295 433 381
f 2638 2988 3005
f 3005 1056 1930
f 1305 1930 1306
f 1276 3005 1305
f 1987 1993 1989
f 2633 1761 2645
f 1423 1417 1419
f 9005 739 703
f 2671 2704 2705
f 1473 2035 1472
f 922 2694 895
f 1401 1378 1384
f 556 1884 1037
f 842 9277 9288
f 1854 2617 1010
f 933 1081 1075
f 1440 1436 1437
f 529 719 530
f 1031 1027 1028
f 777 912 1871
f 2645 1204 2633
f 441 1538 1537
f 3771 3773 3772
f 790 587 586
f 2065 1610 1607
f 1860 990 902
f 60 87 59
f 1424 1948 1947
f 332 1507 331
f 261 138 135
f 187 449 507
f 1719 1726 1725
f 1931 1059 3006
f 3006 1105 1104
f 1287 1104 587
f 1286 3006 1287
f 3007 3009 3010
f 3009 653 795
f 618 26 25
f 2029 1210 1209
f 957 600 2228
f 1049 2228 600
f 2631 3011 2561
f 890 2227 3011
f 3011 2145 3012
f 2561 3012 2375
f 1026 609 608
f 2706 1961 1964
f 3013 2485 3014
f 2148 1267 3015
f 3015 1266 1311
f 2997 1101 1317
f 642 1773 1193
f 186 461 511
f 1041 1320 901
f 1121 3017 1122
f 2984 2987 3018
f 3018 2634 2619
f 1048 3018 2619
f 603 2984 3018
f 2679 801 802
f 2062 2074 2061
f 2061 2076 2064
f 414 1545 1965
f 3016 2683 3019
f 3019 2704 2670
f 3020 2670 720
f 3007 3019 3020
f 1871 1091 777
f 3021 1122 3017
f 3022 3017 3010
f 1314 3022 1315
f 1784 3021 1314
f 1316 1763 611
f 3023 3010 3009
f 3023 795 1092
f 1763 1092 1125
f 1315 3023 1763
f 3016 3010 3017
f 752 2978 1057
f 2986 2637 2987
f 3024 653 3008
f 3020 3008 3007
f 720 3024 3020
f 723 654 3024
f 2681 1268 3025
f 2671 1268 721
f 2705 3025 2671
f 1313 3027 1311
f 3026 3029 3027
f 3027 3030 3031
f 1311 3031 3015
f 2012 731 2023
f 917 974 977
f 3742 3744 3743
f 743 856 744
f 1888 2030 1425
f 2682 2684 3032
f 3032 1124 2989
f 1100 2989 1318
f 1099 3032 1100
f 1123 2989 1124
f 3033 1159 1158
f 2990 1158 1319
f 1123 3033 2990
f 1786 1834 3033
f 1054 2988 2985
f 2979 664 2999
f 2623 2663 2643
f 1095 688 687
f 3034 2261 2956
f 3036 2956 2957
f 3037 3034 3036
f 3038 3035 3034
f 3040 3026 1313
f 2263 3041 3040
f 3042 3043 3041
f 3041 3028 3026
f 3044 3043 3039
f 3046 3045 3044
f 3047 3049 3045
f 3043 3049 3028
f 3038 3051 3050
f 3050 3053 3052
f 3052 3044 3050
f 3039 3050 3044
f 3054 3039 3042
f 3042 2262 3054
f 2261 3054 2262
f 2216 2997 2217
f 2212 2667 1936
f 3056 2209 3055
f 934 1961 1854
f 2013 9209 567
f 3058 3060 3061
f 3059 3063 3060
f 3060 2213 1963
f 3061 1963 1962
f 3063 2214 2213
f 3062 3064 3063
f 3065 2260 3064
f 3064 2215 2214
f 3066 3031 3030
f 2608 3067 3066
f 2966 3068 3067
f 3031 3068 3015
f 2455 2461 2474
f 2476 2226 2477
f 8995 2089 8969
f 8970 9221 9238
f 433 355 381
f 2115 1419 2123
f 8953 2922 8971
f 9221 2131 2134
f 3069 2167 2166
f 2971 2928 2960
f 2961 2773 2962
f 3070 2478 2483
f 2610 3071 2954
f 2502 2374 2386
f 3072 2595 3073
f 2964 3052 2967
f 3048 3074 3049
f 2593 3075 3074
f 3075 3029 3074
f 3074 3028 3049
f 3072 3075 2592
f 3076 2482 2481
f 2481 3066 3076
f 3076 3030 3075
f 2967 3053 2970
f 2482 3073 2483
f 479 493 494
f 706 9325 709
f 9005 2221 8961
f 2013 9206 9207
f 8977 2016 8973
f 9006 2222 2974
f 1171 1155 1176
f 3782 3689 3783
f 2586 2565 2587
f 2982 113 2484
f 2562 3077 3068
f 2376 3012 3077
f 3012 2148 3077
f 3077 3015 3068
f 2963 3046 2964
f 3051 2970 3053
f 1683 491 775
f 9302 1447 9312
f 1986 9186 9220
f 3079 2546 2575
f 3081 2575 2576
f 1983 9220 9217
f 3082 2319 2545
f 3080 2545 2546
f 9186 3082 3080
f 9184 2323 3082
f 1309 1888 748
f 3073 2772 2771
f 2760 3084 2762
f 2760 2088 3083
f 3085 3086 3087
f 3089 3090 3088
f 3089 3084 3085
f 3092 3090 3091
f 3093 2744 2743
f 2751 2748 3093
f 3093 2752 2751
f 2742 3093 3094
f 3094 2743 3095
f 3096 3098 3087
f 3099 3087 3086
f 3097 3095 3098
f 3100 2746 3101
f 3101 3102 3100
f 2764 2927 3101
f 2745 3101 2746
f 3102 3091 3100
f 3100 3095 2743
f 2869 9044 9086
f 3102 3104 3092
f 9110 2869 9086
f 2927 3103 3102
f 3098 3091 3090
f 3087 3090 3085
f 2088 3105 3083
f 3083 3086 3084
f 2483 2771 3070
f 2401 2185 2321
f 3099 3105 3106
f 2125 3106 3105
f 3108 2742 3107
f 3107 3094 3097
f 3110 3107 3109
f 3109 3097 3096
f 3111 3096 3099
f 3112 3109 3111
f 3113 2737 3108
f 3115 2722 3114
f 3117 3114 3116
f 3119 3116 3118
f 3118 3120 3121
f 3116 3113 3120
f 3122 3111 3123
f 3122 1755 1754
f 3124 3126 3127
f 3125 3121 3126
f 3128 3118 3125
f 3129 3125 3124
f 2020 3128 3129
f 9305 1346 1352
f 1065 1047 1066
f 1814 9282 1649
f 2021 3129 3130
f 3111 3106 3123
f 3123 2207 1755
f 2377 2224 2973
f 3014 113 112
f 1756 9234 9219
f 3131 2530 2528
f 3133 2528 2529
f 1753 9219 9227
f 3134 3127 3135
f 2327 2314 2313
f 2436 2317 2349
f 2018 9163 9164
f 2534 3137 2535
f 2320 3136 2534
f 2185 9164 9223
f 3138 2542 2539
f 3134 9196 9197
f 9237 3134 9197
f 3140 2539 2538
f 2535 3140 2538
f 9163 3130 9237
f 2558 3132 3141
f 9234 3141 3132
f 2560 3141 3142
f 9212 3142 3141
f 958 2976 2981
f 1933 2980 3143
f 3714 3729 3713
f 2399 2418 2416
f 2348 2343 2432
f 2322 2319 2323
f 2718 2874 2730
f 2709 2873 2710
f 2894 1361 1942
f 3788 3720 3717
f 346 176 347
f 1876 1882 1881
f 2802 9059 9044
f 3104 3088 3092
f 2974 9101 9055
f 3089 2761 2762
f 3088 3145 3089
f 2803 9055 9059
f 9322 692 628
f 2123 1418 2126
f 1365 1368 1367
f 3346 3344 3343
f 1581 1782 1783
f 9013 2129 8964
f 8999 2002 8965
f 3146 2551 3147
f 9203 3147 9202
f 9194 3146 9203
f 3149 2585 3146
f 3196 3197 3195
f 9056 2191 9075
f 3142 2556 2560
f 9229 3150 3142
f 9098 2550 9045
f 3150 2555 2556
f 9230 3151 3150
f 9240 3152 9098
f 3153 2551 2549
f 3152 2549 2550
f 9233 3153 3152
f 9228 3147 3153
f 3148 2206 2205
f 2183 2321 2184
f 2132 2928 2133
f 3299 3321 3319
f 9136 2204 2203
f 9171 2197 9173
f 2594 2773 2951
f 2595 2951 2772
f 1870 799 1869
f 3257 3259 3258
f 9165 2178 9158
f 9158 9188 9242
f 336 9226 9174
f 339 3154 336
f 9241 3149 9194
f 9135 2584 3149
f 2963 3048 3047
f 9174 337 336
f 339 2566 2586
f 3156 2168 2167
f 2610 2167 2611
f 2954 3156 2610
f 3157 2953 2257
f 9159 2169 9161
f 2567 3159 2568
f 337 2567 338
f 9182 2166 9159
f 9216 1983 9217
f 2579 3081 2576
f 2568 3160 2579
f 9161 2190 9216
f 3065 3162 3161
f 3161 1984 2189
f 3157 2189 2168
f 2257 3161 3157
f 734 1922 806
f 3059 2708 3163
f 3163 2182 1985
f 3162 1985 1984
f 3062 3163 3162
f 3203 3205 3204
f 3806 3808 3807
f 2122 1448 1447
f 9269 1685 9264
f 139 444 69
f 1570 566 533
f 2957 3165 3036
f 2955 3164 2957
f 1912 341 1973
f 3130 3124 3134
f 1548 319 1547
f 1949 1327 1887
f 2969 3078 3167
f 3167 3169 3168
f 9176 2017 9172
f 9172 2033 9211
f 3168 3165 3170
f 3170 3164 3171
f 9231 3171 9208
f 9176 3170 9231
f 3171 3166 3172
f 3172 3071 3173
f 9204 3173 9201
f 9208 3172 9204
f 3169 3036 3165
f 2593 2962 2594
f 3173 2609 3174
f 3174 2199 2198
f 9235 2198 9171
f 9201 3174 9235
f 2190 1984 1983
f 2196 2767 3148
f 3326 3328 3327
f 2119 1414 1448
f 1464 1466 1465
f 2199 3069 2200
f 2457 2587 2565
f 2226 2562 2966
f 481 1627 1639
f 333 235 236
f 3078 3037 3169
f 3040 2997 2263
f 3351 3262 3263
f 2219 1933 2220
f 2385 2497 2503
f 221 3175 2484
f 2220 3143 3175
f 3175 2976 2975
f 2484 2975 2982
f 2954 3166 2955
f 2630 110 2982
f 1547 1952 1955
f 2091 2188 2187
f 9185 2178 2177
f 1918 1927 1926
f 9007 111 8955
f 3398 3400 3399
f 955 960 954
f 2037 112 9007
f 3143 2981 2976
f 2218 2214 2215
f 672 9239 8985
f 2152 3014 2037
f 1147 1143 1145
f 2248 1409 2245
f 1615 1635 1616
f 1410 2246 2247
f 3486 3487 3310
f 3468 3502 3501
f 3451 3452 3450
f 3177 1383 1382
f 2238 3176 1382
f 3176 2230 3178
f 1410 3179 1407
f 3179 2243 1407
f 1633 2800 2249
f 3816 3817 3814
f 1621 2758 2912
f 3642 3662 3675
f 3422 3260 3257
f 1622 2245 1634
f 2236 3181 3182
f 3793 3795 3794
f 3493 3495 3494
f 2237 3182 3183
f 3513 3515 3514
f 2250 2233 2229
f 3654 3667 3802
f 2912 1628 1621
f 3819 3821 3820
f 3432 3823 3431
f 135 1564 1563
f 1567 512 1565
f 1085 2653 2685
f 3184 868 3056
f 869 3057 934
f 3389 3387 3386
f 1266 1098 1312
f 1267 722 721
f 937 2646 936
f 2146 722 2147
f 2211 921 2667
f 1957 507 449
f 1313 2264 3040
f 1496 1493 1492
f 2681 2705 2682
f 2887 2933 2932
f 1687 1659 1694
f 145 1498 81
f 1317 1319 2694
f 3831 3830 3834
f 37 418 71
f 1935 3185 2977
f 104 301 103
f 2101 2083 2084
f 543 360 207
f 1934 3186 3185
f 234 212 237
f 9297 1822 1824
f 3825 3827 3826
f 1976 1874 1974
f 223 2219 220
f 9107 9057 9064
f 468 773 2165
f 3673 3659 3672
f 1935 1728 1932
f 3490 3840 3549
f 3362 3848 3847
f 3862 3864 3863
f 3465 3484 3868
f 3893 3525 3874
f 3352 3430 3431
f 3869 3871 3870
f 3529 3567 3564
f 3420 3922 3921
f 3304 3236 3303
f 3929 3931 3930
f 3324 3327 3561
f 3219 3939 3331
f 3220 3937 3219
f 3450 3376 3439
f 3942 3833 3941
f 3215 3454 3945
f 3946 3215 3945
f 3422 3948 3421
f 3950 3198 3196
f 3205 3957 3920
f 3261 3961 3288
f 3852 3964 3963
f 3214 3946 3958
f 3965 3214 3192
f 3797 3799 3798
f 3988 3990 3989
f 3777 3806 3822
f 3855 3447 3444
f 3737 3800 3736
f 3949 3952 3948
f 3651 3783 4000
f 4001 3787 3812
f 4019 4021 4020
f 4027 4029 4028
f 3258 4030 4027
f 4033 4035 4034
f 3424 4047 4046
f 3242 4058 4057
f 3970 3547 3971
f 3829 4057 3825
f 3333 3947 4060
f 4063 4065 4064
f 4073 4075 4074
f 3568 3443 3448
f 3981 3335 4050
f 3540 3862 3539
f 4078 4031 4032
f 3565 4088 3993
f 3442 4089 4082
f 4092 4094 4093
f 4093 4097 4096
f 3619 3623 3624
f 3660 3821 3807
f 3809 3649 3808
f 3610 3655 3613
f 3656 3623 3657
f 3621 3804 3620
f 3503 3481 3504
f 3436 3438 3437
f 3356 3427 3353
f 3628 3669 3633
f 3734 4002 3733
f 3276 3370 3369
f 3763 4107 3762
f 4006 3754 3755
f 3747 3752 3746
f 3863 4110 3992
f 3994 4003 3501
f 3653 3664 3652
f 3296 4115 3295
f 4117 4119 4118
f 3249 3251 3250
f 4127 4129 4128
f 3478 3903 3867
f 3410 3921 3922
f 3977 4038 3976
f 3216 3453 3454
f 3967 3548 3966
f 4140 4032 4039
f 3509 4149 3916
f 4151 3659 3587
f 4153 3656 3671
f 4153 3646 3672
f 4156 3645 4155
f 4139 4078 4140
f 3743 4163 4162
f 3861 3987 4166
f 3468 4067 3467
f 3306 3980 3835
f 4172 4010 4024
f 4169 3836 3835
f 4187 4189 4188
f 4213 4215 4214
f 4220 4222 4221
f 4225 4211 4204
f 4230 4232 4231
f 4240 4242 4241
f 3606 3608 3607
f 4250 4252 4251
f 4258 4260 4259
f 4077 4079 4078
f 4276 4278 4277
f 4308 4263 4309
f 4017 3872 3869
f 3196 3951 3950
f 4316 4270 4271
f 3870 4307 3869
f 4324 4326 4325
f 4333 4247 4244
f 4338 4340 4339
f 4348 4350 4349
f 4283 4289 4286
f 4356 4358 4357
f 4359 4020 4358
f 4362 4196 4197
f 4320 4279 4276
f 4370 4296 4371
f 4377 4303 4249
f 4231 4201 4178
f 4203 4331 4381
f 4037 4039 4038
f 4371 4386 4370
f 4387 4347 4314
f 3309 3294 3310
f 4099 3724 3818
f 4355 3257 4313
f 3630 3693 3627
f 4277 4302 4390
f 4350 4319 4349
f 4353 4351 4348
f 3637 3639 3638
f 4394 3827 3320
f 3311 4399 4398
f 3755 4005 4006
f 4363 4259 4260
f 3454 3919 3920
f 3446 3459 3458
f 4298 4404 4406
f 3749 3769 3766
f 3791 3756 3792
f 3643 3684 3640
f 3845 3399 3400
f 4313 3258 4312
f 4411 4408 4412
f 3843 4423 3842
f 4214 4329 4328
f 4431 4433 4432
f 3918 3798 3799
f 3927 3388 3389
f 4453 3874 3873
f 4138 4457 4456
f 3346 4459 3345
f 4100 4108 4107
f 3974 3976 3975
f 3665 3652 3664
f 3773 3993 3992
f 3945 3920 3957
f 4144 4462 4461
f 4464 4466 4465
f 3268 4479 3267
f 4484 4136 4485
f 3348 4487 3347
f 3313 3912 3913
f 3803 3617 3802
f 4086 3510 4087
f 4034 3305 4033
f 3403 4171 4489
f 4481 4492 4491
f 4177 4179 4178
f 4398 3923 3311
f 4451 4494 4450
f 4501 4076 4502
f 4509 4506 4503
f 3304 4462 4517
f 4485 3312 4484
f 3419 3349 4064
f 4356 4385 4305
f 4026 4358 4020
f 4354 4357 4358
f 3599 4091 4090
f 4341 4254 4274
f 4251 4524 4335
f 3482 3484 3483
f 3843 3544 4085
f 4295 4274 4294
f 4381 4206 4203
f 4204 4531 4225
f 4533 4535 4534
f 4542 4544 4543
f 4546 4548 4547
f 4573 4547 4548
f 4575 4577 4576
f 4221 4580 4220
f 4587 4589 4588
f 4328 4589 4214
f 4187 4563 4332
f 4595 4593 4591
f 4597 4604 4596
f 4609 4611 4610
f 4620 4622 4621
f 4612 4614 4613
f 4636 4600 4637
f 4649 4650 4648
f 4652 4654 4653
f 4662 4664 4663
f 4666 4668 4667
f 4637 4685 4684
f 4627 4700 4626
f 4684 4636 4637
f 4663 4661 4662
f 4699 4697 4696
f 4647 4703 4702
f 4709 4603 4710
f 4724 4726 4725
f 4742 4744 4743
f 3311 3924 3314
f 4698 4758 4679
f 4749 4609 4610
f 4342 4344 4343
f 4797 4799 4798
f 4490 3974 4143
f 4019 4306 3870
f 4512 4514 4513
f 3991 4508 4507
f 4692 4694 4693
f 4680 4818 4810
f 4821 4824 4823
f 4367 4243 4240
f 4833 4831 4830
f 4837 4757 4754
f 4332 4562 4561
f 4683 4819 4682
f 4845 4850 4849
f 4751 4752 4669
f 4854 4695 4692
f 4858 4718 4857
f 4822 4859 4824
f 4674 4647 4675
f 4771 4773 4772
f 4726 4537 4540
f 4714 4719 4715
f 4633 4688 4687
f 4616 4618 4617
f 4686 4842 4841
f 4869 4708 4629
f 3502 3528 3529
f 4777 4737 4745
f 4734 4779 4873
f 4883 4663 4664
f 4375 4274 4275
f 4290 4335 4524
f 4799 4826 4825
f 4816 4812 4810
f 4778 4732 4659
f 4158 4160 4159
f 4195 4197 4196
f 3860 4166 4167
f 3758 3763 3764
f 3694 4157 4156
f 4249 4391 4377
f 3467 3469 3468
f 4209 4211 4210
f 4142 4144 4143
f 3615 3617 3616
f 3479 3536 3535
f 4883 4672 4886
f 4802 4642 4643
f 3698 3638 3683
f 4105 3726 3730
f 4848 4896 4895
f 4878 4744 4837
f 4610 4748 4749
f 4036 4489 4035
f 4355 4314 4347
f 4171 4049 4048
f 3875 3216 3217
f 4868 4863 4864
f 4623 4691 4622
f 3629 4155 4154
f 4654 4898 4683
f 4012 4014 4013
f 4902 4866 4867
f 4768 4908 4906
f 4370 4385 4384
f 4888 4914 4913
f 3546 3917 3916
f 4932 4931 4919
f 3625 4151 4150
f 3804 3670 3657
f 3816 4103 4101
f 4911 4887 4912
f 4928 4927 4929
f 4925 4927 4921
f 3655 3666 3654
f 4932 4910 4911
f 4937 4912 4913
f 4939 4942 4941
f 4228 4530 4381
f 4946 4942 4947
f 4938 4923 4937
f 4942 4937 4947
f 4951 4930 4928
f 4955 4928 4954
f 4748 4615 4749
f 4914 4847 4956
f 4824 4584 4856
f 4940 4941 4943
f 4916 4960 4917
f 4909 4891 4862
f 4971 4968 4949
f 4966 4948 4944
f 4962 4953 4965
f 4940 4924 4939
f 4831 4917 4895
f 4935 4925 4924
f 4275 4261 4258
f 4679 4791 4678
f 4016 4373 4376
f 4668 4766 4795
f 4539 4727 4845
f 4929 4936 4933
f 4607 4882 4881
f 4775 4801 4802
f 4801 4742 4774
f 4732 4611 4733
f 4985 4983 4982
f 4534 4562 4533
f 4847 4645 4848
f 4788 4619 4616
f 4787 4678 4791
f 4657 4605 4597
f 4994 4878 4837
f 5006 5008 5007
f 5001 4973 4988
f 4814 4619 4785
f 5014 4974 5012
f 5003 4972 4973
f 5019 5007 5018
f 5024 5017 5025
f 5036 5035 5032
f 4990 4975 4972
f 5045 5034 5044
f 5048 5034 5035
f 5025 5014 5026
f 5046 5043 5031
f 5051 5055 5054
f 5044 5060 5059
f 5011 5021 5020
f 5013 5068 5012
f 5028 5072 5029
f 5077 5064 5065
f 5065 5079 5077
f 5083 5080 5060
f 5063 5080 5065
f 5054 5071 5078
f 4602 4711 4851
f 5058 5083 5053
f 4982 4792 4793
f 5041 5045 5061
f 3909 3278 3250
f 3471 3473 3472
f 5002 4994 4995
f 5060 5067 5059
f 4892 4862 4891
f 4891 4884 4892
f 4996 5003 5001
f 4997 5005 5000
f 4813 4614 4829
f 4618 4827 4613
f 5089 5093 5092
f 3303 3305 3304
f 5100 5102 5101
f 5107 5109 5108
f 5110 5092 5114
f 4610 4734 4874
f 5112 5100 5084
f 5088 5090 5089
f 5119 5117 5116
f 5092 5096 5089
f 3826 3829 3825
f 5108 5102 5126
f 5100 5087 5084
f 5118 5133 5138
f 3783 3690 3784
f 4444 4446 4445
f 5151 5150 5152
f 4790 4617 4813
f 4332 4190 4187
f 3266 4451 4448
f 3211 3332 3946
f 4741 4760 4652
f 4775 4777 4776
f 4764 4691 4766
f 4489 4048 4490
f 4466 4511 4497
f 4518 3930 4514
f 4786 4791 4807
f 4980 4984 4977
f 5144 5150 5143
f 5159 5148 5158
f 5121 5120 5114
f 5169 5162 5165
f 5016 4979 5017
f 5123 5179 5122
f 5181 5140 5183
f 5175 5184 5141
f 4575 4586 4534
f 4984 4976 4977
f 4596 4598 4597
f 5182 5183 5186
f 4785 4787 4786
f 5137 5122 5179
f 5167 5180 5181
f 4835 4898 4897
f 4687 4726 4633
f 4176 4170 4398
f 4760 4655 4652
f 4681 4649 4646
f 5121 5132 5131
f 5171 5178 5170
f 5174 5191 5176
f 5169 5194 5164
f 4909 5095 4907
f 5105 5112 5113
f 4767 5126 4803
f 5201 5205 5204
f 5219 5217 5216
f 5229 5200 5209
f 5234 5236 5235
f 4069 4071 4070
f 4724 4717 4713
f 5108 4768 5107
f 5103 5126 5102
f 5227 5211 5226
f 5015 4884 4885
f 4997 4892 4884
f 5197 5215 5214
f 5241 5247 5246
f 5013 5019 5018
f 5205 5232 5204
f 4969 4971 4970
f 5239 5249 5248
f 4808 5225 4809
f 5216 5199 5196
f 5253 5242 5254
f 5235 5255 5256
f 5135 5157 5134
f 5264 5267 5266
f 5245 5215 5242
f 5260 5269 5267
f 5264 5274 5265
f 5154 5173 5142
f 5287 5278 5288
f 5256 5300 5257
f 5173 5176 5175
f 4631 4629 4628
f 4781 4783 4782
f 5309 5311 5310
f 5155 5144 5145
f 4826 4827 4825
f 5291 5308 5293
f 5310 5281 5286
f 5311 5308 5288
f 4036 4176 4175
f 4641 4704 4702
f 5220 4804 5223
f 4770 5207 4905
f 5188 5175 5176
f 5180 5129 5140
f 4626 5314 5313
f 4731 5315 5317
f 5222 5210 5221
f 4728 5316 5315
f 5230 5216 5196
f 5297 5240 5241
f 5204 5208 5201
f 5318 4864 5319
f 5273 5287 5289
f 5221 5219 5230
f 4700 5321 5314
f 5313 5328 5329
f 5157 5154 5142
f 5275 5263 5265
f 5324 5318 5325
f 5323 5331 5328
f 5343 5345 5344
f 5306 5286 5282
f 5278 5311 5288
f 4882 5320 5316
f 5109 5114 5120
f 5123 5130 5129
f 5299 5284 5298
f 5240 5199 5241
f 5229 5197 5214
f 5305 5292 5293
f 5233 5225 5243
f 5192 5194 5193
f 5104 4670 4746
f 5146 5160 5145
f 5337 5347 5338
f 5347 5341 5332
f 5353 5335 5352
f 5349 5354 5352
f 5355 5357 5354
f 5358 5360 5359
f 5355 5348 5360
f 5342 5365 5364
f 5345 5362 5344
f 5332 5367 5331
f 5372 5315 5316
f 5370 5366 5369
f 5361 5354 5357
f 5364 5368 5367
f 5369 5362 5370
f 5316 5330 5372
f 5373 5371 5372
f 5341 5364 5332
f 5374 5359 5373
f 5329 5375 5330
f 5377 5379 5378
f 5377 5331 5367
f 5380 5367 5368
f 5363 5370 5362
f 5357 5374 5381
f 5381 5361 5357
f 4814 4825 4827
f 4825 4816 4799
f 4806 4747 4805
f 5119 5131 5118
f 4696 4893 5387
f 4696 5390 4699
f 5213 5388 5387
f 5393 5388 5394
f 5380 5384 5379
f 5213 4893 5212
f 4813 4908 4790
f 5390 4693 4694
f 5294 5287 5295
f 5184 5186 5183
f 5285 5253 5254
f 4769 4790 4908
f 5327 5359 5360
f 4598 4690 4656
f 4608 4733 4611
f 4627 4609 4839
f 4596 4851 4711
f 4900 4706 4707
f 4668 5395 4667
f 4863 4639 4601
f 5392 4666 4667
f 4872 4651 4807
f 4807 4758 4872
f 5348 5325 5326
f 5176 5190 5188
f 5046 5022 5023
f 4853 4869 4870
f 5346 5363 5362
f 4709 4620 4599
f 4672 4904 4886
f 4680 4651 4649
f 4841 4688 4686
f 4823 4818 4821
f 4729 4602 4851
f 4881 4851 4604
f 5360 5326 5327
f 4852 4707 4869
f 4890 4669 4666
f 5392 5389 5393
f 5189 5186 5187
f 4881 4605 4607
f 5343 5369 5366
f 4607 4625 4882
f 5056 5052 5057
f 4850 4798 4894
f 3260 5398 3259
f 4855 4899 4871
f 5339 5366 5342
f 4789 4808 4677
f 5400 3948 3952
f 3872 4046 3871
f 4018 3424 3872
f 4025 4172 4024
f 4011 4024 4010
f 4065 3900 3901
f 3413 4013 3412
f 5056 5069 5070
f 5055 5070 5071
f 4062 5399 4061
f 5269 5294 5268
f 4685 4903 4846
f 5254 5240 5296
f 4606 4658 4733
f 4729 4882 4728
f 4030 4043 4029
f 4664 4753 4883
f 3575 3904 3903
f 3413 3922 3426
f 4949 4955 4934
f 4947 4913 4914
f 4849 4894 4856
f 4143 3975 4142
f 4912 4932 4911
f 3774 3995 3994
f 3956 3342 4168
f 4871 4758 4759
f 4270 4272 4271
f 4039 5400 4140
f 3555 5402 3554
f 5403 3906 3907
f 3908 3823 3907
f 4124 5408 5407
f 3901 4046 4047
f 4120 5410 5409
f 4124 4125 4123
f 5420 5404 5421
f 5424 5425 3557
f 3400 5428 3845
f 5432 5435 3226
f 4941 4945 4944
f 4935 4949 4934
f 3895 3897 3896
f 5426 4121 5418
f 5430 3906 5420
f 4045 5398 4062
f 5395 5392 4667
f 4846 4701 4840
f 4880 4710 4879
f 4624 4608 4609
f 4656 4662 4661
f 5305 5309 5304
f 5220 5222 5221
f 4230 4327 4324
f 5030 5028 5027
f 5213 5211 5210
f 5440 3269 5441
f 4396 3980 5444
f 5447 3244 3241
f 3328 5451 5396
f 4208 4248 4207
f 4599 4621 4598
f 4528 4391 4208
f 4529 4199 4207
f 4526 4339 4528
f 4256 5452 4532
f 4532 4241 4242
f 3834 5446 3831
f 5443 5444 4050
f 4530 4334 4206
f 4754 4904 4837
f 4229 4381 4331
f 4205 4383 4531
f 4892 4987 4861
f 4039 3976 4038
f 4738 4796 4741
f 4833 4897 4832
f 4232 4200 4201
f 4194 4241 4193
f 4889 4750 4748
f 4194 4365 4368
f 4531 4195 4238
f 5043 5062 5031
f 4182 4561 4180
f 5446 3241 3831
f 5237 5248 5236
f 4206 4382 4205
f 5210 5218 5219
f 3426 3417 3425
f 4216 4192 4215
f 4219 4184 4185
f 4180 4380 4179
f 4327 4591 4326
f 4223 4231 4222
f 4215 4360 4329
f 4186 4218 4185
f 4190 4209 4189
f 4223 4595 4327
f 4326 4328 4329
f 4366 4568 4186
f 4570 4549 4569
f 4579 4548 4570
f 4563 4533 4562
f 4583 4220 4580
f 4586 4561 4562
f 4239 4363 4243
f 4572 4567 4564
f 4536 4585 4535
f 4538 4566 4541
f 4536 5453 4538
f 3573 3983 3316
f 5427 3552 3556
f 4553 4588 4552
f 4593 4555 4592
f 4368 4183 4227
f 4361 4235 4236
f 4233 4527 4232
f 4233 4324 4237
f 4212 4330 4331
f 4237 4325 4236
f 4193 5452 4361
f 4983 4885 4792
f 5002 4986 4993
f 5074 5076 5075
f 4698 5391 4759
f 5391 5390 4694
f 4871 4650 4872
f 4546 4543 4544
f 4553 4901 4574
f 4552 4555 4556
f 5223 4805 5394
f 5386 5383 5363
f 5317 5371 5327
f 3240 4429 3377
f 5384 5381 5379
f 3938 3218 3937
f 3942 5455 5454
f 5361 5386 5356
f 4542 4541 4545
f 3910 5420 3428
f 3939 4060 3940
f 3851 5351 5454
f 3838 3556 3837
f 4547 4857 4546
f 5442 4050 3335
f 3385 5428 5429
f 4257 4235 4256
f 5312 4893 4809
f 4212 4204 4211
f 3854 5461 4392
f 4226 4210 4211
f 4202 4178 4201
f 3316 3897 3315
f 5464 4432 4433
f 5465 3883 4432
f 4472 4449 4450
f 4501 4450 4494
f 4074 4080 4077
f 5473 5401 4173
f 4173 5475 5473
f 3432 3520 5413
f 3462 5504 3461
f 4075 4494 4080
f 5482 3387 3392
f 5468 5470 5469
f 3427 5422 3523
f 4498 4487 3386
f 5403 5414 4128
f 3382 5522 3873
f 3492 5511 3491
f 3429 3517 3520
f 3873 5524 4453
f 5480 3350 3347
f 3477 5505 3462
f 4507 5544 4475
f 4396 5551 4051
f 3374 5553 3373
f 3373 5554 3390
f 5479 4063 3350
f 3390 5555 3393
f 5531 5566 5565
f 3368 5567 3367
f 5556 5560 5559
f 3393 5557 5556
f 4433 5463 5464
f 5464 5458 5456
f 4435 4439 3380
f 4055 3277 3274
f 3273 3911 3370
f 3395 3358 3394
f 5486 4071 5484
f 5526 4453 5524
f 5525 5569 5566
f 5568 3527 5567
f 3527 3847 3366
f 3365 3849 5462
f 5462 3850 5459
f 4435 5571 4430
f 3378 3943 3944
f 5573 5577 5574
f 4438 3943 3379
f 5477 5579 5476
f 5582 5580 5579
f 5583 5581 5584
f 5586 5588 5587
f 4074 5586 4073
f 5583 5474 5473
f 4507 5590 3991
f 5573 4522 4520
f 3989 5596 3988
f 5594 3407 5593
f 4436 5572 5571
f 5591 3991 5590
f 4507 4476 5589
f 3990 5587 5588
f 5578 3406 5577
f 5595 5584 5581
f 5484 3358 5486
f 4441 5467 3882
f 5472 4077 4139
f 5522 5570 5524
f 5486 3353 3524
f 5481 3386 3387
f 3475 5492 3518
f 5476 3899 5477
f 5540 5606 5603
f 5542 5603 5607
f 5608 5542 5607
f 5608 5545 5544
f 5607 5609 5545
f 5599 5548 5612
f 5598 5543 5608
f 5595 5593 5596
f 5588 3989 3990
f 5626 3266 5627
f 5627 4448 5628
f 5469 4469 5468
f 4515 5625 4491
f 4503 4474 4509
f 4481 5627 4480
f 4500 5469 5470
f 3414 5466 5465
f 5594 5581 5582
f 3376 4430 5571
f 3444 3941 3855
f 5572 3444 3445
f 4273 4287 4272
f 4345 4357 4344
f 4386 4305 4385
f 4517 4463 5625
f 4352 4319 4379
f 4352 4251 4336
f 4268 4390 4388
f 4264 4320 4323
f 4346 4282 4283
f 4337 4343 4344
f 4289 4245 4288
f 4303 4287 4288
f 4343 4291 4342
f 4284 4244 4289
f 4375 4291 4294
f 4379 4271 4272
f 4337 4348 4336
f 4524 4295 4290
f 4364 4197 4279
f 4285 4390 4302
f 5206 5208 5207
f 4297 4371 4296
f 4346 4286 4273
f 4285 4333 4284
f 3571 4395 5460
f 5341 5339 5342
f 5346 5334 5335
f 5269 5273 5289
f 4510 5609 5610
f 4509 5545 5609
f 4445 5611 5546
f 5566 5568 3368
f 5349 5338 5348
f 5489 3401 3398
f 5565 3368 3338
f 5496 5417 5630
f 5523 3383 5634
f 5325 5347 5324
f 5523 5599 5522
f 5429 3401 5633
f 3887 5631 5630
f 5634 5600 5523
f 5276 5279 5277
f 5298 5257 5300
f 5087 5085 5084
f 3361 5612 5548
f 5041 5066 5040
f 5487 3383 3384
f 5101 5130 5100
f 5299 5300 5303
f 5333 5335 5334
f 5302 5304 5303
f 5234 5216 5217
f 5301 5255 5258
f 4868 5322 4867
f 5281 5277 5279
f 5323 5322 5324
f 5298 5296 5297
f 4885 4750 4792
f 5231 5196 5197
f 4625 5313 5320
f 5111 5085 5098
f 5600 5549 5548
f 5531 5563 5527
f 5165 5182 5189
f 5283 5285 5284
f 4269 4277 4268
f 5610 5603 5606
f 5127 5091 5128
f 4907 5125 4906
f 5277 5272 5262
f 5596 5592 5598
f 5212 5226 5211
f 5273 5262 5272
f 5302 5258 5292
f 5635 5645 5640
f 4250 4379 4378
f 4485 3405 3402
f 4354 4023 4351
f 4265 4304 4386
f 4388 4282 4387
f 4345 4384 4385
f 4362 4297 4259
f 4836 4612 4828
f 4360 4236 4325
f 4369 4237 4234
f 5647 3986 3573
f 5650 3192 3189
f 5337 5336 5333
f 4467 4477 4466
f 4253 4340 4252
f 4429 5457 4428
f 3997 3915 3540
f 5535 3839 3982
f 5538 4460 4456
f 3439 5571 3438
f 5570 5526 5524
f 3438 5572 3445
f 4440 3879 3876
f 3440 4407 3449
f 3886 5695 5694
f 5534 5396 5451
f 5685 3471 5684
f 4278 4301 4302
f 5628 4449 5469
f 3579 3538 3578
f 4480 5628 4500
f 4402 5517 5518
f 4279 4198 4278
f 3603 3532 3602
f 3580 4088 4090
f 4095 3531 4094
f 5248 5251 5250
f 3778 3999 3776
f 4617 4613 4614
f 4375 4372 4519
f 3411 4136 3410
f 5094 5111 5097
f 3602 3535 3605
f 4023 4350 4351
f 4349 4336 4348
f 3605 3536 3592
f 4469 4471 4470
f 4094 3593 4097
f 4248 4245 4246
f 3519 5518 5517
f 5254 5284 5285
f 4852 4795 4766
f 4265 5629 4264
f 5632 5503 5631
f 3604 3612 3601
f 5549 5502 3360
f 3653 3607 3661
f 4780 4873 4779
f 4988 4979 4976
f 4491 5626 4481
f 4837 4995 4994
f 4615 4765 4749
f 5468 4470 4504
f 3514 3467 3513
f 5491 4409 5679
f 4093 3619 4092
f 4364 5629 4297
f 3488 5509 3487
f 5606 5611 5610
f 4210 4189 4209
f 4600 4602 4601
f 5242 5198 5240
f 5073 5075 5072
f 5651 3940 4060
f 3996 3775 3998
f 5200 5202 5201
f 5525 5527 5526
f 3364 4434 3363
f 3775 3542 3581
f 3941 5485 3855
f 3731 4105 3730
f 4997 4999 4998
f 4508 5608 5544
f 4101 3818 3816
f 3728 4103 3727
f 4591 4592 4328
f 4539 4538 4537
f 4550 4552 4551
f 4541 4567 4545
f 4389 4570 4568
f 4582 4580 4576
f 4976 4978 4977
f 4705 4707 4706
f 4797 4843 4844
f 3713 3730 3726
f 4675 4702 4704
f 4977 4981 4980
f 4810 4817 4816
f 4786 4812 4785
f 4715 4628 4714
f 4978 5021 4981
f 5010 5006 4991
f 3722 4162 4161
f 4558 4560 4559
f 4568 4569 4218
f 4584 4535 4585
f 4641 4715 4716
f 5026 5012 5068
f 4776 4745 4742
f 4714 4712 4713
f 4982 5001 4985
f 4576 4560 4582
f 4564 4566 4565
f 5069 5018 5029
f 5057 5048 5047
f 4810 4811 4680
f 3710 3786 3709
f 4991 4999 5010
f 5011 5010 5004
f 5008 5022 5027
f 5066 5063 5040
f 5047 5024 5025
f 5050 5051 5053
f 5023 5016 5024
f 5045 5059 5061
f 5047 5026 5057
f 3711 3724 3721
f 5048 5037 5047
f 5042 5063 5062
f 5058 5051 5054
f 5036 5046 5037
f 3715 3700 3714
f 5235 5257 5246
f 3732 3704 3702
f 5030 5062 5064
f 5020 5023 5022
f 5263 5261 5260
f 5049 5044 5034
f 5236 5250 5255
f 5031 5027 5022
f 5043 5039 5042
f 5320 5329 5330
f 5049 5052 5051
f 5326 5317 5327
f 3264 3288 3285
f 5264 5263 5260
f 4998 4992 4987
f 5009 5020 5008
f 5036 5039 5038
f 5032 5034 5033
f 4355 3949 3422
f 4269 4374 4323
f 4253 4378 4303
f 4525 4252 4340
f 3960 4111 3866
f 4372 4258 4296
f 5681 5673 5675
f 4378 4272 4287
f 4270 4346 4273
f 3244 5644 5643
f 4899 4648 4650
f 3734 3702 3810
f 4138 3343 4137
f 4192 4361 4360
f 3813 3812 3810
f 3817 3696 3814
f 5668 5682 5674
f 5690 5687 5684
f 5499 5700 5517
f 3999 3820 3577
f 3745 4102 4106
f 5684 3472 5690
f 5702 3860 5703
f 5712 5693 5670
f 3249 4393 3572
f 5695 5715 5694
f 5694 5716 5696
f 5719 5601 5602
f 4918 4950 4952
f 4774 4743 4773
f 3844 5605 3735
f 5505 4411 5504
f 3583 3585 3582
f 3710 4157 4160
f 5513 4417 5508
f 5704 4146 5709
f 4141 4062 4049
f 5669 5688 4410
f 3898 5653 5450
f 5718 3972 5719
f 5684 5686 5685
f 3917 5717 3512
f 3463 5662 5660
f 5492 5680 5491
f 4931 4950 4919
f 5665 3441 5663
f 3788 3740 3790
f 3501 3529 3994
f 3569 3477 3308
f 5516 5727 5515
f 3564 3566 3565
f 3892 5406 3889
f 3962 5407 3961
f 4126 4123 4125
f 4116 3287 5411
f 3892 5630 5417
f 3824 5413 5414
f 4408 5680 4412
f 3969 3978 5402
f 4408 3449 4407
f 4414 3449 4413
f 3962 3262 4125
f 4425 5616 4321
f 4418 5727 4419
f 5716 5575 5696
f 5719 5717 5718
f 5698 5692 5697
f 3880 4166 3987
f 5652 5520 5619
f 5621 4167 4166
f 5679 4410 5688
f 3210 3355 5618
f 5622 5451 5657
f 5416 5497 5624
f 5729 5731 5730
f 5733 3761 3758
f 5735 5737 5736
f 5750 5751 5734
f 5744 5740 5741
f 5744 3753 5746
f 5753 5730 5731
f 5757 5736 5737
f 5731 5765 5753
f 5774 5776 5775
f 5790 5792 5791
f 5796 5787 5797
f 5817 5819 5818
f 5828 5830 5829
f 3725 3751 3747
f 4874 4873 4875
f 4700 4903 4902
f 4740 4876 4739
f 3199 3201 3200
f 4100 4099 4101
f 3749 4108 3748
f 3695 3712 3692
f 3378 3380 3379
f 5504 4412 5507
f 4405 5518 5699
f 5838 5835 5836
f 4705 4712 4708
f 5832 5828 5833
f 5697 5678 5698
f 3791 4005 3790
f 5848 5794 5850
f 3714 3701 3704
f 3995 4042 3890
f 3329 3224 3222
f 4005 3705 4004
f 4551 4763 4550
f 5855 5808 5856
f 5851 5792 5852
f 5803 5858 5847
f 5844 5840 5845
f 5762 5743 5740
f 5808 5806 5807
f 4012 3426 3423
f 5558 3467 4067
f 4550 4720 4901
f 4950 4953 4952
f 3885 5694 5696
f 5705 4081 4082
f 5508 4415 5505
f 3745 3760 3744
f 5507 5680 5506
f 3592 3588 3591
f 3895 5658 5653
f 5613 5501 5549
f 3834 4393 4055
f 5527 4455 5526
f 5775 5809 5774
f 5766 5813 5810
f 5858 5812 5859
f 5855 5811 5858
f 5863 5819 5862
f 5826 5863 5829
f 5862 5833 5828
f 5870 5837 5845
f 5782 5831 5832
f 5868 5836 5873
f 5778 5843 5844
f 5866 5845 5840
f 5785 5867 5784
f 5790 5789 5793
f 5796 5794 5795
f 5821 5819 5820
f 5657 5620 5622
f 5793 5852 5792
f 5855 5801 5798
f 5853 5786 5796
f 5804 5802 5803
f 5827 5864 5822
f 5767 5821 5813
f 5854 5776 5777
f 5860 5818 5861
f 5782 5825 5785
f 5781 5844 5834
f 5810 5815 5816
f 5867 5830 5784
f 5809 5798 5799
f 5828 5863 5862
f 5865 5838 5868
f 5801 5802 5800
f 4086 3795 4149
f 5779 5842 5843
f 5827 5829 5830
f 5839 5869 5835
f 5814 5855 5856
f 5711 3859 5702
f 4958 4917 4960
f 5861 5821 5768
f 5863 5812 5820
f 5865 5823 5824
f 5873 5837 5871
f 5872 5842 5780
f 4089 3563 5704
f 3812 3785 3811
f 5770 5787 5788
f 5789 5847 5846
f 5793 5846 5849
f 4145 4146 3498
f 5848 5790 5791
f 3953 4009 3952
f 5748 5874 5747
f 4624 4626 4625
f 4665 4752 4664
f 4775 4779 4778
f 4746 4671 4747
f 4637 4601 4639
f 4828 4613 4827
f 4704 4762 4675
f 4843 4727 4687
f 4543 4725 4542
f 4731 4863 4730
f 4723 4558 4722
f 4842 4840 4838
f 4717 4857 4718
f 4865 4867 4866
f 5841 5866 5840
f 4725 4540 4542
f 4798 4816 4817
f 4632 4634 4633
f 4720 4715 4719
f 4642 4644 4643
f 3754 5874 5876
f 4860 4644 4847
f 4674 4722 4721
f 4808 4676 4677
f 4721 4822 4821
f 5876 5877 5746
f 4836 4840 4839
f 4658 4660 4659
f 4826 4800 4838
f 4877 4743 4744
f 4948 4971 4943
f 4875 4876 4889
f 4954 4934 4955
f 5773 5788 5790
f 5825 5833 5824
f 5834 5836 5835
f 5834 5845 5837
f 3359 3361 3360
f 5732 3756 3757
f 3394 3396 3395
f 3766 5741 5742
f 5774 5799 5777
f 5805 5857 5802
f 5813 5820 5812
f 3969 3964 3968
f 5667 5674 5666
f 5729 3792 3756
f 3770 5741 3769
f 4741 4739 4738
f 4689 4660 4661
f 5772 5787 5771
f 5735 3758 3764
f 5850 5773 5848
f 5617 3965 5650
f 5799 5854 5777
f 5875 5764 5879
f 5840 5842 5841
f 5861 5769 5860
f 5807 5853 5851
f 5869 5834 5835
f 3765 5739 5738
f 5882 5761 5759
f 5881 5887 5889
f 5895 5898 5897
f 5907 5906 5908
f 5909 5908 5910
f 4234 4526 4369
f 3912 3389 3914
f 5934 8730 8729
f 8730 5930 5931
f 4920 4922 4921
f 8845 8853 8851
f 4141 3404 4174
f 3733 3706 3731
f 8849 8848 8850
f 4234 4236 4235
f 8863 5919 8862
f 3733 4004 3705
f 5908 8859 8867
f 8865 8871 8870
f 8859 8863 8864
f 5927 5925 5928
f 5911 5904 5912
f 8878 8866 8879
f 5635 5637 5636
f 5745 5746 5877
f 3552 3554 3553
f 8857 8890 8875
f 5924 8860 5923
f 3553 3556 3552
f 5919 8861 8862
f 8869 8870 8891
f 8873 8878 8876
f 8856 8875 8874
f 8862 5889 5887
f 8846 8844 8843
f 8864 8866 8865
f 8729 8883 8884
f 8848 8887 8886
f 8878 5888 8893
f 8896 8855 8897
f 8853 8896 5885
f 8841 5882 5883
f 3489 3491 3490
f 8867 8864 8868
f 5910 8867 8898
f 5914 8898 8899
f 5916 8899 8900
f 5889 8860 5890
f 8876 8893 8894
f 5918 8900 8901
f 4424 5726 4423
f 8904 8900 8899
f 8909 8904 8905
f 8908 8903 8904
f 8869 8905 8868
f 3632 3667 3635
f 3687 3689 3688
f 3636 3681 3631
f 3664 3639 3665
f 4304 4306 4305
f 8909 8891 8910
f 3681 3695 3680
f 3758 3760 3759
f 3684 3700 3683
f 3721 3723 3722
f 3941 3943 3942
f 3738 3740 3739
f 3687 3709 3690
f 3238 3938 3220
f 4249 4288 4245
f 4499 3344 4464
f 4240 4368 4367
f 3453 3951 3919
f 4401 3547 3967
f 3950 3451 3436
f 3702 3701 3703
f 3725 3727 3726
f 3194 3208 3193
f 4034 4461 4462
f 3914 3913 3912
f 3483 3533 3482
f 3191 3957 3206
f 4292 3970 4293
f 3909 3428 3356
f 3959 3866 3867
f 4017 4309 4016
f 4316 4008 3953
f 4448 4450 4449
f 4414 4417 4416
f 3435 3351 3433
f 4413 4415 4414
f 3899 3901 3900
f 3780 3648 3809
f 3474 3886 3885
f 3958 3192 3214
f 3221 3935 4427
f 3905 3907 3906
f 3913 4486 3313
f 4420 4421 4085
f 3881 3883 3882
f 4004 3790 4005
f 4271 4318 4316
f 4259 4296 4258
f 3501 4066 3468
f 5897 5900 5899
f 5901 5904 5903
f 8854 8856 8855
f 3789 3786 3720
f 3651 3781 3782
f 5924 5901 5925
f 8870 8873 8872
f 8876 8874 8873
f 5912 5918 5911
f 3805 3799 3737
f 3369 3395 3396
f 3923 3925 3924
f 3916 3512 3509
f 3641 3801 3642
f 4276 4323 4320
f 4181 4331 4330
f 4428 3377 4429
f 3495 4321 4322
f 4436 3380 3381
f 4430 4437 4435
f 3945 3958 3946
f 4065 4047 3418
f 4495 3408 4496
f 8913 8915 8914
f 8911 8917 8916
f 8889 8923 8890
f 8919 8931 8921
f 8884 8918 8885
f 8922 8931 8925
f 5852 5909 5851
f 5866 5915 5917
f 8926 8914 8915
f 8914 8883 8913
f 8886 8921 8888
f 5846 5894 5891
f 5873 5900 5868
f 8893 5764 5754
f 8894 5754 5753
f 5890 5927 8936
f 5885 5755 5758
f 5871 5902 5873
f 5763 5883 5762
f 5880 8936 5763
f 4175 4398 4399
f 4274 4255 4275
f 8883 5931 8882
f 8868 8898 8867
f 3289 3247 3292
f 3858 5485 5921
f 8850 8886 8888
f 4116 5409 4115
f 3889 4127 5415
f 3678 8938 8937
f 8857 8888 8889
f 3979 3294 3295
f 4126 3431 3823
f 3651 3679 3650
f 3460 5921 3354
f 4084 3310 3487
f 8905 8899 8898
f 3561 5397 5656
f 3213 5528 5519
f 4191 4193 4192
f 5449 5532 5533
f 4142 4031 4479
f 4060 5652 5651
f 4480 4482 4481
f 5519 3212 3213
f 5657 3330 3940
f 4473 4475 4474
f 3514 5668 5667
f 5663 5669 5665
f 8881 5926 8880
f 5734 5749 5750
f 4788 4677 4678
f 3997 3538 3506
f 3551 3310 3294
f 3577 3998 3999
f 4893 4676 4809
f 4753 4671 4672
f 8729 8885 8843
f 3813 9021 8937
f 8938 3813 8937
f 8882 5929 8881
f 4098 3820 3821
f 3399 5416 3398
f 5494 5503 4403
f 5880 5878 5881
f 4986 4861 4987
f 4999 5004 5010
f 4985 4988 4976
f 5816 5766 5810
f 4372 4384 4519
f 5688 5692 5679
f 8903 8901 8900
f 8879 5887 5888
f 8902 8880 8901
f 5919 5895 5920
f 4519 4342 4291
f 8847 8854 8853
f 5925 5903 5926
f 4021 4523 4025
f 5678 5676 4406
f 4424 4085 4421
f 5701 3577 3820
f 5928 5926 5929
f 5000 4980 5004
f 9022 3545 4113
f 9024 5409 5410
f 4008 4010 4009
f 3931 4516 4513
f 3822 3807 3821
f 8851 8844 8845
f 5728 5509 5721
f 9025 4115 5409
f 5209 5201 5208
f 4820 4653 4682
f 3988 5598 4508
f 3370 3357 3395
f 5639 5641 5640
f 5592 4477 5543
f 3378 5572 3381
f 5625 3265 5626
f 5594 5577 3406
f 3302 5645 3301
f 3274 3278 3273
f 5207 5233 5243
f 5071 5072 5075
f 4815 4785 4812
f 4796 4643 4760
f 3243 5643 5648
f 5301 5303 5300
f 5431 5655 5654
f 5251 5244 5252
f 3353 3523 3524
f 4174 3405 3411
f 3546 4113 3545
f 4002 3788 4004
f 4196 4238 4195
f 3232 5647 3231
f 4373 4266 4310
f 4867 5321 4902
f 5648 4058 3243
f 4455 3893 4453
f 5593 4511 5592
f 5275 5252 5253
f 5252 5274 5251
f 4092 3624 3597
f 3723 3743 3722
f 4780 4802 4796
f 4059 3560 5425
f 4317 4347 4270
f 5188 5192 5187
f 5570 5612 5569
f 3385 5633 3384
f 3526 5569 5612
f 3576 3608 3590
f 3581 3594 3580
f 5239 5238 5232
f 5081 5083 5082
f 4369 4528 4527
f 4325 4329 4360
f 3569 3286 3336
f 9022 4112 5709
f 3661 3801 3653
f 5074 5030 5064
f 5064 5063 5065
f 3563 3498 4146
f 3961 4119 5411
f 4854 4870 4735
f 5018 5028 5029
f 5007 5027 5028
f 5040 5039 5041
f 3240 3875 3239
f 5070 5029 5072
f 3504 3866 4111
f 3537 3591 3588
f 5033 5039 5032
f 4710 4635 4879
f 5017 4989 5014
f 5024 5046 5023
f 4991 5019 4990
f 4587 4574 4573
f 4996 4793 4878
f 5066 5059 5067
f 5221 5231 5220
f 5068 5057 5026
f 3675 3643 3642
f 3663 3675 3662
f 4722 4559 4822
f 3579 3590 3591
f 3686 3677 3678
f 4422 3499 4419
f 5142 5138 5133
f 5078 5075 5076
f 3609 3590 3608
f 3288 5411 3287
f 5424 5410 3246
f 5152 5156 5172
f 3960 5709 4112
f 4946 4957 4958
f 3867 5705 3959
f 9026 4113 5710
f 5192 5189 5187
f 5161 5194 5171
f 3637 3682 3636
f 4392 3847 3848
f 3796 4149 3795
f 4104 3727 4103
f 3594 3993 4088
f 3796 4134 5710
f 3687 4156 4157
f 3760 4164 4165
f 4464 3345 4467
f 3485 3868 3484
f 3846 5423 4130
f 3409 4496 3408
f 3767 3765 3762
f 3711 4159 4160
f 3797 4087 3510
f 4072 5562 5560
f 4502 5590 5589
f 5408 9027 4118
f 5683 5714 5682
f 5702 4110 5711
f 5623 4148 4167
f 5428 3525 3522
f 3668 3802 3667
f 4000 8938 3679
f 4221 4179 4380
f 4267 4388 4315
f 3721 4161 4159
f 3903 5706 5705
f 3583 4090 4091
f 3894 3524 3525
f 4635 4636 4634
f 4173 4009 4010
f 4890 5393 5394
f 5290 5293 5292
f 5339 5337 5333
f 5458 4438 4439
f 3251 5430 3910
f 3252 5419 3251
f 3428 5421 3427
f 3571 5418 3252
f 4583 4554 4593
f 4239 4224 4238
f 3322 5450 5449
f 5309 5306 5304
f 4109 3748 4108
f 5707 3794 3795
f 5139 5183 5140
f 5271 5290 5259
f 5280 5282 5279
f 5110 5125 5115
f 5319 4731 5317
f 5334 5339 5333
f 5423 3523 5422
f 5376 5378 5375
f 4721 4646 4674
f 3719 4159 4161
f 4853 4692 4795
f 5373 5330 5375
f 4428 5456 4437
f 5376 5328 5331
f 3337 4434 4431
f 4692 5395 4795
f 5475 4523 5476
f 5478 4068 4522
f 5421 4129 5422
f 5374 5375 5378
f 5283 5306 5282
f 5246 5234 5235
f 5154 5150 5153
f 4458 5561 4457
f 5163 5158 5168
f 5381 5378 5379
f 3397 5484 5483
f 4457 5563 5537
f 5147 5150 5149
f 4474 5544 5545
f 5325 5319 5326
f 5223 5388 5222
f 5517 3521 3519
f 4499 3347 4487
f 5404 4128 4129
f 3476 5506 3475
f 4084 5515 4083
f 3900 5477 3899
f 5536 5547 5546
f 5491 5493 5492
f 5474 4139 5401
f 4063 4522 4068
f 4459 5541 5540
f 5548 3360 3361
f 5444 5550 4396
f 3888 5415 5412
f 5546 3339 4445
f 5536 5538 5537
f 3570 5508 3477
f 4471 5589 4476
f 4280 3359 5933
f 5499 4403 5503
f 5189 5169 5165
f 5543 4478 5542
f 4051 5552 3374
f 3461 5507 3476
f 4629 4870 4869
f 5106 4909 4862
f 5286 5279 5282
f 5462 3364 3365
f 3491 5514 3840
f 5224 5231 5229
f 4478 5540 5542
f 4099 3742 3723
f 4803 4805 4804
f 4130 5422 4129
f 4470 4476 4473
f 4924 4921 4922
f 4920 4927 4926
f 4993 4987 4992
f 4887 4913 4912
f 3894 4070 4071
f 5472 5585 5586
f 3508 4134 3507
f 3603 4096 4097
f 3772 3992 4110
f 5712 5671 5672
f 3739 4162 4163
f 5683 3515 5715
f 5480 4495 5479
f 5698 5493 5498
f 3578 3996 3998
f 3645 4154 4155
f 5660 3466 3463
f 4135 5710 4134
f 5587 4073 5586
f 5687 5693 5686
f 3584 4091 4150
f 5585 5584 5588
f 4128 5415 4127
f 4257 4338 4526
f 4222 4178 4179
f 4366 4191 4216
f 5098 5091 5088
f 5761 5737 5760
f 5760 5738 5739
f 8852 5934 8844
f 8874 8855 8856
f 8895 8855 8877
f 5884 8842 8852
f 4557 4582 4560
f 8890 8917 8892
f 8918 8930 8920
f 8924 8915 8916
f 4182 4330 4190
f 3864 5711 4110
f 3574 3230 3231
f 3342 3415 3341
f 3488 3549 3840
f 4317 3953 3949
f 3672 4152 4153
f 5708 3865 5707
f 9021 3685 3686
f 3621 3616 3617
f 5728 4419 5727
f 4311 4028 4310
f 4131 3543 3841
f 4426 3842 4423
f 4518 4168 4427
f 5457 5464 5456
f 5425 3558 3837
f 5458 4437 5456
f 3416 5465 5457
f 5638 5437 5637
f 3985 5636 5637
f 5646 5636 5647
f 9023 3554 5402
f 5722 5514 5726
f 3256 3934 3255
f 4164 5734 5751
f 8885 8920 8887
f 3282 3929 3281
f 3292 3320 3291
f 3232 3300 3301
f 3303 3271 3334
f 3562 5432 3325
f 3392 3388 3391
f 3854 5350 3851
f 5463 5459 5458
f 5935 3885 5576
f 3879 3954 3878
f 3928 3391 3388
f 4137 4458 4138
f 5454 3850 3851
f 3548 3549 3550
f 4443 5470 4442
f 4452 4506 4447
f 4468 3415 3879
f 4443 3876 4483
f 3234 4515 4516
f 5434 3896 5433
f 5448 5441 5644
f 5447 5443 5442
f 4442 5471 5467
f 5550 3275 5551
f 5578 4520 3409
f 3464 5666 3463
f 4701 4839 4840
f 3259 4041 4030
f 4015 3423 4018
f 3558 3982 3839
f 4856 4823 4824
f 4741 4653 4740
f 3759 4106 3763
f 3560 3290 3559
f 9024 3557 3553
f 5438 3280 5439
f 3321 3290 3291
f 5557 4072 5560
f 5553 3396 5554
f 4045 4174 4044
f 4539 4849 4585
f 3536 3503 3588
f 5478 5574 5477
f 3800 3510 3511
f 4755 4886 4754
f 5561 5527 5563
f 5752 5732 5751
f 5752 5756 5765
f 3518 5493 5521
f 3767 4107 4108
f 3534 4097 3593
f 4395 3826 3827
f 3926 3371 3925
f 4446 5610 5611
f 4050 3980 3981
f 8887 8843 8885
f 5649 5640 5645
f 4643 4761 4760
f 3709 3784 3690
f 4778 4660 4777
f 5649 4054 5648
f 5646 3301 5645
f 3250 3910 3909
f 5884 5757 5761
f 5655 5936 5937
f 4224 4226 4225
f 4043 3412 4013
f 4286 4288 4287
f 4267 4310 4266
f 4493 4080 4494
f 3325 3226 3227
f 3925 3372 3928
f 4312 4314 4313
f 3996 3540 3541
f 8908 8912 8907
f 4023 4025 4024
f 3995 3891 3994
f 5482 5559 4137
f 4486 3921 4484
f 4300 4302 4301
f 5438 5644 5441
f 3233 3282 3270
f 3225 3227 3226
f 5446 5445 5443
f 5554 3397 5555
f 4834 4830 4772
f 4064 3350 4063
f 3596 3598 3597
f 5639 5648 5643
f 5434 5654 5658
f 4895 4830 4831
f 3674 3676 3675
f 3551 3978 3550
f 3835 3305 3306
f 3813 3702 3703
f 3691 4160 4157
f 4109 4101 4103
f 4565 4188 4564
f 3490 3547 3489
f 3672 3647 3673
f 8906 8912 8913
f 3810 3811 3734
f 4051 4397 4396
f 3566 4090 4088
f 5580 5476 5579
f 4456 5537 5538
f 5539 5546 5611
f 8844 8729 8843
f 8872 8874 8875
f 4383 4198 4195
f 4931 4927 4930
f 5529 5397 5396
f 5314 5323 5328
f 5347 5323 5324
f 4711 4599 4596
f 5387 5389 4696
f 5259 5292 5258
f 5195 4803 5126
f 5195 4746 4806
f 4639 4866 4685
f 4821 4681 4721
f 3421 5399 3260
f 4730 4601 4602
f 4807 4811 4786
f 4040 3421 3948
f 4844 4800 4797
f 3936 3929 3930
f 4894 4817 4823
f 5365 5383 5368
f 4657 4661 4658
f 5224 4770 4804
f 5368 5382 5380
f 5336 5352 5335
f 5353 5386 5363
f 4070 4454 4069
f 5396 3327 3328
f 5225 5312 4809
f 5384 5386 5385
f 5391 4695 4759
f 4735 4870 4630
f 4407 4409 4408
f 4623 4880 4706
f 5356 5352 5354
f 4578 4859 4577
f 3239 3217 3938
f 3937 3333 3939
f 4578 4534 4535
f 5467 4505 4452
f 4836 4826 4838
f 4422 5721 4421
f 3392 5556 5482
f 5564 5565 5547
f 3807 3663 3660
f 5922 4392 4281
f 3680 3692 3693
f 3630 3632 3631
f 4416 5725 4418
f 4033 3836 4176
f 3238 4168 3342
f 3466 3483 3484
f 3678 3650 3679
f 3677 3649 3650
f 3340 4431 3884
f 3562 5656 5655
f 5658 5938 5939
f 3642 3640 3641
f 3306 3334 3981
f 3256 3280 3281
f 8910 8892 8917
f 5868 5898 5859
f 8924 8922 8925
f 8935 8925 8931
f 8882 8913 8883
f 8925 8926 8924
f 8840 8936 5927
f 5852 5905 5907
f 5136 5124 5137
f 4243 4260 4242
f 5238 5228 5232
f 5642 5643 5644
f 3924 3928 3927
f 5412 5700 3888
f 3750 3751 3707
f 3746 3770 3769
f 3859 3861 3860
f 3972 3493 3494
f 5923 8861 5920
f 4945 4958 4959
f 3296 3286 3287
f 3824 3907 3823
f 3671 4154 4153
f 4137 5481 5482
f 3614 3802 3617
f 3283 3559 3290
f 4936 4934 4933
f 5511 5726 5514
f 4170 3926 3923
f 3572 3830 3826
f 3459 3858 3460
f 3496 4425 3495
f 3457 3436 3437
f 3984 3986 3985
f 3914 3386 4487
f 5512 5723 5511
f 4500 4483 4480
f 4501 4471 4472
f 4503 4505 4504
f 4143 4461 4490
f 3331 3222 3219
f 4016 4018 4017
f 3998 3776 3999
f 4114 5710 4113
f 4405 4406 4404
f 5602 5720 5719
f 4767 4804 4770
f 4929 4954 4928
f 4410 5665 5669
f 3888 5632 3887
f 4048 3977 3974
f 3947 3212 5652
f 5676 3472 3473
f 5782 5784 5783
f 4315 4311 4267
f 5699 5521 5493
f 5864 5825 5822
f 5826 5822 5823
f 5775 5805 5806
f 3236 3270 3271
f 5823 5859 5826
f 4957 4895 4917
f 8868 8865 8869
f 4281 3848 4280
f 4940 4971 4949
f 4013 4029 4043
f 3685 3701 3684
f 4339 4377 4391
f 8891 8872 8892
f 3753 3755 3754
f 4427 3220 3221
f 3809 3779 3780
f 3568 4418 3500
f 3880 3918 3805
f 3543 3842 3841
f 4646 4648 4647
f 4656 4597 4598
f 4781 4820 4784
f 4972 4974 4973
f 5101 5109 5120
f 5095 5115 5125
f 5090 5132 5093
f 5131 5134 5133
f 5134 5127 5135
f 5117 5140 5129
f 3539 3863 3595
f 4006 3792 4007
f 5128 5099 5124
f 5097 5089 5096
f 5274 5271 5259
f 4571 4569 4549
f 4225 4238 4224
f 5156 5170 5172
f 4538 4540 4537
f 4622 4665 4662
f 4981 5004 4980
f 5012 4975 5013
f 5148 5149 5157
f 5157 5133 5134
f 5161 5145 5160
f 4261 4242 4260
f 5294 5291 5268
f 4255 4532 4261
f 5274 5250 5251
f 4246 4207 4248
f 3314 3927 3912
f 4670 4672 4671
f 4995 4673 4986
f 4638 4603 4600
f 4341 4525 4340
f 5163 5165 5162
f 4834 4784 4819
f 4784 4682 4819
f 4844 4687 4688
f 5280 5275 5285
f 4217 4564 4188
f 4554 4556 4555
f 4551 4556 4594
f 4549 4544 4571
f 5141 5173 5175
f 4653 4683 4682
f 4973 4989 4988
f 4984 5015 4983
f 5177 5170 5178
f 5166 5181 5182
f 5141 5139 5138
f 5178 5151 5177
f 5244 5203 5245
f 5252 5245 5253
f 4479 4079 4493
f 4402 4404 4403
f 3500 4419 3499
f 5856 5909 5913
f 4488 3348 3349
f 8851 5885 5886
f 3607 5701 4098
f 3508 3503 3504
f 5847 5896 5894
f 4374 4309 4263
f 3380 4438 3379
f 9025 3553 3554
f 5718 4131 3973
f 3300 3283 3321
f 5551 3276 5552
f 5552 3369 5553
f 5555 5483 5557
f 5859 5896 5858
f 4133 3794 3915
f 3606 3652 3610
f 4900 4766 4691
f 4616 4789 4788
f 3738 4164 3757
f 4774 4642 4801
f 4399 3402 4175
f 5853 5795 5851
f 3936 4427 3935
f 3418 4064 4065
f 5510 3840 5514
f 3270 3279 3269
f 3274 4056 4055
f 4359 4305 4306
f 4135 3504 4111
f 3610 3609 3606
f 3837 3557 5425
f 5940 4401 5941
f 5853 5803 5847
f 5725 5515 5727
f 3246 4117 3245
f 5713 5672 5681
f 4918 4916 4915
f 4148 3771 5703
f 5106 5113 5111
f 4147 5709 4146
f 5152 5177 5151
f 9026 4111 4112
f 5104 5103 5112
f 3531 3485 3593
f 3713 3715 3714
f 3699 3815 3697
f 4467 4459 4478
f 4703 4736 4640
f 5405 3846 5406
f 3555 3963 3964
f 4120 5411 4119
f 4217 4185 4218
f 3279 5441 3269
f 4944 4959 4966
f 4353 4344 4357
f 3815 3716 4104
f 3374 4052 4051
f 4491 4516 4515
f 5865 5833 5866
f 5819 5856 5862
f 5807 5856 5808
f 3933 3281 3929
f 3208 3920 3919
f 8907 8902 8903
f 5288 5295 5287
f 3728 3747 3748
f 3309 4083 3336
f 5119 5101 5120
f 3811 3789 4002
f 3595 3992 3993
f 4106 4100 4107
f 5696 5576 3885
f 3708 3750 3707
f 3744 4165 4163
f 5905 5892 5906
f 3403 4175 3402
f 4133 3506 3507
f 4147 3544 3545
f 3561 3325 3324
f 3237 3239 3238
f 4877 4793 4794
f 3241 3243 3242
f 3597 3625 3596
f 3279 3281 3280
f 3371 3373 3372
f 3599 3567 3598
f 3975 4032 4031
f 3277 3250 3278
f 3774 3565 3773
f 3658 3780 3779
f 4961 4963 4960
f 3600 3616 4096
f 4228 4202 4199
f 4011 4318 4350
f 4307 4262 4308
f 4838 4841 4842
f 4782 4773 4743
f 4914 4946 4947
f 4839 4765 4836
f 4771 4645 4642
f 4962 4964 4963
f 4966 4963 4964
f 3601 3615 3600
f 5878 5879 5881
f 5890 5881 5889
f 3720 4158 3719
f 4755 4689 4663
f 3740 3718 3739
f 5695 5686 5714
f 5740 5742 5741
f 5733 5736 5749
f 5755 5750 5749
f 5745 5762 5740
f 5798 5800 5799
f 4706 4879 4705
f 5651 5619 5620
f 5850 5797 5772
f 5804 5806 5805
f 4087 5707 4086
f 5915 5914 5916
f 5703 4167 4148
f 5893 5896 5895
f 5892 5919 8858
f 5706 5664 4081
f 5786 5788 5787
f 3973 3841 3493
f 4831 4915 4916
f 5906 8858 8859
f 4965 4969 4964
f 4684 4846 4842
f 3589 3611 3604
f 3596 4150 4091
f 5877 5763 5745
f 4121 4123 4122
f 3469 3868 3502
f 3204 3208 3207
f 3716 3726 3727
f 5460 5426 3571
f 3465 3470 3464
f 5738 3764 3765
f 4887 4655 4888
f 4203 4205 4204
f 3959 4082 4089
f 5758 5886 5885
f 5781 5872 5780
f 4675 4723 4674
f 3757 5751 5732
f 3334 3272 3335
f 8880 5903 5911
f 5615 3473 5614
f 5759 5760 5743
f 8845 8848 8847
f 5778 5780 5779
f 8857 8849 8850
f 4132 3798 3859
f 5839 5841 5842
f 560 3187 559
f 5747 4007 3792
f 5928 8840 5927
f 5766 5768 5767
f 4848 4956 4847
f 4953 4967 4965
f 4832 4910 4915
f 5879 5888 5887
f 3598 3530 4095
f 5747 5730 5748
f 5754 5748 5730
f 5810 5812 5811
f 5758 5749 5736
f 4315 4387 4314
f 5917 5916 5918
f 5913 5910 5914
f 5930 8841 8840
f 4951 4968 4953
f 3209 3201 3202
f 4059 3246 3247
f 8731 8842 8841
f 3776 3585 3778
f 5770 5772 5771
f 5891 5893 5892
f 9028 5641 5439
f 5814 5816 5815
f 5662 5673 5661
f 3522 3524 3523
f 5630 5942 5496
f 5791 5795 5794
f 5746 3754 5876
f 5928 5931 5930
f 5743 5739 5742
f 5876 5875 5878
f 3678 9021 3686
f 4200 4207 4199
f 4114 3916 4149
f 3601 3605 3604
f 3818 3712 3817
f 3315 3317 3316
f 5899 5902 5901
f 8840 5883 8936
f 5562 5559 5560
f 4416 3448 4414
f 3189 3191 3190
f 4751 4747 4671
f 4181 4180 4177
f 3832 5454 5351
f 3362 3526 3361
f 5678 5699 5698
f 3497 3499 3498
f 448 807 447
f 647 122 270
f 5690 5677 5697
f 4183 4185 4184
f 1833 1780 1832
f 5920 5897 5923
f 510 508 507
f 4401 5944 5941
f 5656 5530 5936
f 3970 5940 4293
f 5653 5939 5946
f 5450 5946 5532
f 3384 5945 5487
f 4403 4299 5494
f 5944 3968 5949
f 3963 5951 3852
f 5614 3474 5935
f 5427 3857 5951
f 3210 1887 3201
f 1887 3200 3201
f 15 3197 3200
f 16 3195 3197
f 3195 3187 3194
f 3194 1899 3207
f 3207 375 3204
f 387 126 127
f 3189 1760 5650
f 9029 757 758
f 763 2172 2175
f 9035 9032 9033
f 9033 9031 9030
f 9046 9048 9047
f 8751 9054 8752
f 9078 9077 9079
f 9083 9051 9053
f 9088 9047 9048
f 9099 9040 9097
f 9102 9036 9099
f 9105 9032 9103
f 9105 9106 9031
f 1801 9108 9107
f 9103 9034 9102
f 9096 9047 9089
f 1767 9111 9112
f 1597 9113 1600
f 1708 9117 9116
f 9123 9119 9118
f 9118 9125 9124
f 1588 9116 1587
f 2080 9118 2082
f 2082 9124 2084
f 9126 9087 9083
f 9129 9088 9087
f 5512 5943 5947
f 5634 5488 5948
f 5724 5947 5616
f 9134 9097 9133
f 9144 9102 9138
f 9133 9096 9132
f 786 9144 785
f 9146 9103 9144
f 785 9138 497
f 497 9134 650
f 650 9133 564
f 9148 9133 9132
f 8756 9057 8753
f 9154 9130 9129
f 9151 9131 9130
f 9097 9090 9096
f 1799 9111 1768
f 5949 3964 3853
f 9160 8809 8811
f 8813 9160 8811
f 9166 564 9148
f 9067 9054 9052
f 9162 9148 9150
f 9087 9048 9051
f 9081 9079 9082
f 9049 9051 9048
f 9082 9167 9081
f 9079 9049 9046
f 9169 9175 9170
f 9167 9112 9081
f 9168 9177 9167
f 9120 9113 9177
f 9120 9169 9119
f 9119 9170 9125
f 9179 9125 9170
f 9180 9124 9125
f 9178 9170 9175
f 1576 2084 9124
f 9179 9183 9181
f 3203 1387 3190
f 3190 1791 3189
f 5618 1949 3210
f 317 259 391
f 2000 9105 9146
f 9053 9052 9054
f 9041 9036 9037
f 9029 756 2170
f 9037 9034 9035
f 9130 9089 9088
f 3204 376 3203
f 1801 9109 1799
f 9181 9180 9179
f 1575 9190 1088
f 9187 1576 9180
f 1776 1796 1775
f 1293 1290 1284
f 1326 1327 12
f 1294 1234 1290
f 878 1330 1337
f 5633 5490 5945
f 5933 3360 5502
f 5613 5948 5500
f 5604 3844 5720
f 3972 5950 5601
f 3494 4322 5950
f 4406 5615 4298
f 3492 4292 5943
f 5631 5495 5942
f 497 374 498
f 122 413 121
f 5624 3398 5416
f 9151 9156 9160
f 9058 8752 9054
f 9160 9150 9151
f 8815 9162 8813
f 9156 8794 8809
f 439 399 438
f 1512 1526 1511
f 1668 1738 1671
f 839 1362 838
f 1362 826 1012
f 3425 3418 4047
f 4905 5243 4808
f 4621 4662 4690
f 5582 5574 5577
f 4754 4756 4755
f 3902 4021 4022
f 9295 1896 9267
f 2053 2118 2117
f 9340 2120 2119
f 696 9268 9283
f 4922 4939 4924
f 4365 4186 4183
f 5105 4862 4670
f 5228 5226 5225
f 4781 4877 4794
f 5218 5238 5217
f 4990 4992 4991
f 4335 4336 4251
f 4993 4972 5002
f 4794 4792 4750
f 5886 8852 8851
f 5405 5417 5416
f 4669 4764 4668
f 4676 4698 4679
f 1826 639 640
f 9192 9181 9183
f 5232 5233 5204
f 5418 4122 5419
f 956 886 960
f 5720 3512 5717
f 4728 4730 4729
f 8879 8863 8862
f 1980 1922 807
f 4969 4966 4964
f 33 105 164
f 9028 3254 5437
f 3837 3839 3838
f 4382 4301 4383
f 3908 4122 4123
f 4290 4294 4291
f 4400 4055 4056
f 3219 3221 3220
f 8894 8877 8876
f 4640 4735 4630
f 4389 4216 4213
f 3267 4493 4451
f 3268 4463 4144
f 5097 5098 5088
f 5094 5096 5095
f 5654 5937 5938
f 4089 3960 3959
f 5159 5162 5160
f 5202 5249 5205
f 5412 5414 5413
f 5715 3516 5716
f 5723 4423 5726
f 4263 4323 4374
f 3994 3564 3774
f 1343 9308 9309
f 3470 5667 3464
f 5659 5671 5706
f 3319 4053 3299
f 9359 2128 9354
f 1766 1582 1594
f 14 2163 738
f 595 99 594
f 5703 3772 5702
f 5206 5229 5209
f 3437 3458 3457
f 5516 3487 5509
f 5122 5087 5123
f 3223 3934 3935
f 3979 5402 3978
f 3828 3320 3827
f 5663 4081 5664
f 4035 4490 4461
f 4426 5724 4425
f 3881 4447 4444
f 5407 4118 4119
f 5691 5689 5687
f 5661 5672 5671
f 5911 8901 8880
f 3902 3871 4046
f 5541 5539 5606
f 4069 5561 5562
f 3248 3292 3247
f 1346 1044 1352
f 748 1425 747
f 3297 3255 3934
f 5445 4056 5550
f 5783 5830 5831
f 4310 4376 4373
f 5857 5800 5802
f 3882 4452 3881
f 3193 3919 3951
f 3190 3206 3203
f 4266 4268 4267
f 4488 3420 4486
f 3331 3940 3330
f 4282 4284 4283
f 4606 4607 4605
f 4628 4708 4712
f 4659 4733 4658
f 4615 4829 4614
f 4718 4713 4717
f 5722 4421 5721
f 3307 3461 3433
f 4686 4634 4636
f 3966 3550 3978
f 4738 4875 4873
f 3416 3237 3341
f 4527 4208 4200
f 5093 5114 5092
f 5124 5086 5122
f 5117 5138 5139
f 4631 4640 4630
f 5166 5168 5167
f 5185 5187 5186
f 5194 5191 5171
f 3245 4118 9027
f 5214 5203 5200
f 3230 3318 3284
f 5237 5217 5238
f 5250 5258 5255
f 5113 5084 5085
f 5270 5269 5268
f 4906 5107 4768
f 5271 5267 5270
f 5276 5262 5263
f 5153 5174 5173
f 5290 5268 5291
f 5306 5303 5304
f 5147 5146 5143
f 4585 4856 4584
f 3226 5436 3225
f 4473 4504 4470
f 5765 8897 8895
f 4529 4247 4530
f 8923 8916 8917
f 5713 5682 5714
f 3315 3898 3322
f 5564 5537 5563
f 4468 4441 5466
f 3738 4163 4165
f 4577 4559 4560
f 5567 3366 3363
f 3587 4150 4151
f 5471 4504 4505
f 5860 5816 5817
f 3516 5558 5932
f 5436 5637 5437
f 5050 5083 5060
f 5547 3338 3339
f 9023 3295 4115
f 5708 4132 5711
f 4104 3814 3815
f 3718 4161 4162
f 5498 5679 5692
f 3884 4432 3883
f 3955 3877 3878
f 4049 4061 3977
f 8892 8875 8890
f 4572 4218 4569
f 4440 4442 4441
f 4497 3407 3408
f 4632 4633 4724
f 8906 8881 8902
f 5664 5670 5663
f 3751 3706 3707
f 3511 3736 3800
f 5129 5116 5117
f 5086 5098 5085
f 5135 5128 5136
f 5143 5145 5144
f 5168 5136 5137
f 5297 5246 5257
f 5164 5160 5162
f 5155 5171 5170
f 5137 5167 5168
f 5293 5307 5305
f 5513 4083 5515
f 4053 3825 4057
f 3228 3298 3227
f 3631 3635 3636
f 5689 5670 5693
f 5759 5883 5882
f 3793 3507 4134
f 4906 4891 4907
f 4719 4901 4720
f 3597 4095 4092
f 3352 4125 3262
f 9064 9058 9067
f 9076 9067 9077
f 9083 8794 9126
f 9131 9096 9089
f 9138 9099 9134
f 9154 9126 9156
f 9077 9052 9049
f 9053 8766 9083
f 9191 9187 9181
f 9082 9046 9193
f 9193 9168 9082
f 1284 1288 1285
f 9150 9132 9131
f 3841 3496 3493
f 3570 3336 4083
f 4027 4312 3258
f 4889 4781 4794
f 4041 4044 4043
f 4885 4813 4829
f 5419 3905 5430
f 4367 4227 4224
f 1778 1780 1779
f 1792 1584 1789
f 4308 3869 4307
f 4594 4762 4551
f 4767 4769 4768
f 5461 3366 3847
f 4763 4716 4720
f 4919 4915 4910
f 4300 4334 4333
f 5196 5198 5197
f 5158 5135 5136
f 5431 5433 5432
f 4545 4571 4544
f 4557 4594 4556
f 695 571 694
f 4156 3626 3694
f 4861 4670 4862
f 5681 5674 5682
f 5473 5580 5583
f 3622 4152 4151
f 5647 3574 3231
f 3674 3808 3649
f 4420 3498 3499
f 5675 5666 5674
f 3253 5439 3280
f 5870 5917 5912
f 8887 8919 8886
f 5862 5913 5915
f 3534 3485 3482
f 3313 4484 3312
f 9090 9046 9047
f 4871 4695 4855
f 3778 3822 3819
f 4889 4874 4875
f 4000 3784 4001
f 4897 4911 4910
f 3856 3838 3839
f 4772 4896 4771
f 4015 4376 4014
f 3433 3476 3435
f 4053 3302 3299
f 3367 3363 4434
f 3242 3831 3241
f 3441 4082 4081
f 4735 4855 4854
f 4756 4737 4689
f 3382 3384 3383
f 3698 3697 3682
f 4676 4678 4677
f 4948 4941 4944
f 4890 4805 4747
f 4757 4745 4737
f 4581 4380 4586
f 5716 5932 5597
f 4923 4926 4932
f 5077 5081 5076
f 5078 5058 5054
f 4009 5400 3952
f 5081 5078 5076
f 3930 4513 4514
f 4014 4028 4029
f 4025 4020 4021
f 3618 4096 3616
f 4581 4576 4580
f 4219 4188 4189
f 5440 3335 3272
f 5449 3323 3322
f 4229 4177 4202
f 4590 4214 4589
f 4227 4184 4226
f 4574 4858 4547
f 4565 5453 4563
f 4592 4588 4589
f 4590 4573 4579
f 3517 5521 3519
f 3845 3522 5423
f 4444 3884 3881
f 3982 5533 5535
f 4465 4497 4495
f 4520 4521 4496
f 4076 5591 5590
f 3635 3666 3634
f 3343 4498 5481
f 4022 3870 3871
f 3661 4098 3660
f 5691 5697 5692
f 3768 5742 5739
f 4514 3956 4518
f 3697 3814 3696
f 4394 5460 4395
f 4054 4057 4058
f 3284 3323 3559
f 4052 4169 4397
f 4447 4510 4446
f 4456 3346 4138
f 4483 3877 4482
f 4482 4512 4492
f 4492 4513 4516
f 5642 5439 5641
f 5448 5442 5440
f 5466 3882 3883
f 3340 4445 3339
f 8908 8910 8911
f 4397 3835 3980
f 5413 3521 5412
f 3234 3932 3233
f 5753 8895 8894
f 8896 5756 5755
f 8921 8889 8888
f 8915 8911 8916
f 3933 3935 3934
f 3620 3657 3623
f 3966 3968 3967
f 4905 4769 4770
f 3225 5437 3254
f 5433 3984 5435
f 5714 5693 5713
f 5435 3985 5436
f 3954 3955 3878
f 4713 4632 4724
f 4879 4632 4705
f 3983 3896 3897
f 9027 3248 3245
f 5871 5912 5904
f 5849 5891 5905
f 4702 4640 4641
f 4213 4579 4389
f 3644 3688 3689
f 9193 9040 9041
f 8920 8935 8919
f 5406 4130 4127
f 4140 5401 4139
f 5659 3904 5660
f 4772 4783 4834
f 4244 4246 4245
f 4061 4037 4038
f 3669 3803 3668
f 3459 3209 3202
f 4072 5484 4071
f 4835 4834 4819
f 5660 5661 5659
f 4262 4264 4263
f 3633 3627 3628
f 3685 3676 3686
f 4517 3235 3304
f 4145 4085 3544
f 5455 5459 3850
f 5638 5640 5641
f 3228 3254 3255
f 4044 3411 3412
f 3614 3612 3613
f 3273 3275 3274
f 4952 4961 4918
f 4959 4960 4963
f 4888 4761 4860
f 4254 4256 4255
f 4199 4201 4200
f 4499 4465 5480
f 5479 4496 4521
f 5952 5954 5955
f 5956 5958 5959
f 5959 5960 5961
f 5962 5964 5965
f 5966 5968 5969
f 5967 5971 5968
f 5963 5961 5960
f 5972 5964 5973
f 5974 5976 5977
f 5978 5980 5981
f 5982 5984 5985
f 5986 5985 5984
f 5988 5990 5991
f 5992 5994 5995
f 5996 5998 5999
f 6000 6002 6003
f 6004 6006 6007
f 6008 6010 6011
f 6012 6014 6015
f 6016 6018 6019
f 6020 6022 6023
f 6024 6026 6027
f 6028 6030 6031
f 6032 6034 6035
f 6036 6038 6039
f 6040 6013 6012
f 6042 6044 6045
f 5992 6047 5993
f 6048 6050 6051
f 6052 6054 6055
f 6056 6058 6059
f 6060 5987 5986
f 6062 6064 6065
f 6066 6068 6069
f 6070 6027 6026
f 6072 6057 6056
f 6075 6077 6074
f 6078 6080 6081
f 6082 6054 6084
f 6085 6081 6086
f 6087 5990 6088
f 6061 6089 5987
f 6089 6091 6092
f 6092 6093 6094
f 6095 5981 6096
f 6062 6084 6063
f 6097 6035 6034
f 6056 6099 6072
f 6100 6102 6103
f 6001 6104 6105
f 6107 6109 6106
f 6110 6112 6113
f 6114 6025 6115
f 6116 6118 6119
f 6120 6122 6123
f 6124 6126 6127
f 6128 6101 6100
f 6039 6131 6036
f 6132 6134 6135
f 6136 6138 6003
f 6139 6141 6142
f 6143 6145 6146
f 6148 6150 6147
f 6152 6154 6151
f 6155 6157 6158
f 6159 6161 6162
f 6163 6165 6166
f 6167 6169 6170
f 6171 6173 6174
f 6175 6104 6177
f 6178 6180 6181
f 6023 6183 6020
f 6184 6186 6187
f 6117 6188 6189
f 6190 6192 6193
f 6194 6026 6114
f 6195 6191 6190
f 6197 6199 6200
f 6201 6203 6204
f 6205 6207 6208
f 6209 6201 6204
f 6197 6211 6212
f 6212 6213 6214
f 5979 6214 6213
f 6203 6217 6204
f 6206 6198 6207
f 6218 5962 6219
f 5965 6219 5962
f 5972 3354 6221
f 6070 6222 6223
f 6224 6226 6227
f 6228 6230 6231
f 6232 6234 6235
f 6196 6236 6237
f 6071 6223 6238
f 6239 6241 6242
f 6243 6245 6246
f 6247 6248 6249
f 6250 6252 6253
f 6254 6256 6257
f 6258 6260 6261
f 6229 6263 6230
f 6264 6242 6241
f 6266 6268 6269
f 6270 6272 6273
f 6274 6276 6277
f 6195 6279 6236
f 6280 6281 6282
f 6283 6285 6286
f 6123 6287 6288
f 6289 6291 6292
f 6293 6243 6295
f 6240 6297 6241
f 6298 6267 6266
f 6300 6302 6303
f 6304 6306 6307
f 6251 6308 6309
f 6247 6311 6312
f 6313 6315 6316
f 6314 6317 6318
f 6319 6320 6321
f 6322 6088 6323
f 6216 6258 6217
f 6325 6327 6328
f 6217 6261 6329
f 6330 6238 6331
f 6071 6048 6027
f 6015 6333 6012
f 6079 6335 6080
f 6336 6240 6239
f 6294 6296 6240
f 6337 6339 6340
f 6341 6343 6344
f 6345 6347 6348
f 6266 6349 6298
f 6350 6352 6353
f 6295 6246 6354
f 6303 6356 6300
f 6357 6359 6360
f 6361 6363 6364
f 6365 6353 6366
f 6367 6369 6370
f 6371 6370 6372
f 6372 6374 6371
f 6375 6373 6376
f 6376 6378 6375
f 6379 6381 6382
f 6383 6385 6386
f 6387 6389 6390
f 6391 6393 6394
f 6395 6397 6398
f 6398 6400 6395
f 6399 6402 6400
f 6403 6401 6404
f 6405 6407 6408
f 6409 6411 6412
f 6367 6413 6414
f 6374 6415 6416
f 6417 6384 6383
f 6419 6348 6347
f 6421 6423 6424
f 6425 6400 6402
f 6426 6395 6400
f 6393 6428 6429
f 6429 6394 6393
f 6390 6431 6432
f 6433 6408 6407
f 6435 6437 6438
f 6439 6411 6438
f 6392 6441 6442
f 6397 6442 6443
f 6401 6444 6445
f 6446 6437 6404
f 6448 6450 6451
f 6452 6454 6455
f 6442 6456 6457
f 6443 6457 6458
f 6444 6460 6461
f 6445 6461 6462
f 6463 6462 6465
f 6446 6462 6464
f 6466 6468 6469
f 6448 6470 6471
f 6453 6472 6473
f 6474 6476 6477
f 6478 6480 6481
f 6482 6484 6485
f 6486 6488 6489
f 6490 6492 6493
f 6493 6494 6495
f 6496 6498 6499
f 6500 6502 6503
f 6504 6506 6507
f 6508 6509 6510
f 6511 6513 6508
f 6499 6515 6496
f 6516 6518 6519
f 6520 6522 6523
f 6524 6525 6526
f 6507 6527 6504
f 6504 6528 6510
f 6528 6508 6510
f 6529 6531 6532
f 6342 6534 6343
f 6535 6346 6536
f 6347 6537 6419
f 6434 6539 6408
f 6539 6405 6408
f 6541 6451 6450
f 6543 6470 6545
f 6546 6481 6547
f 6499 6548 6549
f 6549 6514 6499
f 6551 6553 6554
f 6555 6557 6558
f 6403 6423 6559
f 6426 6413 6416
f 6415 6428 6427
f 6430 6561 6562
f 6434 6420 6419
f 6563 6565 6566
f 6404 6445 6446
f 6459 6399 6398
f 6455 6388 6387
f 6405 6449 6406
f 6540 6450 6405
f 6567 6568 6569
f 6570 6463 6567
f 6475 6490 6465
f 6458 6571 6572
f 6573 6574 6575
f 6576 6578 6579
f 6193 6580 6581
f 6582 6584 6585
f 6583 6586 6587
f 6588 6587 6586
f 6590 6068 6591
f 6592 6594 6319
f 6251 6595 6252
f 6304 6597 6598
f 6272 6599 6273
f 3737 6558 6557
f 6600 6160 6601
f 6123 6603 6120
f 6604 6606 6607
f 6608 6208 6609
f 5972 6220 5965
f 6610 6612 6556
f 6613 6615 6616
f 6242 6618 6239
f 6226 6245 6227
f 6620 6622 6623
f 6624 6146 6625
f 6626 6211 6136
f 6627 6629 6630
f 6631 6633 6634
f 6235 6636 6232
f 6637 6639 6640
f 6641 6286 6642
f 6643 6645 6646
f 6647 6649 6650
f 6244 6294 6336
f 6336 6652 6244
f 6194 6237 6222
f 6196 6114 6191
f 6115 6191 6114
f 6653 6655 6656
f 6657 6189 6658
f 6117 6659 6118
f 6130 6156 6131
f 6133 6151 6134
f 6661 6662 6660
f 6663 6616 6552
f 6664 6273 6665
f 6418 6432 6431
f 6290 6328 6291
f 6666 6556 6612
f 6557 3805 3737
f 5971 6668 5968
f 6181 6670 6178
f 6671 6673 6674
f 6676 6672 6675
f 6675 6149 6676
f 6067 5999 5998
f 6677 6679 6680
f 6681 6683 6684
f 6087 6090 6089
f 5983 6685 6686
f 5982 6687 6685
f 6094 6688 6687
f 6211 6137 6136
f 6689 6691 6692
f 6690 3833 3832
f 6001 6686 6002
f 5978 6215 5979
f 6694 5978 6095
f 5974 6095 6695
f 6183 6696 6697
f 6698 5961 6218
f 5959 6699 5956
f 6697 6700 6701
f 6702 6703 6704
f 5968 6705 5969
f 6706 5955 5954
f 6707 6617 6708
f 6024 6709 6710
f 6402 6559 6425
f 3852 6712 3853
f 3856 6593 3857
f 5977 6694 5974
f 6713 5977 5976
f 6714 6716 6717
f 6718 6308 6250
f 6720 6254 6721
f 6722 6724 6725
f 6312 6726 6727
f 6069 6728 6729
f 6319 6730 6086
f 6731 6644 6732
f 6732 6734 6731
f 6046 6320 6047
f 3880 6666 6735
f 6736 6738 6739
f 6531 6741 6326
f 6300 6614 6613
f 6742 6325 6290
f 6743 3891 3890
f 6744 6301 6745
f 6746 6534 6533
f 6536 6579 6535
f 6535 6563 6537
f 6566 6537 6563
f 6538 6409 6539
f 6412 6539 6409
f 6412 6541 6540
f 6748 6542 6541
f 6749 6545 6542
f 6568 6547 6543
f 6751 6548 6546
f 6753 6550 6549
f 6755 6757 6758
f 6759 6761 6762
f 6763 6765 6762
f 6764 6623 6765
f 6766 6768 6769
f 6770 6772 6773
f 6774 6776 6777
f 6021 6777 6022
f 6723 6779 6724
f 6780 6782 6783
f 6784 6786 6787
f 6788 6790 6791
f 6185 6793 6186
f 6794 6725 6795
f 6729 6098 6097
f 6135 6798 6132
f 6799 6065 6800
f 6037 6802 6038
f 6005 6588 6586
f 6005 6804 6006
f 6052 6010 6805
f 6586 6803 6005
f 6092 5987 6089
f 6094 5985 6092
f 6096 6695 6095
f 6082 6799 6585
f 6657 6041 6659
f 6013 6658 6014
f 6795 6807 6808
f 6809 6811 6812
f 6813 6815 6816
f 6817 6819 6820
f 6821 6823 6824
f 6329 6204 6217
f 6202 6826 6203
f 6072 6827 6828
f 6598 6305 6304
f 6301 6613 6663
f 6830 6271 6270
f 6822 6778 6823
f 6326 6832 6327
f 6203 6833 6216
f 6027 6051 6024
f 6360 6835 6357
f 6836 6838 6839
f 6837 6841 6838
f 6362 6366 6363
f 6380 6384 6381
f 6421 6578 6842
f 6566 6410 6409
f 6394 6388 6391
f 6414 6368 6367
f 6371 6416 6413
f 6561 6378 6382
f 6382 6562 6561
f 6381 6418 6562
f 6389 6430 6431
f 6391 6454 6441
f 6441 6453 6456
f 6456 6473 6574
f 6495 6750 6568
f 6843 6485 6484
f 6844 6843 6846
f 6573 6847 6848
f 6849 6487 6486
f 6513 6752 6469
f 6517 6850 6503
f 6521 6851 6850
f 6844 6852 6853
f 6505 6510 6509
f 6753 6512 6754
f 6516 6521 6517
f 6614 6854 6615
f 6742 4003 3891
f 6708 6855 6856
f 6307 6857 6858
f 6307 6665 6304
f 6414 6425 6559
f 6416 6427 6426
f 6562 6431 6430
f 6419 6538 6434
f 6358 6839 6359
f 6059 6859 6860
f 6861 6863 6864
f 6865 6867 6868
f 6115 6869 6870
f 6871 6873 6874
f 6721 6596 6875
f 6876 6556 6555
f 6877 6552 6551
f 6551 6268 6877
f 6879 6265 6269
f 6239 6651 6336
f 6230 6619 6226
f 6171 6669 6880
f 6106 6882 6881
f 6883 6822 6821
f 6759 6187 6174
f 6725 6785 6807
f 6885 6808 6791
f 6886 6888 6031
f 6701 6756 6755
f 6884 6779 6822
f 6715 6309 6308
f 6889 6890 6891
f 6743 4042 6892
f 6270 6893 6830
f 6386 6895 6383
f 6895 6420 6896
f 6897 6417 6896
f 6897 6407 6898
f 6390 6899 6387
f 6900 6406 6449
f 6455 6901 6452
f 6902 6904 6471
f 6482 6905 6483
f 6501 6907 6502
f 6496 6908 6909
f 6532 6326 6325
f 6532 6743 6529
f 6612 6735 6666
f 6611 6910 6612
f 6626 5979 6213
f 6704 6105 6702
f 6913 6591 6914
f 6915 6795 6885
f 6229 4067 4066
f 6263 6289 6619
f 6745 6663 6877
f 6916 6757 6917
f 6885 6165 6915
f 6920 6783 6919
f 6921 6923 6924
f 6925 6924 6926
f 6927 6929 6930
f 6931 6933 6934
f 6935 6937 6938
f 6939 6941 6942
f 6943 6945 6946
f 6947 6949 6950
f 6944 6951 6952
f 6953 6955 6956
f 6957 6959 6960
f 6961 6929 6963
f 6964 6966 6967
f 6968 6970 6971
f 6969 6955 6970
f 6972 6946 6973
f 6974 6976 6977
f 6978 6980 6981
f 6940 6982 6983
f 6984 6986 6987
f 6988 6990 6991
f 6992 6989 6993
f 6994 6996 6997
f 6998 7000 7001
f 7002 7004 7005
f 7006 7008 7009
f 7010 7012 7013
f 7014 7016 7017
f 7018 6999 6998
f 7020 7022 7023
f 7024 7026 7027
f 7028 7030 7031
f 7032 7034 7035
f 7003 7036 7037
f 7038 7040 7027
f 6993 7030 7041
f 7042 7044 7045
f 7046 7007 7006
f 7011 7048 7049
f 7050 7052 7053
f 7054 7014 7055
f 7015 7056 7057
f 6621 7045 7044
f 7049 6775 6774
f 7051 6021 6020
f 7055 6701 7054
f 7054 6755 7056
f 6764 7047 7046
f 7020 7059 7013
f 7060 7062 7063
f 6958 7065 6959
f 6925 7067 6973
f 7068 6934 6926
f 7069 6991 7070
f 7071 7072 7073
f 7074 7076 7077
f 7078 7080 7081
f 7014 7082 7083
f 7084 7086 7087
f 7025 7031 7026
f 7085 7072 7088
f 7089 7087 7090
f 7055 7083 7091
f 7090 6770 6773
f 7092 7094 7095
f 7091 6697 7055
f 6770 7086 6758
f 7095 6767 6766
f 7096 6980 7097
f 7098 6940 7099
f 7058 7023 7100
f 7101 6930 7102
f 6974 7063 6967
f 7103 6971 7104
f 7105 6981 6977
f 7106 7036 7108
f 7109 7010 7110
f 7111 7018 7034
f 7098 7037 7100
f 7048 7112 6775
f 7113 7041 6997
f 6994 7115 7088
f 6965 6923 6966
f 6975 6945 6976
f 7061 7065 7062
f 6954 6933 6963
f 6763 7109 7047
f 7046 6620 6764
f 6947 7067 6956
f 6758 7056 6755
f 7118 7039 7038
f 7038 7070 7118
f 7106 7121 7122
f 7123 7053 7052
f 7123 7083 7082
f 7045 7006 7042
f 7107 7122 7009
f 7091 7052 7051
f 7091 6020 6183
f 6936 7097 6937
f 7125 6960 7102
f 6774 7050 7049
f 7119 6942 7039
f 7019 7005 6999
f 7011 7124 7012
f 7021 7040 7022
f 7114 7016 7115
f 7053 7049 7050
f 7086 7057 7056
f 6993 7127 6992
f 7075 7113 7076
f 4281 6603 7128
f 6012 7129 6040
f 7130 6584 7131
f 6797 7133 6798
f 6074 7135 6075
f 6789 6173 6790
f 6760 6776 6761
f 7136 6801 6589
f 6914 6674 6913
f 7007 7059 7008
f 7099 7003 7098
f 6984 7104 6938
f 7110 7047 7109
f 6333 6587 7129
f 5956 6667 5971
f 5957 5971 5970
f 7137 6308 6719
f 4292 6718 6250
f 6693 6668 6215
f 6215 6667 6214
f 6214 6699 6212
f 6698 6212 6699
f 6219 6198 6218
f 6207 6220 6208
f 6220 6609 6208
f 6262 4066 4003
f 7138 7140 7141
f 4298 7140 4299
f 7143 7145 7146
f 7147 7144 7149
f 7149 7151 7147
f 7150 7153 7151
f 6329 7154 7152
f 6261 7155 7154
f 7156 7157 7158
f 6598 7159 7160
f 6257 7161 7162
f 6256 4321 7161
f 6693 6706 6705
f 5954 6705 6706
f 5953 5969 5954
f 7163 5983 6912
f 7164 6138 7166
f 7167 7169 7170
f 6141 7172 6142
f 7166 7173 7164
f 6141 7174 7175
f 7176 7178 7179
f 7180 7182 7183
f 7184 7186 7187
f 6631 7183 7188
f 6218 6197 6698
f 6625 7189 6624
f 6814 7190 7191
f 6882 7193 7194
f 7195 6109 6108
f 6888 7198 7199
f 7200 7202 7203
f 7176 6630 7204
f 6029 7187 6030
f 7205 7207 7208
f 7209 7211 7212
f 7203 7213 7214
f 6886 6778 6723
f 6031 7215 6886
f 7216 7218 7219
f 7220 6880 6669
f 6076 7220 7222
f 6074 6672 6671
f 6147 6662 7223
f 7223 6111 6110
f 6810 6113 6112
f 6920 6914 6591
f 6077 6675 6672
f 6660 6076 6661
f 7222 6669 6181
f 7224 6181 6180
f 6660 6150 6675
f 7225 6794 6915
f 6783 7225 6164
f 6781 6068 6067
f 7217 7228 7218
f 6031 7199 6028
f 6887 6723 6722
f 6164 6915 6165
f 6780 6591 6068
f 7134 6671 6914
f 7229 6824 6823
f 7187 7230 7229
f 7226 6722 6794
f 7231 6169 7233
f 7201 7233 7202
f 6107 7235 7200
f 7215 6823 6778
f 6030 7229 7215
f 7236 7219 7179
f 7237 6820 6819
f 7237 7207 7238
f 7239 7241 7242
f 6739 7244 6736
f 7245 7242 7246
f 7233 6168 7247
f 7247 7202 7233
f 7195 7203 7214
f 7248 7250 6703
f 7227 7252 7228
f 7253 5998 7251
f 6067 7198 6781
f 6781 7197 6782
f 5984 6683 5986
f 7254 6678 6684
f 6679 7252 5997
f 6887 7197 6888
f 6782 7226 7225
f 7135 6163 7221
f 7221 6075 7135
f 6661 7222 7224
f 7224 6111 6661
f 6180 6112 7224
f 6179 6810 6180
f 6811 6793 6649
f 6650 6622 6769
f 6766 7044 7095
f 7095 7043 7092
f 7092 7121 7081
f 7078 7255 7033
f 7256 7257 7258
f 6768 7259 6647
f 6773 7094 7090
f 7090 7093 7089
f 7089 7080 7073
f 7071 7032 7260
f 7077 6998 7074
f 6995 7260 6996
f 7077 7261 7035
f 7035 7018 7077
f 7108 7111 7255
f 6978 7262 7001
f 7105 7264 7262
f 7263 6952 7264
f 6990 6951 7265
f 6972 7266 7265
f 7117 6950 7266
f 6948 7267 6949
f 6969 6982 7267
f 7103 6987 6983
f 7005 6986 7268
f 6999 7268 7000
f 7269 7271 7272
f 7274 7275 7273
f 7274 7276 7277
f 7278 7280 7281
f 7282 7284 7285
f 7286 7288 7289
f 7290 7292 7293
f 7294 7296 7293
f 7068 7298 7299
f 7300 7302 7303
f 7304 7305 7306
f 7307 7305 7308
f 7309 7283 7310
f 7311 7313 7314
f 7125 7306 7315
f 7285 7280 7282
f 7277 7303 7302
f 6965 7316 7317
f 7318 7316 7319
f 7320 7271 7314
f 7312 7296 7313
f 7270 7298 7322
f 7311 7322 7317
f 6961 7300 7308
f 7323 7325 7326
f 7327 7328 7329
f 7064 7325 7328
f 7287 7292 7288
f 6931 7299 7301
f 7331 7329 7319
f 7332 7334 7335
f 7336 7338 7339
f 7340 7333 7332
f 7342 7343 7344
f 7345 7347 7344
f 7348 7350 7351
f 7352 7354 7355
f 7356 7358 7359
f 7360 7362 7363
f 7365 7367 7364
f 7368 7370 7371
f 7372 7336 7374
f 7373 7337 7336
f 7367 7376 7377
f 7378 7380 7381
f 7382 7384 7385
f 7386 7385 7384
f 7388 7390 7391
f 7392 7333 7393
f 7394 7396 7397
f 7398 7400 7401
f 7402 7404 7405
f 7406 7408 7409
f 7410 7383 7382
f 7412 7414 7415
f 7385 7417 7382
f 7389 7419 7390
f 7373 7421 7375
f 7420 7372 7422
f 7369 7424 7370
f 7399 7397 7425
f 7393 7341 7342
f 7398 7357 7426
f 7358 7401 7427
f 7428 7430 7431
f 7433 7435 7432
f 7363 7436 7437
f 7383 7439 7384
f 7411 7438 7383
f 7441 7443 7444
f 7445 7339 7447
f 7374 7339 7446
f 7444 7364 7448
f 7448 7450 7449
f 7364 7451 7450
f 7451 7377 7452
f 7449 7454 7453
f 7455 7450 7451
f 7456 7451 7452
f 7410 7458 7459
f 7460 7462 7369
f 7423 7462 7463
f 7464 7466 7467
f 7468 7347 7470
f 7376 7471 7472
f 7425 7396 7473
f 7475 7477 7474
f 7478 7480 7481
f 7482 7407 7406
f 7484 7351 7486
f 7487 7488 7489
f 7490 7492 7493
f 7412 7434 7433
f 7494 7434 7415
f 7496 7391 7497
f 7440 7498 7499
f 7401 7488 7500
f 7485 7345 7501
f 7500 7427 7401
f 7395 7469 7468
f 7503 7505 7506
f 7507 7509 7510
f 7511 7513 7514
f 7511 7515 7516
f 7517 7519 7520
f 7521 7523 7355
f 7352 7525 7526
f 7415 7527 7494
f 7528 7530 7486
f 7404 7502 7500
f 7477 7496 7532
f 7512 7481 7513
f 7405 7500 7488
f 7533 7535 7536
f 7378 7510 7537
f 7532 7379 7538
f 7539 7541 7542
f 7524 7355 7523
f 7351 7501 7348
f 7414 7523 7527
f 7522 7527 7523
f 7544 7412 7545
f 7546 7547 7548
f 7526 7353 7352
f 7550 7355 7354
f 7521 7551 7548
f 7552 7548 7551
f 7546 7553 7554
f 7522 7548 7547
f 7418 7520 7555
f 7416 7554 7417
f 7457 7558 7458
f 7557 7560 7558
f 7535 7561 7562
f 7562 7563 7564
f 7564 7349 7348
f 7351 7565 7486
f 7567 7569 7566
f 7570 7520 7519
f 7419 7555 7571
f 7572 7348 7501
f 7389 7556 7418
f 7573 7493 7480
f 7552 7534 7553
f 7562 7536 7535
f 7572 7576 7574
f 7422 7578 7420
f 7423 7580 7424
f 7579 7463 7581
f 7578 7576 7582
f 7583 7381 7380
f 7586 7581 7585
f 7533 7579 7586
f 7447 7338 7587
f 7588 7531 7589
f 7590 7431 7591
f 7321 7592 7585
f 7275 7463 7273
f 7461 7276 7462
f 7279 7461 7453
f 7453 7593 7279
f 7594 7454 7455
f 7330 7498 7459
f 7459 7294 7330
f 7558 7595 7295
f 7560 7320 7595
f 7275 7585 7581
f 7462 7273 7463
f 7596 7380 7497
f 7597 7406 7409
f 7467 7599 7600
f 7601 7603 7604
f 7605 7444 7443
f 7365 7606 7366
f 7607 7494 7608
f 7513 7473 7396
f 7396 7514 7513
f 7514 7468 7515
f 7470 7515 7468
f 7610 7609 7470
f 7612 7476 7475
f 7613 7529 7614
f 7442 7615 7616
f 7343 7617 7618
f 7574 7577 7536
f 7619 7399 7491
f 7518 7509 7519
f 7491 7425 7492
f 7549 7621 7565
f 7491 7622 7619
f 7377 7440 7452
f 7379 7497 7380
f 7453 7460 7449
f 7411 7459 7498
f 7623 7391 7390
f 7625 7610 7484
f 7487 7483 7626
f 7619 7408 7489
f 7627 7620 7549
f 7538 7378 7537
f 7389 7477 7476
f 7629 7412 7433
f 7489 7407 7487
f 7628 7598 7597
f 7413 7524 7414
f 7592 7559 7630
f 7584 7632 7381
f 7569 7633 7571
f 7570 7566 7569
f 7631 7566 7632
f 7508 7519 7509
f 7614 7480 7613
f 7346 7470 7347
f 7572 7562 7564
f 7571 7634 7419
f 7346 7484 7610
f 7607 7431 7495
f 7585 7630 7586
f 7624 7497 7391
f 7635 7384 7439
f 7636 7502 7588
f 7323 7310 7289
f 7420 7582 7421
f 7637 7455 7456
f 7287 7499 7498
f 7458 7295 7294
f 7439 7472 7635
f 7599 7604 7600
f 7359 7427 7636
f 7436 7639 7437
f 7490 7640 7622
f 7481 7493 7473
f 7641 7505 7525
f 7642 7627 7644
f 7492 7473 7493
f 7517 7625 7530
f 7625 7486 7530
f 7634 7390 7419
f 7474 7532 7516
f 7448 7441 7444
f 7368 7449 7460
f 7615 7368 7371
f 7638 7602 7639
f 7575 7501 7345
f 7571 7570 7569
f 7400 7489 7488
f 7508 7632 7566
f 7503 7540 7539
f 6957 7315 7326
f 7376 7438 7377
f 7507 7381 7632
f 7499 7452 7440
f 7286 7456 7499
f 7504 7644 7505
f 7368 7460 7369
f 7645 7627 7643
f 7647 7633 7646
f 7647 7623 7634
f 7649 7623 7648
f 7650 7624 7649
f 7646 7568 7651
f 7651 7567 7652
f 7653 7567 7631
f 7651 7655 7646
f 7656 7658 7659
f 7660 7657 7661
f 7663 7656 7662
f 7664 7663 7666
f 7667 7663 7662
f 7667 7668 7655
f 7663 7661 7657
f 7670 7672 7669
f 7661 7671 7660
f 7659 7662 7656
f 7648 7668 7659
f 7648 7673 7649
f 7659 7674 7673
f 7658 7675 7674
f 7668 7646 7655
f 7660 7676 7675
f 7675 7678 7674
f 7677 7676 7679
f 7677 7681 7678
f 7682 7678 7681
f 7677 7684 7680
f 7673 7678 7683
f 7683 7649 7673
f 7685 7671 7670
f 7667 7686 7666
f 7666 7687 7664
f 7654 7686 7655
f 7689 7686 7688
f 7664 7691 7690
f 7650 7583 7596
f 7693 7631 7584
f 7584 7692 7693
f 7693 7682 7694
f 7694 7681 7695
f 7694 7653 7693
f 7650 7682 7692
f 7696 7652 7653
f 7654 7652 7697
f 7688 7697 7698
f 7699 7697 7696
f 7700 7698 7699
f 7695 7696 7694
f 7699 7702 7700
f 7689 7698 7701
f 7689 7703 7704
f 7705 7707 7703
f 7701 7705 7703
f 7704 7707 7685
f 7685 7691 7704
f 7687 7704 7691
f 7680 7695 7681
f 7684 7702 7680
f 7702 7705 7700
f 7684 7707 7706
f 7676 7707 7679
f 7665 7672 7661
f 7670 7690 7691
f 7665 7690 7669
f 7611 7474 7609
f 7510 7479 7478
f 7511 7537 7512
f 7516 7538 7511
f 7517 7613 7518
f 7537 7478 7512
f 7611 7612 7475
f 7613 7479 7518
f 7556 7517 7520
f 7516 7609 7474
f 7708 7710 7711
f 7712 7714 7715
f 7713 7717 7714
f 7719 7721 7718
f 7722 7597 7409
f 7724 7715 7725
f 7726 7728 7729
f 7731 7573 7730
f 7730 7614 7732
f 7733 7735 7736
f 7721 7724 7737
f 7731 7409 7640
f 7708 7729 7738
f 7737 7709 7739
f 7716 7736 7740
f 7742 7744 7745
f 7740 7735 7746
f 7717 7740 7747
f 7716 7720 7741
f 7748 7711 7710
f 7750 7710 7725
f 7720 7751 7741
f 7734 7728 7735
f 7709 7725 7710
f 7752 7715 7714
f 7739 7708 7738
f 7720 7712 7721
f 7749 7755 7711
f 7745 7756 7747
f 7746 7742 7745
f 7743 7755 7754
f 7727 7735 7728
f 7747 7757 7717
f 7753 7725 7715
f 7751 7620 7733
f 7757 7714 7717
f 7718 7737 7732
f 7747 7746 7745
f 7727 7755 7742
f 7726 7711 7755
f 7759 7756 7758
f 7759 7752 7757
f 7760 7753 7752
f 7761 7750 7753
f 7758 7744 7763
f 7763 7743 7764
f 7754 7764 7743
f 7763 7767 7758
f 7768 7770 7771
f 7772 7771 7773
f 7775 7772 7774
f 7776 7775 7778
f 7779 7775 7774
f 7775 7769 7768
f 7770 7781 7780
f 7782 7772 7773
f 7760 7782 7773
f 7760 7783 7761
f 7773 7784 7783
f 7770 7784 7771
f 7779 7782 7767
f 7782 7758 7767
f 7785 7780 7786
f 7785 7788 7784
f 7787 7786 7789
f 7787 7791 7788
f 7792 7788 7791
f 7787 7794 7790
f 7793 7784 7788
f 7762 7783 7793
f 7796 7780 7795
f 7795 7781 7797
f 7779 7798 7778
f 7799 7778 7798
f 7766 7798 7767
f 7800 7799 7798
f 7802 7799 7803
f 7795 7802 7803
f 7762 7748 7750
f 7805 7754 7749
f 7749 7804 7805
f 7805 7792 7806
f 7806 7791 7807
f 7806 7765 7805
f 7793 7804 7762
f 7808 7764 7765
f 7766 7764 7809
f 7766 7810 7800
f 7811 7809 7808
f 7812 7810 7811
f 7807 7808 7806
f 7811 7814 7812
f 7813 7800 7810
f 7801 7815 7816
f 7817 7819 7815
f 7813 7817 7815
f 7816 7819 7796
f 7796 7803 7816
f 7799 7816 7803
f 7790 7807 7791
f 7794 7814 7790
f 7814 7817 7812
f 7794 7819 7818
f 7786 7819 7789
f 7777 7781 7769
f 7777 7802 7797
f 7528 7718 7529
f 7729 7723 7722
f 7738 7730 7739
f 7732 7739 7730
f 7733 7628 7734
f 7722 7738 7729
f 7621 7719 7528
f 7628 7723 7734
f 7733 7741 7751
f 7732 7529 7718
f 7486 7621 7528
f 7549 7350 7353
f 7353 7349 7354
f 7354 7563 7550
f 7821 7823 7820
f 7824 7826 7827
f 7825 7829 7826
f 7830 7832 7833
f 7834 7827 7835
f 7836 7838 7839
f 7840 7406 7841
f 7841 7598 7842
f 7843 7845 7846
f 7833 7834 7847
f 7848 7836 7839
f 7847 7821 7849
f 7828 7846 7850
f 7853 7855 7852
f 7850 7845 7856
f 7829 7850 7857
f 7828 7832 7851
f 7858 7823 7822
f 7860 7822 7835
f 7831 7851 7832
f 7844 7838 7845
f 7834 7822 7821
f 7863 7827 7826
f 7849 7820 7848
f 7825 7833 7832
f 7859 7866 7823
f 7855 7867 7857
f 7837 7855 7856
f 7865 7852 7866
f 7837 7845 7838
f 7857 7868 7829
f 7864 7835 7827
f 7843 7642 7504
f 7868 7826 7829
f 7830 7847 7842
f 7857 7856 7855
f 7837 7866 7852
f 7836 7823 7866
f 7870 7867 7869
f 7870 7863 7868
f 7871 7864 7863
f 7872 7860 7864
f 7869 7854 7874
f 7874 7853 7875
f 7876 7853 7865
f 7874 7878 7869
f 7879 7881 7882
f 7883 7882 7884
f 7886 7883 7885
f 7887 7886 7889
f 7890 7886 7885
f 7886 7880 7879
f 7891 7880 7892
f 7884 7885 7883
f 7871 7893 7884
f 7871 7894 7872
f 7884 7895 7894
f 7882 7896 7895
f 7890 7893 7878
f 7893 7869 7878
f 7881 7897 7896
f 7898 7895 7896
f 7900 7896 7897
f 7901 7899 7898
f 7904 7902 7903
f 7898 7905 7901
f 7894 7899 7904
f 7904 7872 7894
f 7907 7891 7906
f 7906 7892 7908
f 7890 7909 7889
f 7910 7889 7909
f 7877 7909 7878
f 7912 7909 7911
f 7887 7914 7913
f 7906 7913 7914
f 7873 7858 7860
f 7916 7865 7859
f 7859 7915 7916
f 7916 7903 7917
f 7917 7902 7918
f 7917 7876 7916
f 7873 7903 7915
f 7919 7875 7876
f 7877 7875 7920
f 7911 7920 7921
f 7922 7920 7919
f 7923 7921 7922
f 7918 7919 7917
f 7922 7925 7923
f 7924 7911 7921
f 7912 7926 7927
f 7928 7930 7926
f 7924 7928 7926
f 7927 7930 7907
f 7907 7914 7927
f 7910 7927 7914
f 7901 7918 7902
f 7905 7925 7901
f 7925 7928 7923
f 7905 7930 7929
f 7897 7930 7900
f 7888 7892 7880
f 7888 7913 7908
f 7645 7831 7830
f 7839 7862 7931
f 7841 7848 7840
f 7842 7849 7841
f 7504 7844 7843
f 7839 7840 7848
f 7643 7861 7831
f 7503 7862 7844
f 7846 7861 7843
f 7842 7645 7830
f 7932 7934 7935
f 7936 7938 7939
f 7937 7941 7938
f 7942 7944 7945
f 7947 7949 7946
f 7950 7939 7951
f 7953 7955 7952
f 7956 7958 7959
f 7956 7540 7960
f 7962 7964 7961
f 7936 7965 7945
f 7946 7958 7957
f 7966 7952 7955
f 7965 7933 7967
f 7968 7969 7964
f 7970 7972 7973
f 7974 7964 7963
f 7941 7968 7975
f 7940 7944 7969
f 7976 7935 7934
f 7978 7934 7951
f 7943 7969 7944
f 7947 7963 7962
f 7933 7951 7934
f 7980 7939 7938
f 7967 7932 7966
f 7937 7945 7944
f 7977 7983 7935
f 7973 7984 7975
f 7953 7973 7974
f 7982 7970 7983
f 7974 7954 7953
f 7975 7985 7941
f 7981 7951 7939
f 7961 7544 7545
f 7985 7938 7941
f 7942 7965 7960
f 7975 7974 7973
f 7952 7970 7953
f 7952 7935 7983
f 7987 7984 7986
f 7987 7980 7985
f 7988 7981 7980
f 7989 7978 7981
f 7986 7972 7991
f 7991 7971 7992
f 7993 7971 7982
f 7986 7994 7995
f 7997 7999 7996
f 8000 7999 8001
f 8003 8000 8002
f 8005 8006 8004
f 8007 8003 8002
f 7996 8005 7997
f 7998 8009 8008
f 8010 8000 8001
f 7988 8010 8001
f 7988 8011 7989
f 8011 7999 8012
f 7998 8012 7999
f 8007 8010 7995
f 8010 7986 7995
f 8013 8008 8014
f 8015 8012 8013
f 8017 8013 8014
f 8018 8016 8015
f 8021 8019 8020
f 8015 8022 8018
f 8011 8016 8021
f 8021 7989 8011
f 8023 8014 8008
f 8023 8009 8025
f 8007 8026 8006
f 8026 8004 8006
f 8028 7995 7994
f 8029 8026 8028
f 8030 8027 8031
f 8023 8030 8031
f 7990 7976 7978
f 8033 7982 7977
f 7976 8033 7977
f 8034 8032 8020
f 8035 8020 8019
f 8034 7993 8033
f 7990 8020 8032
f 8036 7992 7993
f 7991 8037 7994
f 7994 8038 8028
f 8039 8037 8036
f 8040 8038 8039
f 8035 8036 8034
f 8039 8042 8040
f 8041 8028 8038
f 8029 8043 8044
f 8045 8047 8043
f 8041 8045 8043
f 8044 8047 8024
f 8024 8031 8044
f 8027 8044 8031
f 8042 8019 8018
f 8022 8042 8018
f 8042 8045 8040
f 8017 8046 8022
f 8014 8047 8017
f 8005 8009 7997
f 8005 8030 8025
f 7506 7943 7942
f 7954 7946 7955
f 7967 7957 7956
f 7960 7967 7956
f 7948 7962 8048
f 7955 7957 7966
f 7641 7979 7943
f 7969 7961 7964
f 7960 7506 7942
f 7362 8050 7436
f 8052 7464 8051
f 8051 7467 8053
f 8054 7600 7604
f 8056 7618 8052
f 7436 8057 7638
f 8049 7361 8056
f 8057 7603 7638
f 8055 7467 7600
f 8058 7604 7603
f 8059 8058 8057
f 8060 8054 8058
f 8061 8055 8054
f 8062 8053 8055
f 8059 8050 8064
f 8064 8049 8065
f 8056 8065 8049
f 8059 8067 8068
f 8069 8071 8072
f 8073 8072 8074
f 8075 8073 8076
f 8077 8075 8076
f 8075 8070 8069
f 8079 8081 8070
f 8082 8070 8081
f 8083 8073 8074
f 8061 8083 8074
f 8061 8084 8062
f 8074 8085 8084
f 8072 8086 8085
f 8077 8083 8068
f 8083 8059 8068
f 8071 8087 8086
f 8088 8085 8086
f 8090 8086 8087
f 8091 8089 8088
f 8094 8092 8093
f 8088 8095 8091
f 8084 8089 8094
f 8094 8062 8084
f 8097 8082 8096
f 8096 8081 8080
f 8077 8098 8078
f 8099 8078 8098
f 8101 8068 8067
f 8102 8098 8101
f 8100 8104 8103
f 8096 8103 8104
f 8075 8100 8079
f 8079 8103 8080
f 8105 8053 8063
f 8066 8052 8106
f 8051 8106 8052
f 8107 8105 8093
f 8108 8093 8092
f 8107 8066 8106
f 8063 8093 8105
f 8109 8065 8066
f 8064 8110 8067
f 8067 8111 8101
f 8112 8110 8109
f 8113 8111 8112
f 8108 8109 8107
f 8112 8115 8113
f 8114 8101 8111
f 8102 8116 8117
f 8118 8120 8116
f 8114 8118 8116
f 8117 8120 8097
f 8097 8104 8117
f 8099 8117 8104
f 8091 8108 8092
f 8095 8115 8091
f 8115 8118 8113
f 8095 8120 8119
f 8087 8120 8090
f 7550 7561 7551
f 7552 7561 7535
f 7931 7539 7542
f 7640 7408 7622
f 7549 7644 7627
f 7525 7544 7641
f 7931 7482 7840
f 7483 7542 7541
f 7626 7405 7487
f 7629 7432 8121
f 7629 7949 7948
f 8122 7949 8121
f 8123 8121 7432
f 8124 7432 7435
f 7434 8125 7435
f 8125 8124 7435
f 8124 7429 8126
f 8123 8126 8127
f 8122 8127 8128
f 7541 7959 8128
f 7404 8129 7531
f 8125 7431 7430
f 7526 7505 7644
f 7626 7541 8128
f 7959 8122 8128
f 7961 8048 7962
f 7629 8048 7545
f 8127 7626 8128
f 7402 8126 7403
f 8129 8126 7429
f 7428 8129 7429
f 7589 7428 7590
f 7471 7366 7606
f 7334 7426 7357
f 7335 7357 7356
f 7616 7446 7445
f 7392 7398 7426
f 7393 7397 7392
f 7342 7394 7393
f 7344 7469 7342
f 7343 7361 7360
f 7360 7344 7343
f 7363 7345 7360
f 7437 7575 7363
f 7582 7437 7639
f 7421 7639 7602
f 7375 7602 7601
f 7599 7375 7601
f 7465 7618 7617
f 7332 7587 7340
f 7447 7335 7445
f 7445 7356 7616
f 7359 7616 7356
f 7636 7442 7359
f 7588 7443 7636
f 7589 7605 7588
f 7590 7606 7589
f 7471 7591 7472
f 7446 7371 7374
f 7371 7372 7374
f 7422 7370 7424
f 7577 7424 7580
f 7536 7580 7533
f 7591 7635 7472
f 7607 7386 7635
f 7543 7494 7527
f 7547 7543 7522
f 7608 7387 7386
f 7387 7416 7385
f 7457 7382 7417
f 7557 7417 7554
f 7559 7554 7553
f 7630 7553 7534
f 7534 7586 7630
f 7466 7337 7599
f 7465 7338 7466
f 7617 7587 7465
f 7341 7617 7343
f 8130 6090 8131
f 6023 8132 8133
f 6182 8133 6784
f 6623 6792 6185
f 6787 6182 6784
f 8134 6696 6787
f 6917 6756 8135
f 6762 7112 6763
f 6762 6184 6759
f 6765 6185 6184
f 6650 6768 6647
f 6772 6916 7259
f 6777 6789 6788
f 6022 6788 8132
f 6756 8134 8135
f 6758 6771 6770
f 6761 6775 7112
f 6769 6621 6766
f 6772 6767 6773
f 6174 6760 6759
f 6187 6178 6670
f 6811 6648 6812
f 6786 6724 6779
f 6791 6918 6885
f 6186 6179 6178
f 6808 8133 8132
f 6884 8135 8134
f 6174 6670 6171
f 6807 6784 8133
f 6791 8132 6788
f 6786 8134 6787
f 6790 6172 6918
f 6649 6792 6650
f 6316 8136 6717
f 8137 6654 8138
f 8139 6601 6160
f 6656 6580 6870
f 6868 8142 6865
f 6316 6711 6313
f 6864 8144 6861
f 6864 8145 6860
f 6868 6869 6710
f 6656 6866 6653
f 8146 8148 8149
f 8139 8151 6640
f 8152 6866 6865
f 8154 8138 6654
f 6874 8156 8157
f 8158 8159 6805
f 8160 6865 8142
f 8161 6313 6711
f 6161 8162 8163
f 8164 6654 6653
f 8153 6653 6866
f 8165 8167 8168
f 8166 8169 8167
f 5989 8170 8169
f 5988 8171 8170
f 8172 6043 6042
f 8174 6032 6035
f 8174 6098 8176
f 8176 6796 8177
f 8177 8178 8179
f 7132 6728 7133
f 6589 8180 7136
f 8180 6004 8181
f 8181 6007 8182
f 6334 6731 6734
f 6079 6645 6731
f 6078 6646 6645
f 6085 8184 6646
f 6091 8185 6093
f 6086 8183 6085
f 6950 7118 7070
f 6952 6992 7127
f 6983 6968 7103
f 6987 7004 7099
f 7001 6979 6978
f 7001 7074 6998
f 7262 7075 7074
f 7264 7127 7075
f 7265 6943 6972
f 7265 6991 6990
f 7266 7070 6991
f 6949 7119 7118
f 7267 6939 7119
f 6983 7099 6940
f 7268 6985 8186
f 7000 8186 6979
f 6938 6985 6984
f 6946 6922 6921
f 6956 6948 6947
f 6971 6928 6927
f 6970 6954 6928
f 6973 6921 6925
f 6977 7263 7105
f 6981 7061 7060
f 6973 7117 6972
f 7097 6979 8186
f 7104 6927 7101
f 6977 7060 6974
f 6976 6944 7263
f 6956 7066 6953
f 6937 8186 6985
f 6938 7101 6935
f 6924 7116 7297
f 6926 7297 7068
f 6930 6962 7304
f 6934 6953 7066
f 6960 6936 6935
f 6963 6928 6954
f 6967 6975 6974
f 7063 7327 7331
f 6959 7096 6936
f 6926 7066 6925
f 7102 7304 7125
f 6967 7331 6964
f 6966 6922 6975
f 7062 7064 7327
f 6963 6932 6961
f 7102 6935 7101
f 7299 7269 8187
f 7301 6932 6931
f 7306 7285 7284
f 7308 6962 6961
f 7315 7284 7309
f 7317 7312 7311
f 7319 6964 7331
f 7322 7297 7116
f 7317 7116 6965
f 7308 7303 7307
f 7326 6958 6957
f 7329 7291 7290
f 7328 7324 7291
f 7301 8187 7302
f 7319 7290 7318
f 7326 7309 7323
f 7272 7321 7275
f 7272 8187 7269
f 7274 7302 8187
f 7281 7307 7303
f 7283 7593 7594
f 7289 7324 7323
f 7293 7330 7294
f 7293 7318 7290
f 7310 7594 7637
f 7314 7595 7320
f 7282 7279 7593
f 7278 7277 7276
f 7314 7270 7311
f 7313 7295 7595
f 7288 7291 7324
f 7289 7637 7286
f 6003 6626 6136
f 6003 7165 6000
f 6690 8189 6691
f 6686 5981 5980
f 6685 6096 5981
f 6687 6806 6096
f 6002 5980 6626
f 6606 5351 5350
f 7164 8190 8191
f 8192 7174 8193
f 6015 8153 8152
f 6189 8155 8154
f 8157 6284 6283
f 6332 8152 8160
f 6593 6317 8161
f 6658 8154 8164
f 6014 8164 8153
f 6332 7131 6333
f 6805 6321 6052
f 6146 8162 6625
f 6607 8195 6604
f 8196 6125 8197
f 8198 7168 8199
f 8199 6633 8200
f 7177 8201 7178
f 8202 8204 8205
f 7208 7185 7205
f 7237 7186 7208
f 6819 7230 7237
f 6818 6824 6819
f 8206 6821 6818
f 8207 8135 8208
f 6917 8209 6916
f 8209 7259 6916
f 8210 6647 7259
f 6812 8212 7258
f 6809 7258 7257
f 6809 8213 6113
f 6113 8214 6110
f 7235 6110 8214
f 7223 7234 6147
f 6147 8215 6148
f 6148 8216 6153
f 8218 6158 8217
f 8219 6116 6119
f 6284 6116 6285
f 6188 8156 8155
f 8155 6873 8138
f 8138 6872 8137
f 8137 8148 6581
f 6193 6281 6190
f 6190 6278 6195
f 8220 8222 8223
f 8224 7139 7138
f 6223 8226 8227
f 6237 8228 8229
f 6238 8227 8230
f 6249 8231 8232
f 6253 8233 8234
f 6236 8221 8228
f 6331 8230 8235
f 6252 8236 8233
f 6222 8229 8226
f 6828 8237 8238
f 6280 8240 8241
f 8208 6883 8206
f 6648 8211 8212
f 6143 8242 8243
f 6624 8244 8242
f 8245 8247 8248
f 8249 8251 8252
f 7195 8254 7196
f 7214 8253 7195
f 8256 7214 7213
f 7243 8257 7244
f 7210 8257 7211
f 8259 6102 8260
f 8261 6121 8262
f 8178 8263 8179
f 7132 8264 8263
f 6797 8265 8264
f 6135 8266 8265
f 6134 8267 8266
f 6151 8268 8267
f 6154 8270 8268
f 8269 8272 8270
f 7194 8273 8274
f 7193 8275 8273
f 8249 8260 8276
f 8248 8278 8245
f 6129 8279 8280
f 7169 8197 6125
f 8198 8192 8197
f 7171 7175 7173
f 6589 7129 6587
f 6801 6040 7129
f 6037 6041 6040
f 6036 6659 6041
f 6131 6118 6659
f 6156 6119 6118
f 8218 6119 6155
f 8219 6815 6642
f 7191 6641 6814
f 8246 7189 7191
f 8245 8281 8282
f 8280 6288 6287
f 6125 7170 7169
f 6288 6602 6123
f 6126 6604 8195
f 8196 6605 6604
f 7174 6691 8189
f 6691 6139 6692
f 7171 8283 7172
f 7172 8284 6142
f 6139 8284 6692
f 8285 8287 8288
f 8211 8289 8286
f 8290 8292 8289
f 8293 8291 8290
f 8293 8208 8295
f 8296 8298 8295
f 6818 8296 8206
f 8285 7258 8212
f 7243 7212 7211
f 7243 8300 8299
f 8301 6739 6738
f 8302 7213 7247
f 8303 7247 6168
f 8304 6168 6167
f 6738 8297 8301
f 8288 6167 6170
f 8304 8291 8305
f 8305 8294 6737
f 6737 8306 8305
f 6736 8307 8306
f 8243 8308 8309
f 8242 8282 8308
f 8247 7191 7190
f 7196 8251 7192
f 8253 8311 8254
f 8255 8310 8253
f 8313 8255 8256
f 7244 8313 8307
f 8313 8258 8312
f 8312 8314 8310
f 8315 8310 8314
f 8311 8316 8252
f 8282 8317 8308
f 8308 8261 8309
f 8309 8262 8318
f 8248 8275 8276
f 8282 8246 8245
f 8307 8256 8302
f 8306 8302 8303
f 8305 8303 8304
f 8298 6737 8294
f 8287 8304 6167
f 7253 7199 7198
f 8319 6028 7199
f 8320 6029 6028
f 8321 7184 6029
f 8322 7185 7184
f 8203 7205 7185
f 8202 7206 7205
f 7239 7210 7209
f 7251 8319 7253
f 7227 8320 8319
f 7217 8321 8320
f 7216 8322 8321
f 7236 8203 8322
f 6175 8200 7204
f 7165 8191 6177
f 6137 7166 6138
f 6200 8283 6137
f 6199 8284 8283
f 8284 6205 6692
f 6205 6689 6692
f 6689 5485 3833
f 7009 8323 7107
f 7013 7021 7020
f 7017 7029 7028
f 7013 7110 7010
f 7073 7084 7089
f 7081 7093 7092
f 7082 7028 7025
f 7088 6995 6994
f 7088 7057 7085
f 7122 7043 7042
f 7124 7024 7126
f 7082 7024 7123
f 7009 7042 7006
f 7012 7126 7021
f 7115 7015 7057
f 7008 7058 8323
f 7081 7120 7078
f 7073 7079 7071
f 6997 7076 7113
f 7023 6942 6941
f 7027 7069 7038
f 7031 6989 6988
f 7079 7033 7032
f 7037 7107 8323
f 7027 7126 7024
f 7041 7029 7114
f 7026 6988 7069
f 7100 6941 7098
f 7108 7002 7019
f 7100 8323 7058
f 6997 7114 6994
f 7022 7039 6942
f 7111 7033 7255
f 7035 7260 7032
f 7261 6996 7260
f 7108 7120 7106
f 7245 8258 7210
f 7246 8314 7245
f 7181 8316 7182
f 8277 6129 8278
f 8278 8280 8281
f 6287 8281 8280
f 6122 8317 6287
f 5487 6144 5488
f 5489 6162 5490
f 6637 8325 8326
f 8326 8225 8224
f 5494 8225 5495
f 6160 8150 8139
f 5496 8151 5497
f 8163 6162 6161
f 6146 8327 8163
f 8243 6144 6143
f 8328 8309 8318
f 8318 5501 5500
f 8262 5502 5501
f 8329 8331 8332
f 8333 8335 8336
f 8338 6007 8337
f 8329 8339 8340
f 8341 6734 8330
f 6006 8337 6007
f 8342 6804 6800
f 6065 8339 8343
f 5995 8341 8340
f 6918 6166 6165
f 7221 6166 6880
f 6172 6880 6166
f 8344 5955 6713
f 5519 5975 5520
f 6806 8346 6695
f 6646 8347 6643
f 8165 8349 6323
f 6322 8131 6090
f 8345 6688 8351
f 6695 5975 5974
f 5976 5528 6713
f 5529 8131 5530
f 6643 8352 8168
f 8183 5532 8184
f 5534 8130 5529
f 6730 5533 8183
f 8351 6093 8185
f 5535 6594 3856
f 8353 6652 6651
f 8354 8355 8356
f 8357 6825 6202
f 8359 6202 6201
f 6224 8356 8360
f 6275 8362 6276
f 6201 7143 8359
f 7146 8359 7143
f 8357 8363 8364
f 8355 8366 8367
f 8361 8368 8362
f 8356 8367 8369
f 8370 8372 7142
f 8220 7145 8374
f 6275 6228 6231
f 5558 6228 6274
f 8375 8367 8366
f 8362 8376 8377
f 8378 8380 8381
f 8363 8382 8383
f 8384 8381 8385
f 8382 8386 8385
f 8383 8364 8363
f 6226 6231 6230
f 6231 8361 6275
f 6636 8389 8379
f 6635 8388 6636
f 8390 5576 5575
f 8379 6232 6636
f 8378 6233 6232
f 8384 8371 6233
f 8372 8393 7141
f 7138 8239 8224
f 8224 8394 8326
f 8146 8394 6282
f 6638 8326 8394
f 6340 6299 6298
f 6747 6577 6576
f 6344 6346 6345
f 6342 6355 6303
f 6353 6349 6297
f 6337 6369 8395
f 6360 6328 6327
f 6358 6386 6385
f 6364 6293 6295
f 6362 6376 6373
f 6366 6297 6296
f 6350 6372 6370
f 6533 6303 6302
f 6534 6346 6343
f 6744 6533 6302
f 6536 6747 6576
f 6357 6894 6386
f 6341 6832 6355
f 6839 6292 6291
f 6837 6380 6379
f 6838 6354 6292
f 6361 6377 6376
f 6363 6296 6293
f 6365 6373 6372
f 6359 6291 6328
f 6836 6385 6380
f 6481 6902 6544
f 6484 6501 6500
f 6477 6487 6474
f 6849 6492 6491
f 6494 6467 6466
f 6547 6544 6543
f 6750 6546 6547
f 6494 6751 6750
f 6843 6500 6846
f 6845 6575 6843
f 6489 6847 6853
f 6474 6491 6490
f 6483 6906 6501
f 6493 6465 6490
f 6471 6544 6902
f 6472 6485 6473
f 6476 6461 6460
f 6470 6542 6545
f 6570 6569 6749
f 6495 6463 6493
f 6475 6462 6461
f 6572 6477 6476
f 6574 6457 6456
f 6569 6543 6545
f 6575 6473 6485
f 6471 6901 6448
f 6469 6508 6513
f 6498 6479 6478
f 6503 6518 6517
f 6489 6505 6486
f 6467 6509 6468
f 6546 6498 6478
f 6549 6752 6753
f 6752 6466 6469
f 6503 6846 6500
f 6850 6844 6846
f 6507 6852 6525
f 6486 6509 6849
f 6502 6909 6518
f 6858 6664 6307
f 8396 6611 6610
f 6833 6324 6216
f 8399 6825 8400
f 6831 8401 8402
f 6707 6826 8399
f 8398 6890 6324
f 6858 8404 6554
f 8405 6610 6876
f 6830 6553 8401
f 8397 6911 6611
f 8400 8358 8365
f 8358 8364 8406
f 8406 8387 8407
f 8389 8380 8379
f 8389 8409 8377
f 8388 8410 8409
f 5575 8410 8390
f 6665 8411 6875
f 8412 6720 6721
f 8413 5601 6720
f 8411 8413 8412
f 6262 6290 6263
f 5602 8414 5604
f 6599 3735 5605
f 7141 7142 8372
f 8393 8241 8240
f 8227 7147 7151
f 8229 8374 7148
f 8230 7151 7153
f 8232 8415 8416
f 8234 8417 8418
f 8221 8374 8228
f 8235 7153 8419
f 8233 8420 8417
f 8226 7148 7147
f 8238 8421 8422
f 7141 8240 7138
f 6581 6655 8137
f 6640 8140 8139
f 6710 8141 6868
f 6717 6712 6316
f 6860 8143 6864
f 6870 6867 6656
f 6717 6726 6714
f 6870 6192 6115
f 6860 6050 6059
f 6710 6025 6024
f 6639 6871 8140
f 6640 8324 6637
f 6581 8147 6193
f 5615 6234 8370
f 7144 8374 7145
f 7144 6210 7149
f 7150 6210 6209
f 7152 6209 6329
f 7152 8419 7153
f 7154 8421 8419
f 7158 8415 8422
f 7160 8420 8416
f 7162 8418 8417
f 7161 5616 8418
f 8370 6233 8371
f 8373 7146 7145
f 8392 8386 8223
f 8391 8372 8371
f 5617 6713 5528
f 5973 3355 5972
f 8345 5619 8346
f 3880 6910 5621
f 8351 5620 8345
f 8346 5520 5975
f 5621 6911 5623
f 5622 8185 5534
f 8150 5497 8151
f 8423 8425 8426
f 8427 6519 8428
f 8429 8431 8432
f 6523 8433 6526
f 8434 8436 8437
f 8438 8434 8439
f 8438 6511 6528
f 8441 8424 8423
f 8427 8430 8429
f 8444 8445 8446
f 8447 8424 8448
f 8449 8444 8450
f 8451 8430 8452
f 8453 8454 8455
f 8456 8437 8453
f 8439 8456 8457
f 8448 8442 8458
f 8452 8443 8449
f 8425 8459 8446
f 8460 8462 8463
f 8464 8466 8467
f 8468 8470 8471
f 8472 8474 8475
f 8476 8478 8479
f 8480 8482 8483
f 8484 8486 8487
f 8485 8489 8486
f 8490 8481 8480
f 8492 8494 8495
f 8495 8496 8497
f 8498 8500 8501
f 8502 8500 8503
f 8504 8506 8507
f 8508 8510 8511
f 8513 8511 8512
f 8507 8514 8515
f 8516 8518 8519
f 8520 8516 8521
f 8522 8524 8525
f 8526 8522 8525
f 8528 8530 8531
f 8532 8529 8533
f 8534 8536 8537
f 8538 8534 8537
f 8464 8481 8465
f 8483 8541 8480
f 8542 8484 8467
f 8487 8540 8483
f 8488 8542 8544
f 8545 8486 8489
f 8481 8466 8465
f 8547 8489 8490
f 8548 8493 8471
f 8549 8502 8492
f 8551 8494 8548
f 8497 8552 8495
f 8469 8499 8470
f 8547 8497 8498
f 8469 8503 8500
f 8501 8550 8545
f 8460 8507 8461
f 8552 8506 8505
f 8554 8510 8463
f 8549 8505 8509
f 8554 8512 8511
f 8513 8550 8508
f 8461 8515 8462
f 8557 8513 8514
f 8558 8519 8479
f 8559 8527 8518
f 8521 8558 8561
f 8553 8517 8520
f 8477 8524 8478
f 8520 8557 8553
f 8476 8525 8477
f 8527 8556 8522
f 8563 8528 8475
f 8564 8531 8565
f 8533 8563 8566
f 8562 8530 8532
f 8473 8536 8474
f 8559 8532 8535
f 8472 8537 8473
f 8560 8539 8564
f 8463 8555 8554
f 8544 8467 8466
f 8470 8548 8471
f 8475 8566 8563
f 8479 8561 8558
f 8484 8483 8482
f 8490 8488 8491
f 8503 8492 8502
f 8498 8496 8499
f 8504 8509 8505
f 8515 8513 8512
f 8519 8527 8526
f 8521 8523 8520
f 8528 8539 8538
f 8533 8535 8532
f 8467 8482 8464
f 8487 8546 8543
f 8544 8491 8488
f 8480 8547 8490
f 8493 8468 8471
f 8495 8549 8492
f 8551 8499 8496
f 8501 8547 8498
f 8460 8510 8504
f 8508 8549 8509
f 8555 8515 8512
f 8506 8557 8514
f 8519 8476 8479
f 8517 8559 8518
f 8561 8524 8521
f 8522 8557 8523
f 8475 8538 8472
f 8567 8531 8530
f 8566 8536 8533
f 8560 8535 8534
f 8442 8568 8569
f 6512 8568 6754
f 8570 8571 8572
f 8426 6514 8423
f 8428 8443 8427
f 6522 8432 6523
f 8437 8433 8454
f 6524 8435 6527
f 6528 8435 8438
f 8423 6550 8441
f 8429 6516 8427
f 6515 8445 6908
f 8441 6754 8568
f 8570 8569 8568
f 8440 6512 6511
f 8569 8458 8442
f 8574 8572 8571
f 8572 8573 8569
f 8453 8577 8456
f 8576 8455 8578
f 8452 8580 8451
f 8573 8582 8458
f 8575 8581 8573
f 8584 8575 8574
f 8571 8457 8574
f 8439 8440 8438
f 8585 8587 8588
f 8587 8590 8588
f 8589 8592 8590
f 8591 8594 8592
f 8593 8596 8594
f 8595 8598 8596
f 8599 8586 8585
f 8601 8600 8599
f 8603 8602 8601
f 8605 8598 8597
f 8607 8604 8603
f 8609 8608 8607
f 8611 8610 8609
f 8606 8612 8611
f 8613 8589 8587
f 8614 8591 8589
f 8615 8593 8591
f 8616 8595 8593
f 8617 8597 8595
f 8619 8617 8616
f 8620 8618 8617
f 8620 8623 8621
f 8624 8626 8627
f 8626 8622 8627
f 8620 8628 8622
f 8622 8629 8627
f 8627 8630 8624
f 8632 8634 8631
f 8636 8633 8635
f 8637 8636 8635
f 8639 8632 8640
f 8633 8641 8635
f 8635 8642 8637
f 8642 8644 8637
f 8645 8637 8644
f 8586 8613 8587
f 8600 8646 8586
f 8616 8648 8619
f 8615 8649 8648
f 8613 8649 8614
f 8651 8613 8646
f 8647 8651 8646
f 8652 8654 8651
f 8602 8647 8600
f 8655 8652 8647
f 8656 8653 8652
f 8653 8659 8654
f 8658 8661 8659
f 8644 8663 8645
f 8664 8662 8665
f 8661 8666 8659
f 8666 8654 8659
f 8667 8651 8654
f 8668 8597 8618
f 8669 8618 8621
f 8670 8621 8623
f 8671 8623 8626
f 8671 8625 8672
f 8625 8673 8672
f 8636 8675 8634
f 8638 8674 8636
f 8645 8676 8638
f 8645 8678 8677
f 8679 8660 8658
f 8657 8658 8653
f 8583 8648 8649
f 8650 8583 8649
f 8667 8581 8650
f 8666 8582 8667
f 8664 8681 8666
f 8682 8665 8683
f 8684 8643 8642
f 8684 8641 8579
f 8639 8579 8641
f 8580 8640 8578
f 8629 8576 8630
f 8604 8655 8602
f 8608 8686 8604
f 8610 8687 8608
f 8612 8688 8610
f 8605 8689 8612
f 8690 8668 8669
f 8691 8689 8690
f 8692 8688 8691
f 8693 8687 8692
f 8656 8686 8693
f 8694 8669 8670
f 8695 8690 8694
f 8696 8691 8695
f 8697 8692 8696
f 8657 8693 8697
f 8697 8679 8657
f 8696 8698 8697
f 8696 8700 8699
f 8694 8700 8695
f 8670 8701 8694
f 8702 8671 8672
f 8701 8703 8700
f 8703 8699 8700
f 8699 8705 8698
f 8698 8680 8679
f 8672 8706 8702
f 8675 8707 8708
f 8674 8709 8707
f 8709 8677 8710
f 8677 8711 8710
f 8712 8710 8711
f 8702 8714 8703
f 8713 8714 8715
f 8707 8716 8717
f 8717 8713 8715
f 8710 8716 8709
f 8708 8717 8715
f 8546 8599 8543
f 8546 8603 8601
f 8550 8603 8545
f 8556 8607 8550
f 8560 8609 8556
f 8564 8611 8560
f 8565 8606 8564
f 8565 8596 8598
f 8567 8594 8596
f 8562 8592 8594
f 8553 8590 8592
f 8590 8541 8588
f 8540 8588 8541
f 8543 8585 8540
f 8684 8450 8685
f 8579 8449 8684
f 8682 8448 8681
f 8447 8683 8459
f 8681 8458 8582
f 8628 8619 8718
f 8584 8619 8648
f 8628 8577 8629
f 8457 8577 8718
f 8574 8718 8584
f 7134 6919 7135
f 6164 6919 6783
f 5485 6609 5921
f 3832 8188 6690
f 5921 6221 3354
f 5922 7128 6607
f 6439 8720 6440
f 8720 6570 6749
f 6570 8721 6464
f 6439 8721 8719
f 6727 6057 6312
f 6312 6073 6247
f 6828 6073 6072
f 6877 6267 6745
f 6745 6299 6744
f 6891 6305 6889
f 6338 6746 6339
f 6438 6410 6435
f 6412 6440 6748
f 6564 6424 6565
f 6842 6577 8395
f 6889 6829 7156
f 6579 6564 6563
f 6435 6565 6424
f 8722 6306 6891
f 8723 6058 6727
f 6269 6878 6879
f 7160 6829 6598
f 8724 8143 8725
f 8238 6248 6828
f 6339 6744 6299
f 8395 6338 6337
f 6879 8404 8726
f 8422 8231 8238
f 8725 6859 8723
f 8416 7157 7160
f 6059 6049 6056
f 6330 6049 6048
f 7156 6259 6889
f 6269 6264 6266
f 6297 6264 6241
f 6340 6351 6337
f 6368 8395 6369
f 6422 6559 6423
f 6436 6404 6437
f 6447 6438 6437
f 6424 6436 6435
f 6331 6099 6330
f 6422 6842 6368
f 8722 6856 8726
f 8141 6862 8142
f 6265 6617 6242
f 6324 6259 6258
f 7158 6260 7156
f 6709 6863 8141
f 8235 6827 6331
f 6298 6352 6340
f 6370 6351 6350
f 6891 8403 8722
f 8419 8237 8235
f 6051 8145 6709
f 8422 7155 7158
f 8721 6446 6464
f 6748 8720 6749
f 8727 6011 8194
f 8158 8144 8724
f 6009 6861 8144
f 6008 6862 6861
f 8142 8727 8160
f 6554 6893 6858
f 6833 6708 8398
f 6708 8403 8398
f 5623 6892 4042
f 8406 8365 8358
f 8407 8366 8406
f 8377 8408 8389
f 8397 6530 6529
f 6651 8400 8353
f 8402 6616 6615
f 6618 8399 6651
f 6554 6878 6551
f 8396 6854 6530
f 8401 6552 6616
f 6892 6529 6743
f 8353 8365 8355
f 8377 6276 8362
f 8409 6277 6276
f 8410 5932 6277
f 8726 6857 8722
f 8726 6855 6879
f 7234 6106 8215
f 8279 6127 6288
f 8354 6227 6652
f 6246 6619 6289
f 8239 6282 8394
f 8162 6286 6625
f 6292 6246 6289
f 6382 6377 6379
f 6392 6396 6393
f 6396 6427 6428
f 6398 6443 6459
f 6459 6458 6460
f 6525 6523 6526
f 6558 6271 6555
f 6429 6560 6561
f 6460 6572 6476
f 6272 3736 3735
f 7128 6602 8195
f 6227 6244 6652
f 7180 6634 6103
f 6642 6285 8219
f 6356 6740 6614
f 6816 8218 8217
f 6820 8301 6817
f 6355 6741 6356
f 6344 6834 6341
f 6364 6840 6361
f 6375 6560 6415
f 6848 6488 6477
f 6853 6506 6489
f 6530 6740 6531
f 8140 6874 6601
f 6555 6831 6876
f 8215 6881 8216
f 6348 6894 6345
f 6383 6896 6417
f 6433 6896 6420
f 6432 6898 6390
f 6406 6898 6407
f 6900 6387 6899
f 6900 6448 6901
f 6472 6903 6482
f 6480 6903 6902
f 6497 6906 6479
f 6908 6518 6909
f 4280 6120 6603
f 6100 7170 6128
f 6632 7188 8201
f 7235 7201 7200
f 7206 7212 7207
f 8213 7232 7231
f 8214 7231 7201
f 6108 7200 7203
f 7238 8300 6820
f 7207 8299 7238
f 8205 7240 8202
f 6170 7232 7256
f 6638 8149 6639
f 6601 8157 6600
f 6600 6283 8162
f 8392 8222 8393
f 6278 8241 6279
f 6816 8274 6813
f 6642 6814 6641
f 6128 6124 8279
f 8195 6127 6126
f 8212 8286 8285
f 8292 8286 8289
f 8290 8210 8209
f 8207 8290 8209
f 8294 8295 8298
f 8206 8295 8208
f 6817 8297 8296
f 8288 7256 8285
f 7209 7240 7239
f 6225 8360 8361
f 8369 8360 8356
f 8375 8368 8369
f 8381 8387 8383
f 8385 8383 8382
f 8385 8391 8384
f 8147 6282 6281
f 6345 6835 6344
f 6327 6834 6360
f 6295 6841 6364
f 6379 6840 6837
f 6853 6845 6844
f 6479 6905 6480
f 6848 6571 6573
f 6452 6904 6472
f 6525 6851 6520
f 6496 6907 6497
f 8402 6876 6831
f 8408 8387 8380
f 6279 8222 8221
f 6872 8149 8148
f 8223 8373 8220
f 6526 8436 6524
f 8446 8426 8425
f 8455 8431 8451
f 8446 8450 8444
f 8454 8432 8431
f 6908 8428 6519
f 8578 8451 8580
f 8632 8625 8624
f 8640 8624 8630
f 8660 8662 8661
f 8662 8643 8665
f 8675 8631 8634
f 8680 8663 8660
f 8683 8643 8685
f 8578 8630 8576
f 8673 8708 8706
f 8678 8705 8711
f 8711 8704 8712
f 8706 8715 8714
f 8703 8712 8704
f 8459 8685 8450
f 8407 8376 8375
f 6615 8405 8402
f 5993 6335 5994
f 6060 6018 5991
f 5993 6081 6080
f 6105 6176 6702
f 6177 6000 7165
f 6309 6310 6251
f 8725 6314 8724
f 8724 6318 8158
f 6321 6053 6052
f 6249 6310 6247
f 6596 6257 6597
f 8188 6605 8189
f 5986 6682 6060
f 6714 6311 6309
f 6047 6086 6081
f 6875 6304 6665
f 6001 6912 5983
f 7162 6597 6257
f 7254 6912 6704
f 6684 7163 7254
f 8723 6315 8725
f 6592 6318 6317
f 8332 8171 8728
f 6607 5350 5922
f 8191 8198 8199
f 8197 8193 8196
f 8159 6319 6321
f 8232 6595 6249
f 8192 7173 7175
f 8189 8193 7174
f 6177 8199 6175
f 6733 8330 6734
f 8340 8330 8329
f 8341 6335 6334
f 8412 6875 8411
f 8414 6273 6599
f 8416 8236 8232
f 6727 8136 8723
f 8417 7159 7162
f 6277 5558 6274
f 5935 6635 6235
f 5991 6061 6060
f 6019 6682 6681
f 5999 6033 5996
f 6045 6677 6680
f 6055 6083 7130
f 5995 6063 5992
f 6084 6053 6046
f 6088 5989 8166
f 6063 6046 5992
f 6066 6034 5999
f 6103 7181 7180
f 6673 6133 6132
f 6149 6153 6152
f 6323 8166 8165
f 6585 6083 6082
f 6630 6702 6176
f 6634 7168 7167
f 6676 6152 6133
f 6703 6628 7248
f 6796 6728 8178
f 6069 6097 6066
f 6132 6674 6673
f 6803 6800 6804
f 6011 6055 7130
f 6799 6582 6585
f 7194 6881 6882
f 7131 6583 6333
f 6798 6913 6674
f 7179 8204 7236
f 7183 7246 7242
f 7188 7242 7241
f 6109 7192 6882
f 7204 6176 6175
f 7219 6628 6627
f 7218 7248 6628
f 7179 6627 7176
f 7250 6704 6703
f 7228 7249 7248
f 6678 7249 6679
f 5997 7251 5998
f 8168 6644 6643
f 8167 6732 6644
f 8169 6733 6732
f 8170 8331 6733
f 8336 8173 8172
f 8182 8175 8174
f 8182 8176 8181
f 8181 8177 8180
f 8180 8179 7136
f 7133 6590 6913
f 7130 8194 6011
f 8200 6632 7177
f 7178 8205 8204
f 8269 6153 8216
f 8254 8252 8251
f 8260 6101 8277
f 8179 6802 7136
f 8263 6038 6802
f 8264 6039 6038
f 8265 6130 6039
f 8266 6157 6130
f 8267 6158 6157
f 8268 8217 6158
f 8270 6816 8217
f 6813 8273 7190
f 8273 8247 7190
f 8276 8277 8248
f 7192 8250 7193
f 8252 8259 8249
f 8276 8250 8249
f 7204 7177 7176
f 7182 8315 7246
f 8343 8334 8333
f 8333 8342 8343
f 8343 6800 6065
f 8340 6064 5995
f 6323 8350 6322
f 8168 8348 8165
f 8349 5936 8350
f 8352 5938 8348
f 6103 7167 6100
f 8271 8216 6881
f 8201 7241 8205
f 8274 8271 7194
f 5991 6017 5988
f 8728 6017 6016
f 5997 6680 6679
f 5996 6045 6680
f 6033 6042 6045
f 6042 8175 8172
f 8172 8338 8336
f 8336 8337 8333
f 6684 6677 6681
f 6681 6044 6019
f 6019 6043 6016
f 6016 8173 8728
f 8728 8335 8332
f 8332 8334 8329
f 8194 8160 8727
f 6805 6009 8158
f 5940 7137 6719
f 8324 5942 8325
f 8325 5495 8225
f 6253 4292 6250
f 7137 5944 6715
f 8348 5937 8349
f 8350 5530 8131
f 5624 6159 5489
f 6718 5940 6719
f 8327 5490 6162
f 8347 5939 8352
f 5933 6121 6120
f 8184 5946 8347
f 7142 5615 8370
f 6145 5945 8327
f 8234 5943 6253
f 8328 5488 6144
f 8318 5948 8328
f 7139 4299 7140
f 8418 5947 8234
f 5604 6599 5605
f 5949 6712 6716
f 5944 6716 6715
f 6720 5950 6255
f 6255 4322 6256
f 5614 6235 6234
f 6711 5951 8161
f 8161 3857 6593
f 5973 2965 3013
f 2965 5963 222
f 222 5960 223
f 223 5958 3186
f 5958 3185 3186
f 5957 2977 3185
f 5970 1213 2977
f 5967 1214 1213
f 2532 5966 5953
f 2894 5953 5952
f 2871 5952 8344
f 5510 5721 5509
f 5822 5824 5823
f 3511 3844 3735
f 3887 3889 3888
f 3876 3878 3877
f 3356 3911 3909
f 3372 3390 3391
f 3849 3851 3850
f 3481 3867 3866
f 3873 3385 3382
f 3875 3450 3452
f 3915 3865 3862
f 3657 3671 3656
f 5618 3013 2152
f 1997 1889 1892
f 1237 744 855
f 1535 120 121
f 1531 201 214
f 1119 1032 984
f 946 824 947
f 163 5 162
f 9041 9175 9193
f 1155 1162 1164
f 427 327 424
f 553 796 498
f 8732 2231 2237
f 8732 2230 2232
f 2237 3180 8732
f 8734 8736 8733
f 8735 8738 8736
f 8737 8740 8738
f 8739 8742 8740
f 8743 8745 8746
f 8746 8747 8748
f 8749 8748 8747
f 8751 8750 8749
f 8754 8756 8753
f 8757 8755 8754
f 8759 8758 8757
f 8761 8760 8759
f 8763 8762 8761
f 8766 8749 8765
f 8765 8747 8767
f 8767 8745 8768
f 8768 8744 8769
f 8744 8771 8769
f 8770 8772 8771
f 8741 8773 8772
f 8739 8774 8773
f 8737 8775 8774
f 8735 8776 8775
f 8776 8777 3184
f 2904 8779 2947
f 8780 2904 2902
f 8781 2902 2876
f 2875 8781 2876
f 8783 2733 2736
f 2825 8786 2824
f 8788 8790 8787
f 8792 8787 8791
f 2724 8785 2825
f 8787 3115 3117
f 8791 3117 3119
f 8794 8765 8793
f 8793 8767 8795
f 8795 8768 8796
f 8796 8769 8797
f 8797 8771 8798
f 8771 8799 8798
f 8772 8800 8799
f 8773 8801 8800
f 8774 8802 8801
f 8775 8803 8802
f 8776 3056 8803
f 8802 2253 2252
f 8801 2252 1727
f 8800 1727 2150
f 8799 2150 1941
f 8804 8799 1941
f 8805 8798 8804
f 8806 8797 8805
f 8807 8796 8806
f 8793 8807 8808
f 8794 8808 8809
f 8810 8809 8808
f 8808 8806 8810
f 8810 8805 8812
f 8813 8810 8812
f 8812 8804 8814
f 8815 8812 8814
f 8814 1941 1360
f 8755 8752 8756
f 8758 8750 8755
f 8760 8748 8758
f 8762 8746 8760
f 8816 8764 8763
f 8818 8820 8817
f 8816 8782 8784
f 8821 8817 8816
f 8789 8783 8786
f 8818 8789 8788
f 8819 8788 8792
f 8822 8819 8823
f 8823 8792 8824
f 8824 8791 2712
f 2712 3119 3128
f 8826 8823 8825
f 8825 8824 8827
f 8827 2712 2711
f 8828 2711 2400
f 8829 8827 8828
f 8830 8825 8829
f 8743 8764 8831
f 8817 8831 8764
f 8770 8743 8831
f 8741 8831 8742
f 8820 8742 8831
f 8740 8822 8826
f 8738 8826 8830
f 8736 8830 8832
f 8833 2400 2402
f 8834 8828 8833
f 8832 8829 8834
f 8835 2402 2707
f 3058 2707 2708
f 3061 8835 3058
f 8836 8833 8835
f 8733 8832 8837
f 8837 8834 8836
f 8777 8733 8838
f 8838 8837 1962
f 8837 3061 1962
f 1961 8838 1962
f 3057 8777 8838
f 8779 8753 8839
f 8778 8754 8779
f 8780 8757 8778
f 8781 8759 8780
f 8782 8761 8781
f 8821 8784 8783
f 8785 8789 8786
f 2723 8790 8785
f 2875 8784 8782
f 2736 8786 8783
f 2947 8839 8944
f 8815 1360 8941
f 1900 1924 1901
f 1736 1718 1750
f 1955 1943 1956
f 1671 1735 1751
f 1696 1698 1692
f 1800 1864 1801
f 2063 2056 2060
f 1737 1717 1736
f 1751 1697 1695
f 943 9351 684
f 9108 8753 9057
f 1577 1764 1703
f 9369 1599 9375
f 1945 82 1944
f 68 7 248
f 147 1543 148
f 1109 1133 1102
f 1503 1907 1908
f 1499 1909 1498
f 452 735 215
f 1824 9287 9297
f 1825 2068 1824
f 1463 1022 1194
f 841 1009 1011
f 1568 1955 1534
f 1926 1927 1923
f 1910 1502 1939
f 1939 422 442
f 309 1940 308
f 1804 1866 1803
f 269 1954 56
f 2065 2060 2056
f 9264 1758 9287
f 280 552 1940
f 1875 1869 1874
f 1739 1734 1737
f 5923 5899 5924
f 1778 1790 1788
f 310 1915 279
f 1909 1906 1954
f 1789 1778 1788
f 978 980 979
f 1584 1731 1583
f 425 311 312
f 148 115 116
f 2044 9346 2046
f 277 1939 551
f 1943 1945 1944
f 1461 1463 1464
f 2253 3056 3055
f 2981 8927 958
f 2209 8927 3055
f 2254 3055 8927
f 2998 958 8927
f 2826 2721 2724
f 8928 2721 2817
f 2816 8928 2817
f 2334 2296 2335
f 2298 2334 2336
f 2301 2336 2338
f 2311 2338 2354
f 2312 2354 2355
f 2359 2361 2360
f 2335 2359 2360
f 2414 2365 2364
f 2413 2361 2365
f 2355 2540 2541
f 2541 2539 2542
f 2722 2739 2738
f 3114 2738 3113
f 3110 3121 3120
f 3108 3120 3113
f 3122 3127 3126
f 3112 3126 3121
f 3127 1753 3135
f 3139 2529 2542
f 9196 3133 3139
f 8928 2740 2739
f 8929 2789 8928
f 228 91 88
f 245 243 242
f 248 247 191
f 2 296 295
f 145 300 267
f 327 210 328
f 329 331 330
f 250 228 236
f 239 240 230
f 373 375 374
f 178 176 175
f 1218 1228 1321
f 9314 1295 9306
f 808 824 823
f 9310 1013 1014
f 9265 1411 1413
f 2154 2159 2160
f 9297 1758 1757
f 306 1922 452
f 2157 1976 1977
f 708 2031 1474
f 1450 1227 1428
f 1672 1605 1624
f 1813 1821 1816
f 1717 1715 1718
f 176 402 347
f 1710 9368 9367
f 1712 1577 1711
f 1705 1711 1704
f 3435 3475 3434
f 971 979 970
f 822 1094 1102
f 2909 2793 2792
f 2810 2795 2793
f 2799 2249 2800
f 9114 2910 2799
f 2769 2801 2795
f 3177 3178 3179
f 3178 3180 3179
f 3181 1393 2800
f 3181 1632 3182
f 3182 2244 3183
f 3183 2243 3180
f 8932 2790 8929
f 2808 8929 2816
f 2239 9016 2240
f 1149 9015 9014
f 1150 9011 9015
f 2202 9010 2015
f 2921 9009 2923
f 9012 2133 2928
f 1777 1759 1792
f 1201 1183 1184
f 9005 2195 2194
f 8997 2770 2768
f 9379 1687 1692
f 1516 154 503
f 8993 2974 2803
f 8994 2779 2778
f 2771 9019 8990
f 3070 8990 9002
f 8991 2775 2867
f 1376 1370 1372
f 2767 9000 2206
f 2195 8987 2767
f 2775 8986 2776
f 8344 8989 2871
f 9256 8983 2806
f 2776 8982 2805
f 2240 8979 2920
f 2920 9121 9071
f 8992 2786 2779
f 1805 1851 1804
f 8978 2787 2786
f 2951 8984 8975
f 2772 8975 9019
f 2973 8974 8980
f 2224 8981 8974
f 1957 320 510
f 306 304 303
f 2770 8972 2913
f 2913 9018 2239
f 2923 8971 2922
f 308 431 47
f 207 132 543
f 1879 1881 1880
f 9185 8969 2089
f 2475 9002 8968
f 2476 8968 8967
f 2223 8967 8981
f 8966 2803 2802
f 2037 11 1950
f 1959 450 505
f 2003 8964 2129
f 9 334 540
f 2009 8962 9011
f 2008 8980 8962
f 9329 673 9331
f 8959 2778 2784
f 2935 8957 2936
f 111 9014 8955
f 3238 3341 3237
f 8954 2935 2938
f 683 9337 943
f 8952 2810 2909
f 736 732 729
f 1795 1803 1796
f 8949 2938 2939
f 8951 2939 2940
f 2950 8948 2949
f 2940 8948 8951
f 9253 8956 2950
f 2868 8946 2869
f 2869 8966 2802
f 1024 1023 1020
f 8944 2948 2947
f 551 442 443
f 2972 9012 2928
f 2032 8943 2972
f 216 1924 1923
f 3532 3482 3533
f 203 201 200
f 3539 3541 3540
f 1828 1847 1837
f 1958 449 450
f 272 178 175
f 2871 8939 1361
f 9071 9008 2921
f 2801 9095 9114
f 2005 9106 2176
f 960 899 962
f 9109 9064 9076
f 9232 9098 3151
f 3151 9045 2555
f 2193 9075 2194
f 9059 3145 3144
f 9055 2761 3145
f 9044 3144 3104
f 2926 9086 3103
f 9086 3104 3103
f 9207 9198 9205
f 566 9210 2005
f 8839 1864 8944
f 1602 2079 2078
f 2868 9063 2922
f 2922 9062 2923
f 2923 9070 2921
f 9122 2918 9066
f 9071 9066 2920
f 2921 9122 9071
f 2920 9038 2240
f 9065 2915 2918
f 2917 9074 9093
f 2916 9093 9094
f 2239 9104 2913
f 2911 9104 2757
f 9095 2911 2910
f 2797 9114 9043
f 2797 9050 2750
f 9074 2763 2765
f 9060 2764 2745
f 2194 9100 2221
f 2221 9101 2222
f 2756 9061 2755
f 2750 9061 2747
f 9121 1817 9279
f 9215 1691 1699
f 2515 9042 2548
f 2548 9045 2550
f 2513 9084 9068
f 2513 9073 2515
f 2509 9072 2289
f 2510 9085 2509
f 2289 9091 2283
f 2283 9069 2286
f 2240 9039 2239
f 9111 9076 9078
f 716 9339 9340
f 727 9213 1923
f 2165 2170 2164
f 9112 9078 9081
f 9195 9030 9209
f 2175 769 770
f 2100 2095 2099
f 9210 9209 9030
f 640 9012 1826
f 1653 8997 1651
f 1895 8974 746
f 746 8981 741
f 1653 8972 9020
f 9214 1604 1672
f 2093 2073 2078
f 959 995 884
f 962 919 986
f 1400 1398 1399
f 1000 1127 1004
f 956 884 885
f 1662 8994 1661
f 2034 8990 1654
f 9378 8983 9254
f 8979 766 1817
f 9016 765 766
f 334 9015 335
f 1868 8984 1656
f 1684 1652 1678
f 1682 775 1807
f 1585 9214 1700
f 9215 1672 1673
f 2173 490 491
f 1658 8991 1752
f 9000 1650 724
f 1571 2010 1572
f 1587 9123 2080
f 2099 2077 2094
f 787 1999 786
f 2000 786 1999
f 3155 9149 9135
f 9165 9135 9241
f 2180 9137 9136
f 8940 9136 9157
f 1684 9292 1651
f 1760 8939 8989
f 2607 9145 2590
f 2581 9141 2607
f 2371 9152 9147
f 2371 9145 2372
f 2587 9127 2586
f 2586 9149 339
f 2497 9139 2503
f 2502 9139 9152
f 2494 9142 2495
f 9142 2472 2495
f 9140 2468 2472
f 9153 2469 2468
f 726 9344 630
f 581 8962 580
f 10 9014 334
f 1837 8954 1849
f 741 8967 1300
f 1299 9002 2034
f 1851 8948 1866
f 8971 1820 1819
f 580 8980 1895
f 1758 8966 8946
f 1693 8952 1806
f 8948 1867 1866
f 1894 9012 8943
f 2126 9265 9293
f 9358 9293 9364
f 2113 9319 2110
f 2179 9241 9137
f 624 9356 623
f 2192 9240 9232
f 2177 9239 9185
f 1364 9285 1338
f 9310 1470 1453
f 3135 9227 9196
f 2069 9287 2068
f 1351 9305 1352
f 2108 9353 499
f 2089 9188 9185
f 9280 1358 866
f 2001 9235 2187
f 2187 9171 2091
f 2130 9204 2004
f 2004 9201 2001
f 2014 9231 2201
f 2201 9208 2130
f 3167 9211 2969
f 3168 9172 3167
f 3159 9216 3160
f 3160 9217 3081
f 9182 3158 337
f 3158 9161 3159
f 2200 9182 9174
f 9137 9194 2204
f 9174 2197 2200
f 9242 2092 9173
f 9226 9173 2197
f 3154 9242 9226
f 3155 9158 3154
f 2091 9173 2092
f 2196 9202 9228
f 2193 9228 9233
f 9056 9233 9240
f 2086 9232 9230
f 2087 9230 9229
f 2204 9203 2205
f 2205 9202 3148
f 9361 574 692
f 2124 9229 9212
f 2208 9212 9234
f 9163 3140 3137
f 9237 3138 3140
f 9197 3139 3138
f 9223 3136 2322
f 9164 3137 3136
f 9227 3131 3133
f 9219 3132 3131
f 1813 9290 1814
f 1293 9308 1344
f 2184 9200 9184
f 2181 9184 9186
f 9217 3079 3081
f 9220 3080 3079
f 709 9327 2031
f 2774 9189 9221
f 9238 2134 9003
f 9261 766 765
f 2968 9218 2959
f 2969 9236 2968
f 2958 9189 2961
f 2132 9218 2960
f 2321 9223 9200
f 9312 1449 28
f 9357 582 710
f 9338 577 574
f 9299 1818 9279
f 705 9339 2121
f 9268 9359 698
f 2111 9363 2113
f 9262 1366 1411
f 1812 9274 1815
f 675 9304 674
f 8940 9303 675
f 2110 9320 2109
f 2104 9353 2106
f 2109 9351 944
f 9294 703 739
f 1680 9298 1684
f 1639 9271 9270
f 623 9358 697
f 2139 9318 9317
f 1808 9296 9289
f 9272 1819 1820
f 9324 9352 706
f 1646 9282 1648
f 9341 633 577
f 2139 9327 18
f 2156 9323 9326
f 674 9365 9321
f 2117 9264 2069
f 1815 9299 9275
f 9307 1444 1470
f 697 9364 9268
f 866 9288 9280
f 9316 2136 2135
f 9037 9178 9041
f 9035 9183 9037
f 9205 9190 9191
f 9192 9033 9195
f 1088 9198 1093
f 9191 9195 9205
f 2791 8933 2792
f 8932 2807 8933
f 2792 8934 2909
f 8933 2806 8934
f 8952 8934 8960
f 8960 2806 8983
f 2948 9243 9253
f 2105 9348 2104
f 8982 9256 2805
f 680 9328 683
f 1891 9362 9343
f 2905 9253 2950
f 2900 9251 2905
f 2901 9259 2877
f 2734 9258 9246
f 2877 9258 2878
f 2820 9246 2872
f 2818 9244 2827
f 2823 9244 2826
f 2822 9250 2821
f 2819 9252 9250
f 2817 9247 2816
f 2809 9247 2815
f 2808 9255 2807
f 2805 9255 2804
f 1702 9375 1599
f 9374 1797 1802
f 9367 1706 1709
f 9370 1692 1698
f 1657 9332 1879
f 1890 9347 9362
f 9224 1674 1675
f 1689 9224 9225
f 9378 8982 1688
f 8960 1689 9225
f 9369 1703 1764
f 1598 9380 1770
f 9332 1876 1879
f 1691 9377 9379
f 9377 1688 1687
f 1117 1118 9382
f 1066 1322 9382
f 1243 847 9382
f 9277 848 9382
f 1128 1117 9382
f 1129 1130 9382
f 841 1011 9382
f 1230 9315 9382
f 1242 1243 9382
f 1322 1229 9382
f 1064 1065 9382
f 1003 1128 9382
f 1229 1230 9382
f 9315 1285 9382
f 1285 1288 9382
f 848 839 9382
f 847 9277 9382
f 1118 1129 9382
f 1065 1066 9382
f 1087 1086 9382
f 1008 1002 9382
f 1011 1008 9382
f 1002 1003 9382
f 1076 1069 9382
f 838 841 9382
f 839 838 9382
f 1288 1242 9382
f 1130 1087 9382
f 1086 1076 9382
f 1069 1064 9382
f 2410 2414 9383
f 2411 2410 9383
f 9069 2285 9383
f 2394 2393 9383
f 2393 2396 9383
f 2281 2286 9383
f 2282 2280 9383
f 2398 2399 9383
f 2465 2464 9383
f 2396 2397 9383
f 2470 2469 9383
f 2399 2416 9383
f 2480 2395 9383
f 2459 2480 9383
f 2369 2282 9383
f 2460 2459 9383
f 2415 2411 9383
f 2416 2415 9383
f 2364 2363 9383
f 2286 9069 9383
f 2464 2470 9383
f 2469 9155 9383
f 2285 2465 9383
f 2414 2364 9383
f 2395 2394 9383
f 2363 2367 9383
f 2397 2398 9383
f 2280 2281 9383
f 9155 2460 9383
f 2367 2369 9383
f 9386 9389 9390
f 9386 9391 9387
f 9384 9389 9385
f 9390 9395 9391
f 9389 9392 9393
f 9389 9394 9390
f 9394 9399 9395
f 9393 9396 9397
f 9394 9397 9398
f 9399 9402 9403
f 9396 9401 9397
f 9397 9402 9398
f 9402 9407 9403
f 9401 9404 9405
f 9402 9405 9406
f 9407 9410 9411
f 9405 9408 9409
f 9405 9410 9406
f 9411 9414 9415
f 9409 9412 9413
f 9410 9413 9414
f 9414 9419 9415
f 9412 9417 9413
f 9413 9418 9414
f 9418 9423 9419
f 9417 9420 9421
f 9418 9421 9422
f 9422 9427 9423
f 9420 9425 9421
f 9421 9426 9422
f 9426 9431 9427
f 9425 9428 9429
f 9426 9429 9430
f 9431 9434 9435
f 9428 9433 9429
f 9429 9434 9430
f 9434 9439 9435
f 9433 9436 9437
f 9434 9437 9438
f 9439 9442 9443
f 9436 9441 9437
f 9437 9442 9438
f 9443 9446 9447
f 9441 9444 9445
f 9442 9445 9446
f 9447 9450 9451
f 9444 9449 9445
f 9445 9450 9446
f 9450 9455 9451
f 9449 9452 9453
f 9450 9453 9454
f 9454 9459 9455
f 9452 9457 9453
f 9453 9458 9454
f 9458 9463 9459
f 9457 9460 9461
f 9458 9461 9462
f 9463 9466 9467
f 9460 9465 9461
f 9461 9466 9462
f 9466 9471 9467
f 9465 9468 9469
f 9466 9469 9470
f 9471 9474 9475
f 9468 9473 9469
f 9469 9474 9470
f 9475 9478 9479
f 9473 9476 9477
f 9474 9477 9478
f 9479 9482 9483
f 9476 9481 9477
f 9477 9482 9478
f 9483 9486 9487
f 9481 9484 9485
f 9482 9485 9486
f 9486 9491 9487
f 9484 9489 9485
f 9485 9490 9486
f 9490 9495 9491
f 9489 9492 9493
f 9490 9493 9494
f 9495 9498 9499
f 9492 9497 9493
f 9493 9498 9494
f 9498 9503 9499
f 9497 9500 9501
f 9498 9501 9502
f 9503 9507 9508
f 9500 9506 9501
f 9501 9507 9502
f 9508 9511 9512
f 9505 9510 9506
f 9507 9510 9511
f 9384 9504 9388
f 9388 9504 9392
f 9392 9504 9396
f 9396 9504 9400
f 9400 9504 9404
f 9404 9504 9408
f 9408 9504 9412
f 9412 9504 9416
f 9416 9504 9420
f 9420 9504 9424
f 9424 9504 9428
f 9428 9504 9432
f 9432 9504 9436
f 9436 9504 9440
f 9440 9504 9444
f 9444 9504 9448
f 9448 9504 9452
f 9452 9504 9456
f 9456 9504 9460
f 9460 9504 9464
f 9464 9504 9468
f 9468 9504 9472
f 9472 9504 9476
f 9476 9504 9480
f 9480 9504 9484
f 9484 9504 9488
f 9488 9504 9492
f 9492 9504 9496
f 9496 9504 9500
f 9500 9504 9505
f 9505 9504 9509
f 9512 9386 9387
f 9510 9384 9385
f 9510 9386 9511
f 9509 9504 9384
f 9521 9533 9534
f 9518 9532 9519
f 9517 9529 9530
f 9515 9527 9528
f 9523 9537 9524
f 9521 9535 9522
f 9519 9533 9520
f 9518 9530 9531
f 9515 9529 9516
f 9513 9527 9514
f 9524 9538 9525
f 9523 9535 9536
f 9528 9542 9529
f 9526 9540 9527
f 9538 9550 9551
f 9535 9549 9536
f 9534 9546 9547
f 9531 9545 9532
f 9530 9542 9543
f 9528 9540 9541
f 9537 9549 9550
f 9534 9548 9535
f 9532 9546 9533
f 9531 9543 9544
f 9541 9555 9542
f 9540 9552 9553
f 9550 9564 9551
f 9548 9562 9549
f 9547 9559 9560
f 9544 9558 9545
f 9542 9556 9543
f 9541 9553 9554
f 9549 9563 9550
f 9547 9561 9548
f 9546 9558 9559
f 9544 9556 9557
f 9555 9567 9568
f 9552 9566 9553
f 9564 9576 9577
f 9562 9574 9575
f 9559 9573 9560
f 9557 9571 9558
f 9555 9569 9556
f 9553 9567 9554
f 9562 9576 9563
f 9561 9573 9574
f 9559 9571 9572
f 9557 9569 9570
f 9567 9581 9568
f 9566 9578 9579
f 9576 9590 9577
f 9575 9587 9588
f 9572 9586 9573
f 9571 9583 9584
f 9569 9581 9582
f 9566 9580 9567
f 9576 9588 9589
f 9574 9586 9587
f 9571 9585 9572
f 9569 9583 9570
f 9581 9593 9594
f 9578 9592 9579
f 9590 9602 9603
f 9588 9600 9601
f 9585 9599 9586
f 9583 9597 9584
f 9582 9594 9595
f 9579 9593 9580
f 9589 9601 9602
f 9587 9599 9600
f 9584 9598 9585
f 9583 9595 9596
f 9594 9606 9607
f 9592 9604 9605
f 9602 9616 9603
f 9601 9613 9614
f 9598 9612 9599
f 9596 9610 9597
f 9594 9608 9595
f 9592 9606 9593
f 9601 9615 9602
f 9600 9612 9613
f 9598 9610 9611
f 9596 9608 9609
f 9607 9619 9620
f 9605 9617 9618
f 9615 9629 9616
f 9613 9627 9614
f 9611 9625 9612
f 9610 9622 9623
f 9607 9621 9608
f 9605 9619 9606
f 9615 9627 9628
f 9613 9625 9626
f 9611 9623 9624
f 9608 9622 9609
f 9619 9633 9620
f 9617 9631 9618
f 9628 9642 9629
f 9627 9639 9640
f 9625 9637 9638
f 9622 9636 9623
f 9621 9633 9634
f 9619 9631 9632
f 9627 9641 9628
f 9625 9639 9626
f 9623 9637 9624
f 9622 9634 9635
f 9632 9646 9633
f 9630 9644 9631
f 9642 9654 9655
f 9639 9653 9640
f 9638 9650 9651
f 9635 9649 9636
f 9634 9646 9647
f 9632 9644 9645
f 9641 9653 9654
f 9638 9652 9639
f 9636 9650 9637
f 9635 9647 9648
f 9645 9659 9646
f 9644 9656 9657
f 9654 9668 9655
f 9652 9666 9653
f 9651 9663 9664
f 9648 9662 9649
f 9646 9660 9647
f 9645 9657 9658
f 9653 9667 9654
f 9651 9665 9652
f 9650 9662 9663
f 9648 9660 9661
f 9659 9671 9672
f 9656 9670 9657
f 9668 9680 9681
f 9665 9679 9666
f 9663 9677 9664
f 9661 9675 9662
f 9659 9673 9660
f 9657 9671 9658
f 9666 9680 9667
f 9665 9677 9678
f 9663 9675 9676
f 9661 9673 9674
f 9671 9685 9672
f 9670 9682 9683
f 9680 9694 9681
f 9678 9692 9679
f 9677 9689 9690
f 9675 9687 9688
f 9673 9685 9686
f 9670 9684 9671
f 9680 9692 9693
f 9678 9690 9691
f 9675 9689 9676
f 9673 9687 9674
f 9685 9697 9698
f 9682 9696 9683
f 9694 9706 9707
f 9692 9704 9705
f 9689 9703 9690
f 9687 9701 9688
f 9686 9698 9699
f 9683 9697 9684
f 9693 9705 9706
f 9691 9703 9704
f 9688 9702 9689
f 9687 9699 9700
f 9698 9710 9711
f 9696 9708 9709
f 9706 9720 9707
f 9705 9717 9718
f 9702 9716 9703
f 9700 9714 9701
f 9698 9712 9699
f 9696 9710 9697
f 9705 9719 9706
f 9704 9716 9717
f 9702 9714 9715
f 9700 9712 9713
f 9711 9723 9724
f 9709 9721 9722
f 9719 9733 9720
f 9717 9731 9718
f 9715 9729 9716
f 9714 9726 9727
f 9711 9725 9712
f 9709 9723 9710
f 9718 9732 9719
f 9717 9729 9730
f 9715 9727 9728
f 9712 9726 9713
f 9723 9737 9724
f 9721 9735 9722
f 9733 9745 9746
f 9731 9743 9744
f 9729 9741 9742
f 9726 9740 9727
f 9725 9737 9738
f 9723 9735 9736
f 9732 9744 9745
f 9729 9743 9730
f 9727 9741 9728
f 9726 9738 9739
f 9736 9750 9737
f 9734 9748 9735
f 9746 9758 9759
f 9743 9757 9744
f 9742 9754 9755
f 9739 9753 9740
f 9738 9750 9751
f 9736 9748 9749
f 9745 9757 9758
f 9742 9756 9743
f 9740 9754 9741
f 9739 9751 9752
f 9749 9763 9750
f 9748 9760 9761
f 9758 9772 9759
f 9756 9770 9757
f 9755 9767 9768
f 9752 9766 9753
f 9750 9764 9751
f 9749 9761 9762
f 9757 9771 9758
f 9756 9768 9769
f 9754 9766 9767
f 9752 9764 9765
f 9762 9776 9763
f 9760 9774 9761
f 9772 9784 9785
f 9770 9782 9783
f 9768 9780 9781
f 9765 9779 9766
f 9763 9777 9764
f 9762 9774 9775
f 9770 9784 9771
f 9768 9782 9769
f 9767 9779 9780
f 9764 9778 9765
f 9775 9789 9776
f 9774 9786 9787
f 9784 9798 9785
f 9782 9796 9783
f 9781 9793 9794
f 9779 9791 9792
f 9777 9789 9790
f 9774 9788 9775
f 9784 9796 9797
f 9782 9794 9795
f 9779 9793 9780
f 9777 9791 9778
f 9789 9802 9803
f 9786 9801 9787
f 9798 9811 9812
f 9796 9809 9810
f 9793 9808 9794
f 9792 9805 9806
f 9790 9803 9804
f 9787 9802 9788
f 9797 9810 9811
f 9795 9808 9809
f 9792 9807 9793
f 9790 9805 9791
f 9803 9815 9816
f 9801 9813 9814
f 9811 9825 9812
f 9810 9822 9823
f 9807 9821 9808
f 9806 9818 9819
f 9803 9817 9804
f 9801 9815 9802
f 9810 9824 9811
f 9809 9821 9822
f 9807 9819 9820
f 9804 9818 9805
f 9816 9828 9829
f 9814 9826 9827
f 9825 9837 9838
f 9822 9836 9823
f 9820 9834 9821
f 9819 9831 9832
f 9816 9830 9817
f 9814 9828 9815
f 9824 9836 9837
f 9822 9834 9835
f 9820 9832 9833
f 9817 9831 9818
f 9828 9842 9829
f 9826 9840 9827
f 9837 9851 9838
f 9836 9848 9849
f 9834 9846 9847
f 9831 9845 9832
f 9830 9842 9843
f 9828 9840 9841
f 9836 9850 9837
f 9834 9848 9835
f 9832 9846 9833
f 9831 9843 9844
f 9841 9855 9842
f 9839 9853 9840
f 9851 9863 9864
f 9848 9862 9849
f 9847 9859 9860
f 9845 9857 9858
f 9843 9855 9856
f 9841 9853 9854
f 9850 9862 9863
f 9847 9861 9848
f 9845 9859 9846
f 9843 9857 9844
f 9854 9868 9855
f 9853 9865 9866
f 9863 9877 9864
f 9861 9875 9862
f 9860 9872 9873
f 9858 9870 9871
f 9855 9869 9856
f 9854 9866 9867
f 9862 9876 9863
f 9860 9874 9861
f 9859 9871 9872
f 9856 9870 9857
f 9868 9880 9881
f 9865 9879 9866
f 9877 9889 9890
f 9875 9887 9888
f 9873 9885 9886
f 9870 9884 9871
f 9868 9882 9869
f 9867 9879 9880
f 9875 9889 9876
f 9873 9887 9874
f 9872 9884 9885
f 9870 9882 9883
f 9880 9894 9881
f 9878 9892 9879
f 9889 9903 9890
f 9887 9901 9888
f 9886 9898 9899
f 9884 9896 9897
f 9882 9894 9895
f 9879 9893 9880
f 9889 9901 9902
f 9887 9899 9900
f 9884 9898 9885
f 9882 9896 9883
f 9894 9906 9907
f 9891 9905 9892
f 9903 9915 9916
f 9901 9913 9914
f 9898 9912 9899
f 9896 9910 9897
f 9895 9907 9908
f 9892 9906 9893
f 9902 9914 9915
f 9899 9913 9900
f 9897 9911 9898
f 9896 9908 9909
f 9907 9919 9920
f 9905 9917 9918
f 9915 9929 9916
f 9914 9926 9927
f 9911 9925 9912
f 9909 9923 9910
f 9907 9921 9908
f 9905 9919 9906
f 9914 9928 9915
f 9913 9925 9926
f 9911 9923 9924
f 9909 9921 9922
f 9799 9525 9538
f 9799 9538 9551
f 9799 9551 9564
f 9799 9564 9577
f 9799 9577 9590
f 9799 9590 9603
f 9799 9603 9616
f 9799 9616 9629
f 9799 9629 9642
f 9799 9642 9655
f 9799 9655 9668
f 9799 9668 9681
f 9799 9681 9694
f 9799 9694 9707
f 9799 9707 9720
f 9799 9720 9733
f 9799 9733 9746
f 9799 9746 9759
f 9799 9759 9772
f 9799 9772 9785
f 9799 9785 9798
f 9799 9798 9812
f 9799 9812 9825
f 9799 9825 9838
f 9799 9838 9851
f 9799 9851 9864
f 9799 9864 9877
f 9799 9877 9890
f 9799 9890 9903
f 9799 9903 9916
f 9799 9916 9929
f 9920 9515 9516
f 9918 9513 9514
f 9929 9524 9525
f 9926 9523 9927
f 9924 9521 9925
f 9923 9518 9519
f 9920 9517 9921
f 9918 9515 9919
f 9799 9929 9525
f 9928 9523 9524
f 9926 9521 9522
f 9924 9519 9520
f 9921 9518 9922
f 9387 9917 9512
f 9917 9508 9512
f 9904 9503 9508
f 9891 9499 9503
f 9499 9865 9495
f 9495 9852 9491
f 9491 9839 9487
f 9839 9483 9487
f 9483 9813 9479
f 9813 9475 9479
f 9800 9471 9475
f 9786 9467 9471
f 9467 9760 9463
f 9463 9747 9459
f 9459 9734 9455
f 9734 9451 9455
f 9451 9708 9447
f 9708 9443 9447
f 9695 9439 9443
f 9682 9435 9439
f 9435 9656 9431
f 9431 9643 9427
f 9427 9630 9423
f 9630 9419 9423
f 9419 9604 9415
f 9604 9411 9415
f 9591 9407 9411
f 9578 9403 9407
f 9403 9552 9399
f 9399 9539 9395
f 9395 9526 9391
f 9526 9387 9391
f 9932 9935 9936
f 9932 9937 9933
f 9931 9934 9935
f 9936 9941 9937
f 9934 9939 9935
f 9935 9940 9936
f 9940 9945 9941
f 9939 9942 9943
f 9940 9943 9944
f 9945 9948 9949
f 9942 9947 9943
f 9943 9948 9944
f 9948 9953 9949
f 9947 9950 9951
f 9948 9951 9952
f 9953 9956 9957
f 9950 9955 9951
f 9951 9956 9952
f 9957 9960 9961
f 9955 9958 9959
f 9956 9959 9960
f 9961 9964 9965
f 9958 9963 9959
f 9959 9964 9960
f 9965 9968 9969
f 9963 9966 9967
f 9964 9967 9968
f 9968 9973 9969
f 9966 9971 9967
f 9967 9972 9968
f 9972 9977 9973
f 9970 9975 9971
f 9972 9975 9976
f 9977 9980 9981
f 9974 9979 9975
f 9975 9980 9976
f 9980 9985 9981
f 9979 9982 9983
f 9980 9983 9984
f 9985 9988 9989
f 9982 9987 9983
f 9983 9988 9984
f 9989 9992 9993
f 9986 9991 9987
f 9988 9991 9992
f 9993 9996 9997
f 9991 9994 9995
f 9991 9996 9992
f 9996 10001 9997
f 9994 9999 9995
f 9996 9999 10000
f 10000 10005 10001
f 9999 10002 10003
f 9999 10004 10000
f 10004 10009 10005
f 10003 10006 10007
f 10004 10007 10008
f 10009 10012 10013
f 10006 10011 10007
f 10007 10012 10008
f 10012 10017 10013
f 10011 10014 10015
f 10012 10015 10016
f 10017 10020 10021
f 10014 10019 10015
f 10015 10020 10016
f 10021 10024 10025
f 10019 10022 10023
f 10020 10023 10024
f 10024 10029 10025
f 10022 10027 10023
f 10023 10028 10024
f 10028 10033 10029
f 10027 10030 10031
f 10028 10031 10032
f 10032 10037 10033
f 10030 10035 10031
f 10031 10036 10032
f 10036 10041 10037
f 10035 10038 10039
f 10036 10039 10040
f 10041 10044 10045
f 10038 10043 10039
f 10039 10044 10040
f 10044 10049 10045
f 10043 10046 10047
f 10044 10047 10048
f 10049 10053 10054
f 10046 10052 10047
f 10047 10053 10048
f 10054 10057 10058
f 10052 10055 10056
f 10053 10056 10057
f 9930 10050 9934
f 9934 10050 9938
f 9938 10050 9942
f 9942 10050 9946
f 9946 10050 9950
f 9950 10050 9954
f 9954 10050 9958
f 9958 10050 9962
f 9962 10050 9966
f 9966 10050 9970
f 9970 10050 9974
f 9974 10050 9978
f 9978 10050 9982
f 9982 10050 9986
f 9986 10050 9990
f 9990 10050 9994
f 9994 10050 9998
f 9998 10050 10002
f 10002 10050 10006
f 10006 10050 10010
f 10010 10050 10014
f 10014 10050 10018
f 10018 10050 10022
f 10022 10050 10026
f 10026 10050 10030
f 10030 10050 10034
f 10034 10050 10038
f 10038 10050 10042
f 10042 10050 10046
f 10046 10050 10051
f 10051 10050 10055
f 10058 9932 9933
f 10055 9931 10056
f 10056 9932 10057
f 10055 10050 9930
f 10067 10079 10080
f 10064 10078 10065
f 10063 10075 10076
f 10061 10073 10074
f 10070 10082 10083
f 10067 10081 10068
f 10065 10079 10066
f 10064 10076 10077
f 10061 10075 10062
f 10059 10073 10060
f 10071 10083 10084
f 10069 10081 10082
f 10074 10088 10075
f 10072 10086 10073
f 10084 10096 10097
f 10081 10095 10082
f 10080 10092 10093
f 10078 10090 10091
f 10076 10088 10089
f 10074 10086 10087
f 10083 10095 10096
f 10080 10094 10081
f 10078 10092 10079
f 10076 10090 10077
f 10087 10101 10088
f 10086 10098 10099
f 10096 10110 10097
f 10094 10108 10095
f 10093 10105 10106
f 10091 10103 10104
f 10088 10102 10089
f 10087 10099 10100
f 10095 10109 10096
f 10094 10106 10107
f 10092 10104 10105
f 10089 10103 10090
f 10100 10114 10101
f 10098 10112 10099
f 10110 10122 10123
f 10108 10120 10121
f 10105 10119 10106
f 10103 10117 10104
f 10101 10115 10102
f 10100 10112 10113
f 10108 10122 10109
f 10106 10120 10107
f 10105 10117 10118
f 10103 10115 10116
f 10113 10127 10114
f 10112 10124 10125
f 10122 10136 10123
f 10120 10134 10121
f 10119 10131 10132
f 10117 10129 10130
f 10115 10127 10128
f 10113 10125 10126
f 10122 10134 10135
f 10119 10133 10120
f 10117 10131 10118
f 10115 10129 10116
f 10127 10139 10140
f 10124 10138 10125
f 10136 10148 10149
f 10134 10146 10147
f 10131 10145 10132
f 10130 10142 10143
f 10128 10140 10141
f 10125 10139 10126
f 10135 10147 10148
f 10133 10145 10146
f 10130 10144 10131
f 10128 10142 10129
f 10140 10152 10153
f 10138 10150 10151
f 10148 10162 10149
f 10147 10159 10160
f 10144 10158 10145
f 10143 10155 10156
f 10140 10154 10141
f 10138 10152 10139
f 10147 10161 10148
f 10146 10158 10159
f 10144 10156 10157
f 10141 10155 10142
f 10153 10165 10166
f 10151 10163 10164
f 10162 10174 10175
f 10159 10173 10160
f 10157 10171 10158
f 10156 10168 10169
f 10153 10167 10154
f 10151 10165 10152
f 10161 10173 10174
f 10159 10171 10172
f 10157 10169 10170
f 10154 10168 10155
f 10165 10179 10166
f 10163 10177 10164
f 10175 10187 10188
f 10173 10185 10186
f 10171 10183 10184
f 10168 10182 10169
f 10167 10179 10180
f 10165 10177 10178
f 10173 10187 10174
f 10171 10185 10172
f 10169 10183 10170
f 10168 10180 10181
f 10178 10192 10179
f 10176 10190 10177
f 10188 10200 10201
f 10185 10199 10186
f 10184 10196 10197
f 10182 10194 10195
f 10180 10192 10193
f 10178 10190 10191
f 10187 10199 10200
f 10184 10198 10185
f 10182 10196 10183
f 10180 10194 10181
f 10191 10205 10192
f 10190 10202 10203
f 10200 10214 10201
f 10198 10212 10199
f 10197 10209 10210
f 10195 10207 10208
f 10192 10206 10193
f 10191 10203 10204
f 10199 10213 10200
f 10197 10211 10198
f 10196 10208 10209
f 10193 10207 10194
f 10205 10217 10218
f 10202 10216 10203
f 10214 10226 10227
f 10211 10225 10212
f 10210 10222 10223
f 10207 10221 10208
f 10205 10219 10206
f 10204 10216 10217
f 10212 10226 10213
f 10210 10224 10211
f 10209 10221 10222
f 10207 10219 10220
f 10217 10231 10218
f 10216 10228 10229
f 10226 10240 10227
f 10224 10238 10225
f 10223 10235 10236
f 10221 10233 10234
f 10219 10231 10232
f 10217 10229 10230
f 10226 10238 10239
f 10223 10237 10224
f 10221 10235 10222
f 10219 10233 10220
f 10231 10243 10244
f 10228 10242 10229
f 10240 10252 10253
f 10238 10250 10251
f 10235 10249 10236
f 10234 10246 10247
f 10232 10244 10245
f 10229 10243 10230
f 10239 10251 10252
f 10237 10249 10250
f 10234 10248 10235
f 10232 10246 10233
f 10244 10256 10257
f 10242 10254 10255
f 10252 10266 10253
f 10251 10263 10264
f 10248 10262 10249
f 10247 10259 10260
f 10244 10258 10245
f 10242 10256 10243
f 10251 10265 10252
f 10250 10262 10263
f 10248 10260 10261
f 10245 10259 10246
f 10257 10269 10270
f 10255 10267 10268
f 10266 10278 10279
f 10263 10277 10264
f 10261 10275 10262
f 10260 10272 10273
f 10257 10271 10258
f 10255 10269 10256
f 10265 10277 10278
f 10263 10275 10276
f 10261 10273 10274
f 10258 10272 10259
f 10269 10283 10270
f 10267 10281 10268
f 10278 10292 10279
f 10277 10289 10290
f 10275 10287 10288
f 10272 10286 10273
f 10271 10283 10284
f 10269 10281 10282
f 10277 10291 10278
f 10275 10289 10276
f 10273 10287 10274
f 10272 10284 10285
f 10282 10296 10283
f 10280 10294 10281
f 10292 10304 10305
f 10289 10303 10290
f 10288 10300 10301
f 10286 10298 10299
f 10284 10296 10297
f 10282 10294 10295
f 10291 10303 10304
f 10288 10302 10289
f 10286 10300 10287
f 10284 10298 10285
f 10295 10309 10296
f 10294 10306 10307
f 10304 10318 10305
f 10302 10316 10303
f 10301 10313 10314
f 10299 10311 10312
f 10296 10310 10297
f 10295 10307 10308
f 10303 10317 10304
f 10301 10315 10302
f 10300 10312 10313
f 10297 10311 10298
f 10309 10321 10322
f 10307 10319 10320
f 10318 10330 10331
f 10316 10328 10329
f 10314 10326 10327
f 10311 10325 10312
f 10309 10323 10310
f 10308 10320 10321
f 10316 10330 10317
f 10314 10328 10315
f 10313 10325 10326
f 10311 10323 10324
f 10321 10335 10322
f 10320 10332 10333
f 10330 10344 10331
f 10329 10341 10342
f 10326 10340 10327
f 10325 10337 10338
f 10323 10335 10336
f 10320 10334 10321
f 10330 10342 10343
f 10328 10340 10341
f 10325 10339 10326
f 10323 10337 10324
f 10335 10348 10349
f 10332 10347 10333
f 10344 10357 10358
f 10342 10355 10356
f 10339 10354 10340
f 10337 10352 10338
f 10336 10349 10350
f 10333 10348 10334
f 10343 10356 10357
f 10341 10354 10355
f 10338 10353 10339
f 10337 10350 10351
f 10349 10361 10362
f 10347 10359 10360
f 10357 10371 10358
f 10356 10368 10369
f 10353 10367 10354
f 10351 10365 10352
f 10349 10363 10350
f 10347 10361 10348
f 10356 10370 10357
f 10355 10367 10368
f 10353 10365 10366
f 10351 10363 10364
f 10362 10374 10375
f 10360 10372 10373
f 10371 10383 10384
f 10368 10382 10369
f 10366 10380 10367
f 10365 10377 10378
f 10362 10376 10363
f 10360 10374 10361
f 10370 10382 10383
f 10368 10380 10381
f 10366 10378 10379
f 10363 10377 10364
f 10374 10388 10375
f 10372 10386 10373
f 10383 10397 10384
f 10382 10394 10395
f 10380 10392 10393
f 10377 10391 10378
f 10376 10388 10389
f 10374 10386 10387
f 10382 10396 10383
f 10380 10394 10381
f 10378 10392 10379
f 10377 10389 10390
f 10387 10401 10388
f 10385 10399 10386
f 10397 10409 10410
f 10394 10408 10395
f 10393 10405 10406
f 10390 10404 10391
f 10389 10401 10402
f 10387 10399 10400
f 10396 10408 10409
f 10393 10407 10394
f 10391 10405 10392
f 10390 10402 10403
f 10400 10414 10401
f 10399 10411 10412
f 10409 10423 10410
f 10407 10421 10408
f 10406 10418 10419
f 10403 10417 10404
f 10401 10415 10402
f 10400 10412 10413
f 10408 10422 10409
f 10406 10420 10407
f 10405 10417 10418
f 10403 10415 10416
f 10414 10426 10427
f 10411 10425 10412
f 10423 10435 10436
f 10420 10434 10421
f 10418 10432 10419
f 10416 10430 10417
f 10414 10428 10415
f 10412 10426 10413
f 10421 10435 10422
f 10419 10433 10420
f 10418 10430 10431
f 10416 10428 10429
f 10427 10439 10440
f 10425 10437 10438
f 10435 10449 10436
f 10433 10447 10434
f 10431 10445 10432
f 10430 10442 10443
f 10428 10440 10441
f 10425 10439 10426
f 10435 10447 10448
f 10433 10445 10446
f 10430 10444 10431
f 10428 10442 10429
f 10440 10452 10453
f 10437 10451 10438
f 10449 10461 10462
f 10447 10459 10460
f 10444 10458 10445
f 10443 10455 10456
f 10441 10453 10454
f 10438 10452 10439
f 10448 10460 10461
f 10446 10458 10459
f 10443 10457 10444
f 10441 10455 10442
f 10453 10465 10466
f 10451 10463 10464
f 10461 10475 10462
f 10460 10472 10473
f 10457 10471 10458
f 10456 10468 10469
f 10453 10467 10454
f 10451 10465 10452
f 10460 10474 10461
f 10459 10471 10472
f 10457 10469 10470
f 10454 10468 10455
f 10345 10071 10084
f 10345 10084 10097
f 10345 10097 10110
f 10345 10110 10123
f 10345 10123 10136
f 10345 10136 10149
f 10345 10149 10162
f 10345 10162 10175
f 10345 10175 10188
f 10345 10188 10201
f 10345 10201 10214
f 10345 10214 10227
f 10345 10227 10240
f 10345 10240 10253
f 10345 10253 10266
f 10345 10266 10279
f 10345 10279 10292
f 10345 10292 10305
f 10345 10305 10318
f 10345 10318 10331
f 10345 10331 10344
f 10345 10344 10358
f 10345 10358 10371
f 10345 10371 10384
f 10345 10384 10397
f 10345 10397 10410
f 10345 10410 10423
f 10345 10423 10436
f 10345 10436 10449
f 10345 10449 10462
f 10345 10462 10475
f 10466 10061 10062
f 10464 10059 10060
f 10474 10071 10475
f 10472 10069 10473
f 10470 10067 10471
f 10469 10064 10065
f 10466 10063 10467
f 10464 10061 10465
f 10345 10475 10071
f 10473 10070 10474
f 10472 10067 10068
f 10470 10065 10066
f 10467 10064 10468
f 9933 10463 10058
f 10463 10054 10058
f 10450 10049 10054
f 10437 10045 10049
f 10045 10411 10041
f 10041 10398 10037
f 10037 10385 10033
f 10385 10029 10033
f 10029 10359 10025
f 10359 10021 10025
f 10346 10017 10021
f 10332 10013 10017
f 10013 10306 10009
f 10009 10293 10005
f 10005 10280 10001
f 10280 9997 10001
f 9997 10254 9993
f 10254 9989 9993
f 10241 9985 9989
f 10228 9981 9985
f 9981 10202 9977
f 9977 10189 9973
f 9973 10176 9969
f 10176 9965 9969
f 9965 10150 9961
f 10150 9957 9961
f 10137 9953 9957
f 10124 9949 9953
f 9949 10098 9945
f 9945 10085 9941
f 9941 10072 9937
f 10072 9933 9937
f 4 3 2
f 8 7 6
f 13 16 15
f 17 28 19
f 32 31 30
f 36 35 34
f 37 40 39
f 21 22 23
f 25 26 27
f 41 44 43
f 48 47 46
f 52 51 50
f 53 56 55
f 60 59 58
f 29 30 62
f 66 65 64
f 67 5 6
f 72 71 70
f 76 75 74
f 77 80 79
f 81 84 83
f 59 87 86
f 88 91 90
f 96 95 94
f 100 99 98
f 101 104 103
f 106 105 34
f 108 116 115
f 117 119 36
f 124 127 126
f 131 130 129
f 132 102 134
f 142 141 140
f 148 106 60
f 144 143 127
f 149 152 151
f 156 155 154
f 159 150 158
f 116 108 164
f 171 170 169
f 174 126 173
f 179 182 181
f 186 189 188
f 194 197 196
f 199 142 139
f 206 209 208
f 213 212 211
f 202 215 214
f 96 93 216
f 92 238 43
f 97 184 246
f 250 249 229
f 252 254 58
f 258 257 256
f 260 91 229
f 110 111 112
f 114 264 263
f 265 268 267
f 56 53 270
f 274 273 249
f 185 183 63
f 280 279 278
f 285 284 283
f 288 219 211
f 141 142 92
f 289 290 175
f 148 116 105
f 312 311 170
f 238 262 42
f 318 163 160
f 310 309 308
f 241 239 325
f 160 230 240
f 47 48 307
f 108 109 315
f 345 85 86
f 348 351 350
f 356 359 358
f 355 354 353
f 363 31 32
f 364 252 253
f 366 125 368
f 183 372 371
f 163 162 161
f 209 226 101
f 378 377 165
f 379 295 381
f 383 382 3
f 284 285 386
f 387 127 389
f 391 259 229
f 73 281 397
f 405 408 407
f 203 218 411
f 414 121 413
f 1 356 357
f 277 276 131
f 254 344 57
f 358 384 415
f 417 416 386
f 401 400 192
f 419 389 127
f 421 181 182
f 103 301 302
f 428 367 368
f 380 390 359
f 62 204 266
f 140 141 431
f 357 358 351
f 356 1 379
f 415 392 403
f 437 428 436
f 438 441 440
f 188 451 450
f 265 455 181
f 224 185 64
f 237 212 213
f 275 131 128
f 281 282 460
f 50 462 79
f 73 74 282
f 468 467 466
f 390 355 352
f 482 485 484
f 489 488 487
f 493 496 495
f 472 471 470
f 502 501 500
f 220 221 222
f 512 419 143
f 518 517 511
f 513 239 230
f 205 30 31
f 189 370 451
f 163 318 532
f 533 224 225
f 446 448 447
f 335 541 540
f 544 512 546
f 329 519 291
f 199 534 262
f 385 386 416
f 532 190 191
f 363 117 118
f 578 581 580
f 573 572 571
f 561 563 562
f 241 260 259
f 590 593 592
f 545 546 595
f 503 154 155
f 606 625 624
f 478 481 480
f 646 649 648
f 590 591 689
f 564 565 651
f 728 246 184
f 714 724 716
f 692 574 575
f 541 335 581
f 346 68 248
f 161 231 230
f 128 129 94
f 698 705 704
f 574 577 576
f 290 289 401
f 630 631 725
f 733 736 735
f 755 466 496
f 759 480 481
f 757 763 762
f 764 496 466
f 768 767 9260
f 759 760 488
f 492 474 475
f 474 770 769
f 773 468 465
f 771 774 486
f 484 485 775
f 774 776 489
f 495 496 764
f 495 757 761
f 137 397 784
f 325 239 797
f 165 519 51
f 369 32 29
f 730 731 568
f 90 302 301
f 243 118 516
f 800 734 806
f 817 815 808
f 816 808 823
f 306 303 447
f 815 810 809
f 829 830 828
f 726 725 501
f 274 427 424
f 879 882 881
f 884 883 879
f 219 218 217
f 906 905 904
f 455 204 205
f 898 882 830
f 903 900 880
f 377 291 519
f 923 949 948
f 946 947 951
f 8963 740 739
f 900 899 886
f 225 64 65
f 182 445 442
f 809 952 947
f 954 960 962
f 927 950 965
f 885 879 880
f 925 927 966
f 343 342 341
f 965 964 971
f 968 971 970
f 972 968 969
f 963 961 981
f 336 337 338
f 992 993 827
f 810 815 996
f 1007 1001 1002
f 1012 826 827
f 1011 1009 1007
f 294 293 292
f 907 908 920
f 1017 579 1019
f 1020 1023 1022
f 1035 1024 1020
f 1061 1060 1047
f 1063 1061 1046
f 1044 1020 1021
f 1102 1094 1097
f 1116 1126 1118
f 1016 1015 1014
f 881 897 904
f 816 1116 1127
f 1094 948 949
f 514 342 167
f 146 145 81
f 1133 1135 1130
f 1102 1133 1126
f 822 1126 1116
f 1145 1143 1148
f 1076 1144 1151
f 1148 1143 1086
f 1109 1097 1114
f 1154 1153 1156
f 1153 925 967
f 8815 8941 463
f 1144 1147 1152
f 1156 967 1163
f 1164 1162 1169
f 1145 1171 1176
f 1114 1115 1154
f 1183 1155 1164
f 1184 1183 1177
f 1069 1151 1062
f 1023 1191 1194
f 1162 1163 1170
f 1195 1184 1185
f 1183 1196 1176
f 1201 1063 1152
f 1061 1063 1201
f 9277 847 843
f 1203 1202 1195
f 1202 1201 1184
f 1218 1060 1203
f 1060 1061 1202
f 1225 1218 1217
f 671 695 694
f 1219 1217 1024
f 1217 1203 1034
f 1226 1014 1015
f 1243 1242 1234
f 1231 1230 1229
f 847 1243 1233
f 843 1233 1244
f 1233 1234 1245
f 1923 9213 233
f 2100 2108 499
f 9366 9316 2135
f 61 62 323
f 210 211 217
f 1299 1310 1309
f 9315 1230 1231
f 1066 1047 1321
f 1322 1321 1228
f 1060 1218 1321
f 1325 1324 1323
f 1244 1245 1332
f 1290 1234 1242
f 1337 1330 1339
f 1330 1332 1340
f 1341 1332 1245
f 1342 1340 1332
f 1343 1342 1341
f 1344 1341 1294
f 9309 9308 1345
f 1347 1348 1342
f 9308 9306 1295
f 1349 1350 1348
f 9313 1349 1347
f 9305 1347 1343
f 906 898 829
f 905 906 1353
f 865 1356 1355
f 1355 1353 829
f 1357 1355 825
f 1356 1354 1353
f 9286 1337 1338
f 866 1358 1356
f 1358 1359 1354
f 9280 878 1337
f 838 1362 1012
f 1363 1364 1338
f 1368 1363 1339
f 1348 1368 1340
f 1371 1369 9276
f 524 525 526
f 528 529 530
f 1372 1370 1369
f 535 536 537
f 1367 1368 1348
f 1370 1354 1359
f 1369 1359 9285
f 1373 910 903
f 555 556 557
f 1374 909 910
f 1373 904 905
f 1374 1373 1375
f 1375 905 1354
f 1378 920 908
f 376 373 651
f 1388 928 973
f 586 587 588
f 1390 1389 1388
f 1391 1388 969
f 597 598 599
f 600 601 602
f 1392 1391 970
f 608 609 610
f 612 524 523
f 614 615 616
f 617 618 25
f 620 621 622
f 1397 1390 1391
f 1398 1397 1392
f 1400 987 920
f 1402 1403 1165
f 636 637 638
f 930 1404 1402
f 641 642 643
f 929 1402 1169
f 1404 1405 1403
f 1411 1366 1365
f 1412 1406 1415
f 652 653 654
f 609 656 657
f 659 660 661
f 558 663 586
f 665 666 667
f 1413 1411 1406
f 1418 1416 9262
f 1417 1372 1371
f 1416 1371 9281
f 1419 1417 1416
f 1386 909 1374
f 677 678 679
f 1385 1386 1420
f 1420 1374 1376
f 685 686 687
f 1421 1420 1422
f 528 690 691
f 1422 1376 1372
f 1018 1019 747
f 699 700 701
f 1424 578 579
f 9115 1597 1767
f 700 699 711
f 1093 9198 9206
f 717 718 530
f 721 722 723
f 704 1650 8987
f 19 1429 1426
f 1429 1428 1427
f 1658 1659 8986
f 1439 1437 1434
f 1437 1436 1435
f 1426 1427 1433
f 1442 1431 1432
f 742 743 744
f 1432 1433 1441
f 751 752 753
f 1438 1434 1403
f 1446 1445 1444
f 1447 1448 1446
f 9312 1447 1443
f 1415 1367 1445
f 1414 1415 1446
f 2173 1683 469
f 777 778 779
f 780 781 782
f 1676 1693 1806
f 9311 1451 1349
f 789 790 791
f 745 792 793
f 652 794 795
f 1455 1458 1457
f 1454 1367 1350
f 610 691 802
f 9283 9268 698
f 1352 1044 1045
f 1015 1016 1459
f 811 812 813
f 2118 9267 9269
f 819 820 821
f 1466 1463 1194
f 1467 1468 1465
f 1182 1165 1468
f 832 812 833
f 835 836 837
f 1467 1466 1190
f 1469 1470 1444
f 840 700 712
f 1453 1470 1469
f 599 844 845
f 1226 1450 9301
f 851 852 853
f 855 744 856
f 858 859 860
f 861 862 863
f 1014 1226 9307
f 867 676 868
f 870 871 872
f 874 875 876
f 1310 1323 1471
f 1476 1433 1427
f 1461 1476 1475
f 887 888 889
f 788 791 892
f 894 895 896
f 1460 1475 1227
f 901 902 524
f 1465 1478 1477
f 1865 8947 8944
f 911 912 913
f 916 917 918
f 1850 8949 8951
f 921 922 895
f 1479 1435 1436
f 926 664 667
f 1481 562 563
f 269 1483 84
f 931 932 933
f 934 935 614
f 936 685 688
f 938 659 662
f 1484 270 122
f 941 942 835
f 320 321 509
f 1849 8954 8949
f 84 1483 1484
f 1487 1490 1488
f 1757 1758 8946
f 365 1492 1491
f 461 79 80
f 117 363 362
f 1494 540 541
f 926 601 957
f 1477 1441 1433
f 1709 1588 1585
f 119 117 1496
f 271 1497 504
f 511 517 189
f 345 1496 1492
f 57 344 299
f 1501 1499 268
f 267 268 1499
f 974 975 976
f 1678 1652 1693
f 9298 1682 1807
f 557 982 663
f 983 941 984
f 1443 1444 9301
f 421 1500 268
f 989 990 991
f 1490 1487 418
f 279 280 309
f 997 868 676
f 998 26 999
f 1504 418 38
f 1506 1508 1507
f 360 361 1508
f 1506 1486 207
f 939 1005 1006
f 270 1484 1483
f 66 63 546
f 1010 742 793
f 367 428 437
f 244 31 363
f 1670 8976 8978
f 209 206 1510
f 388 389 426
f 427 274 250
f 161 520 521
f 100 246 45
f 1025 1026 608
f 1029 1030 1031
f 939 662 1033
f 41 42 594
f 1036 780 783
f 702 701 1038
f 1040 1041 1042
f 362 32 369
f 187 1520 477
f 70 1487 539
f 1049 600 603
f 613 867 869
f 860 1050 1051
f 1005 1052 1053
f 753 1055 1056
f 1057 1058 1059
f 293 288 1522
f 288 212 1521
f 292 1522 1523
f 331 1507 1508
f 306 452 453
f 100 44 41
f 462 1524 78
f 330 331 1524
f 635 1067 1068
f 1485 1527 1526
f 206 1485 1528
f 1070 1071 1072
f 942 941 1073
f 916 933 1075
f 440 1529 1530
f 157 158 1514
f 1529 162 5
f 371 595 546
f 790 586 663
f 1077 858 857
f 1403 1434 1435
f 1080 1081 1082
f 531 520 1529
f 21 1083 1084
f 272 1532 1531
f 690 712 802
f 335 9015 9011
f 1090 1030 1029
f 1092 795 794
f 1533 396 137
f 661 660 1095
f 69 444 445
f 1099 1100 1101
f 38 39 1536
f 1104 1105 1106
f 852 1107 1108
f 1377 908 909
f 291 377 411
f 316 1536 516
f 539 1488 1533
f 1505 1536 316
f 1110 1111 1112
f 1539 1537 460
f 522 441 1537
f 834 837 1120
f 1122 1123 1124
f 612 1125 1041
f 935 793 615
f 276 278 130
f 1686 8993 8966
f 193 190 1541
f 231 521 1540
f 556 1037 982
f 365 253 85
f 190 532 318
f 1810 765 9018
f 9376 1867 8956
f 1132 983 985
f 208 101 102
f 1134 1033 662
f 1491 518 80
f 429 133 1542
f 1137 1138 915
f 172 436 428
f 1139 1140 1141
f 549 96 54
f 1517 1519 1518
f 834 1119 984
f 1543 513 286
f 1544 797 239
f 133 134 1544
f 506 361 257
f 420 327 328
f 1158 1159 1160
f 587 1104 1103
f 607 1161 1027
f 304 1546 1545
f 364 1491 77
f 69 70 198
f 700 840 1112
f 9329 626 8969
f 1166 719 657
f 1167 1168 858
f 1300 8967 8968
f 1172 1173 1174
f 218 203 200
f 1179 1180 1181
f 372 183 97
f 89 104 227
f 1186 1187 1188
f 172 173 1517
f 1482 84 81
f 1090 1192 1193
f 394 395 353
f 526 525 1198
f 1199 1200 1026
f 606 623 697
f 1204 1205 1206
f 1207 1208 523
f 1209 1210 867
f 914 913 685
f 1478 1436 1441
f 1029 1028 1161
f 1211 1212 1213
f 9310 1453 1451
f 844 1215 1216
f 423 193 273
f 1220 1221 1222
f 22 1223 1224
f 882 898 897
f 1519 1517 173
f 1189 1188 1232
f 349 350 550
f 1071 1235 1236
f 1237 1238 1239
f 1221 1186 1189
f 1510 1528 1512
f 939 1032 1241
f 1556 1530 5
f 1553 1554 394
f 404 1556 67
f 1247 1248 1249
f 142 199 238
f 1251 1067 635
f 850 1252 1253
f 1254 1167 1077
f 57 132 133
f 443 430 552
f 1187 1172 1175
f 1256 1070 831
f 432 405 382
f 741 748 747
f 434 350 351
f 349 432 383
f 251 124 1481
f 395 384 352
f 1518 1519 1550
f 1558 410 378
f 109 263 314
f 285 1514 1513
f 395 394 393
f 202 203 410
f 417 408 405
f 1246 1257 1258
f 3 1559 297
f 1259 1260 1261
f 403 404 347
f 955 954 953
f 462 50 51
f 1096 1095 687
f 429 147 60
f 896 1264 1265
f 1267 721 1268
f 423 424 327
f 37 179 180
f 20 23 1187
f 1256 1168 1071
f 1188 1175 1269
f 1236 1270 1271
f 1272 536 535
f 565 564 463
f 1273 792 745
f 876 1254 1255
f 316 33 164
f 437 1516 503
f 194 1494 1495
f 1275 1276 864
f 624 625 631
f 1277 1274 1137
f 569 568 567
f 1481 124 125
f 324 325 547
f 1279 1108 1107
f 1525 332 329
f 1281 1278 1137
f 171 168 1553
f 1488 73 396
f 1557 1561 1562
f 1282 856 1206
f 1053 1277 1278
f 778 777 607
f 713 583 9010
f 251 225 144
f 4 357 348
f 709 708 707
f 728 48 45
f 261 135 1563
f 789 1286 1287
f 74 314 263
f 403 284 385
f 1178 1181 1240
f 1223 1259 1289
f 1220 20 1186
f 296 1518 354
f 784 459 1538
f 1181 1180 1291
f 1269 1292 1257
f 1566 1538 438
f 136 784 1566
f 1563 1564 169
f 107 114 109
f 1297 1282 1298
f 1464 1477 1476
f 1520 187 507
f 1301 1302 1303
f 1306 1307 1308
f 175 456 1532
f 1532 456 200
f 1311 1266 1312
f 872 1314 1315
f 9288 843 878
f 1305 1308 864
f 1040 1275 863
f 1564 1566 399
f 592 1576 1575
f 591 1575 1088
f 1581 1584 1583
f 1196 1152 1147
f 710 582 583
f 285 407 408
f 953 954 961
f 1594 1592 1589
f 1585 1588 1587
f 1592 1591 1590
f 9337 945 944
f 1600 1599 1598
f 1604 1603 1602
f 1399 1392 979
f 1589 1590 1596
f 1610 1609 1608
f 298 257 361
f 551 552 276
f 1627 1626 9266
f 859 811 818
f 1078 857 1328
f 1555 439 1530
f 572 573 680
f 772 465 776
f 977 1281 918
f 404 403 392
f 1054 1331 750
f 1644 1645 1643
f 932 1265 1082
f 1067 1333 1334
f 1540 1539 264
f 597 1335 643
f 471 761 762
f 1642 696 9283
f 1644 1642 9294
f 923 946 950
f 96 549 548
f 520 531 522
f 445 444 443
f 849 839 848
f 480 759 755
f 1646 760 481
f 311 426 1567
f 464 463 8941
f 8941 1360 1361
f 234 237 236
f 190 193 192
f 153 154 152
f 231 287 286
f 1552 1553 1551
f 760 1646 1648
f 9284 1647 1649
f 828 827 826
f 52 167 166
f 1663 1662 1661
f 287 107 115
f 668 671 670
f 634 645 640
f 553 560 559
f 118 36 33
f 492 484 491
f 8996 1652 1651
f 582 589 584
f 384 395 392
f 1381 1382 1383
f 1562 1561 435
f 952 953 951
f 8973 9010 583
f 1660 1661 1667
f 1394 1395 1396
f 1660 1665 1664
f 1671 1670 1669
f 1624 1625 1673
f 1407 1408 1409
f 1677 1676 1675
f 1613 1679 1677
f 1679 1678 1676
f 1626 1681 9263
f 534 199 198
f 803 733 734
f 400 248 191
f 65 66 143
f 8970 1657 1656
f 402 159 157
f 629 628 627
f 461 477 49
f 758 757 495
f 796 787 786
f 406 407 1513
f 342 343 166
f 1694 1659 1658
f 1692 1687 1694
f 9001 1693 1652
f 9373 1704 1703
f 326 547 302
f 9368 9373 1702
f 9371 9370 1698
f 1699 1691 9379
f 1557 406 1560
f 1127 1116 1117
f 400 401 289
f 1706 1702 1707
f 1707 1702 1599
f 1709 1706 1708
f 1714 1712 1711
f 9371 9367 1709
f 1704 1711 1577
f 1716 1714 1713
f 1559 1562 1549
f 1722 1721 1720
f 1335 597 596
f 410 411 377
f 973 1170 1163
f 168 169 399
f 1571 682 1089
f 1572 681 682
f 749 646 647
f 1730 1724 1723
f 1594 1582 1729
f 1729 1723 1591
f 1384 1378 1377
f 1732 1731 1712
f 1724 1730 1731
f 1722 1724 1732
f 1721 1722 1733
f 1734 1733 1716
f 1735 1737 1736
f 1733 1732 1714
f 1663 1664 1741
f 1742 1665 1740
f 1738 1739 1737
f 1665 1660 1666
f 1665 1742 1744
f 1725 1726 1746
f 1591 1725 1745
f 1590 1745 1747
f 1745 1746 1748
f 1659 1688 8982
f 5650 1760 8989
f 1185 1177 1182
f 1664 1744 1749
f 1741 1749 1739
f 1746 1742 1743
f 1726 1744 1742
f 1115 924 1153
f 1654 8990 9019
f 1896 9006 8993
f 1720 1749 1744
f 1721 1739 1749
f 1750 1718 1701
f 1697 1736 1750
f 1151 1152 1063
f 1751 1752 1670
f 1695 1658 1752
f 961 962 986
f 1770 1769 1768
f 1766 1594 1593
f 1731 1759 1579
f 1579 1777 1774
f 9380 1772 1771
f 1764 1772 9380
f 1777 1776 1775
f 9214 9215 1699
f 1004 1127 1128
f 1774 1775 1771
f 987 1400 1399
f 1578 1774 1772
f 1783 1782 1781
f 1597 1598 1770
f 639 1878 9347
f 9380 9381 1769
f 1793 1792 1789
f 9381 9372 1798
f 8952 8960 9225
f 1802 1867 9376
f 1788 1790 1794
f 1793 1794 1795
f 9225 9224 1675
f 1584 1581 1783
f 1771 1797 9372
f 1801 1799 1798
f 1768 1769 1798
f 1775 1796 1797
f 508 514 515
f 1796 1803 1802
f 1800 1798 9372
f 1794 1805 1804
f 8976 1670 1752
f 485 1808 1807
f 9261 9296 1640
f 9289 9296 1810
f 485 482 1640
f 1690 1691 9222
f 487 488 1648
f 9291 1813 1816
f 9290 1811 1648
f 9291 1812 1811
f 1812 1809 487
f 1641 1809 767
f 465 466 755
f 767 1815 9275
f 9274 1816 9278
f 1809 1812 1815
f 9289 1653 1651
f 675 672 8985
f 1814 1649 1822
f 1821 1822 9273
f 1824 1822 1649
f 1827 1849 1850
f 1668 1669 1662
f 1779 1780 1848
f 1790 1827 1805
f 1833 1836 1853
f 8965 8950 693
f 1614 1615 1616
f 1852 1853 8942
f 1620 1621 1622
f 1855 1765 1574
f 1847 1852 8945
f 1766 1765 1855
f 1629 1630 1631
f 1633 1622 1634
f 1635 1636 1637
f 1848 1833 1852
f 1855 1861 1863
f 1803 1866 1867
f 1862 1863 1831
f 1782 1855 1862
f 9374 9376 1865
f 1873 1872 1870
f 1874 1869 799
f 2045 9330 9349
f 1219 1345 1295
f 1615 1614 1396
f 9336 9347 1877
f 645 9350 9238
f 1345 1219 1035
f 634 639 9336
f 15 1887 1327
f 9362 9347 1878
f 1894 604 605
f 8950 8995 627
f 9004 640 645
f 340 341 454
f 1897 194 195
f 1889 1882 1877
f 1901 94 129
f 196 749 754
f 1705 1704 9373
f 340 378 166
f 1570 1480 563
f 1904 1494 194
f 1781 1862 1832
f 1905 549 55
f 1000 994 995
f 986 919 920
f 1191 1185 1190
f 2094 2077 2075
f 1920 1921 1919
f 453 454 1912
f 1915 1919 1918
f 9334 2112 2106
f 1655 9019 8975
f 1916 1918 1926
f 704 8998 9005
f 278 1916 1925
f 9009 9008 1818
f 1097 949 1115
f 1927 1928 727
f 9030 9031 9106
f 1920 310 307
f 1929 307 48
f 503 504 1497
f 1902 1903 787
f 1816 1821 9272
f 1925 1926 1923
f 1535 1569 1568
f 254 252 258
f 1509 1497 366
f 119 86 35
f 219 288 293
f 141 46 47
f 542 205 244
f 1940 552 430
f 1779 1828 1827
f 1701 1710 9367
f 1661 8994 8959
f 270 53 754
f 197 1947 749
f 1727 1728 1212
f 53 54 232
f 1465 1468 1479
f 1284 9314 9306
f 1951 446 412
f 168 398 1554
f 1486 1485 206
f 506 77 78
f 994 1001 1007
f 951 953 963
f 1013 9311 9313
f 9278 9272 1820
f 1498 1909 1954
f 299 298 543
f 1754 1755 1756
f 1681 469 1683
f 1696 1694 1695
f 13 14 738
f 473 476 475
f 482 1641 768
f 204 62 30
f 1761 1762 820
f 611 1763 1125
f 1501 1503 1908
f 1074 1073 711
f 1960 1944 82
f 120 1956 1960
f 35 86 87
f 1773 1199 1025
f 1965 1545 1569
f 494 761 471
f 1966 1967 1969
f 446 1951 1971
f 174 368 125
f 1580 1579 1578
f 1785 1786 1787
f 1972 1546 304
f 1254 876 875
f 1973 341 342
f 321 1912 1973
f 1910 277 275
f 509 1973 514
f 1486 1507 1527
f 1974 1874 804
f 1977 1976 1974
f 1980 448 1966
f 379 1 2
f 1718 1715 1710
f 884 995 992
f 1680 1684 1678
f 902 990 525
f 344 255 256
f 135 138 137
f 448 446 1967
f 589 605 604
f 910 909 908
f 1981 1966 1968
f 1982 1981 1987
f 1988 1979 1987
f 1990 1988 1989
f 1991 1989 1993
f 322 321 320
f 992 828 830
f 1144 1076 1086
f 1995 1977 1978
f 1133 1129 1118
f 1997 1995 1994
f 870 1823 1335
f 805 806 1982
f 727 184 2000
f 1996 1994 1988
f 1994 1978 1979
f 1829 616 792
f 1830 1073 941
f 798 803 800
f 729 732 731
f 2011 2012 2023
f 1834 1835 846
f 402 283 284
f 2022 2023 2024
f 1838 718 989
f 810 955 952
f 1823 1839 1840
f 1430 1426 1432
f 1215 844 1841
f 1316 1208 873
f 2112 1401 1384
f 1842 1843 1844
f 1159 846 845
f 837 27 1846
f 1971 1951 2030
f 517 369 370
f 1471 2026 2027
f 8995 8969 626
f 2174 2175 770
f 935 934 1854
f 1613 1619 1611
f 1231 1228 1225
f 1856 1857 891
f 1300 1309 748
f 1150 1149 1858
f 1643 606 696
f 1215 1265 1264
f 1320 1860 902
f 1956 1943 1944
f 2031 668 669
f 2034 1325 1310
f 1879 1880 1656
f 40 245 242
f 1992 1993 2039
f 888 958 957
f 1882 1889 1996
f 1078 1138 1255
f 1871 912 1192
f 294 411 218
f 1323 2041 2026
f 123 1960 83
f 1324 2036 2041
f 384 358 359
f 1324 1325 2038
f 1883 1884 1885
f 287 1540 114
f 1096 1886 1134
f 915 1329 931
f 806 1980 1981
f 8977 8973 584
f 1425 2030 2042
f 1018 2042 1948
f 9006 1896 740
f 1948 2042 649
f 1881 1882 1990
f 1900 129 130
f 992 995 994
f 923 927 925
f 9330 2045 2047
f 1643 2048 625
f 2050 2052 2051
f 2045 1405 1404
f 9328 2047 945
f 1139 1080 1079
f 1037 1856 892
f 2055 2053 2057
f 1198 989 718
f 1619 2058 1612
f 2058 1605 1606
f 2059 2060 1607
f 2058 1619 1624
f 71 72 179
f 405 406 1557
f 322 1548 1972
f 2061 2052 2063
f 2066 2065 2067
f 2052 2061 2064
f 1609 1610 2066
f 1515 151 152
f 1009 827 993
f 1644 9295 9267
f 279 1915 1916
f 1285 9315 9314
f 1647 2066 1825
f 2056 2057 2067
f 319 320 1953
f 667 666 1913
f 2070 631 625
f 2052 2050 2055
f 2038 1654 1655
f 1606 1601 2073
f 1235 1917 1270
f 2072 2073 2075
f 2059 1606 2072
f 2074 2075 2077
f 1601 1602 2078
f 2049 2048 1643
f 1000 1004 1001
f 1089 943 684
f 1931 1286 1306
f 1462 1459 1021
f 1932 1933 1934
f 875 874 1846
f 1936 1051 1937
f 44 45 46
f 1534 1955 1956
f 1541 318 317
f 2081 2082 2084
f 146 1945 1959
f 1360 1941 1942
f 985 984 1032
f 1995 1997 1892
f 2079 2080 2082
f 2095 2096 2076
f 2081 2093 2078
f 2055 2050 2054
f 501 2096 2095
f 2097 2100 2099
f 2098 2099 2094
f 2140 2141 9345
f 2141 2046 9346
f 2051 2070 2048
f 592 2102 2101
f 2071 2064 2076
f 2102 2097 2098
f 593 2103 2102
f 1019 1895 746
f 1950 11 12
f 725 2071 2096
f 1385 2105 2104
f 1379 2104 2106
f 2107 2108 2100
f 9360 726 502
f 9348 502 499
f 940 1389 2109
f 928 929 1170
f 9320 590 684
f 1962 1963 1964
f 9330 680 573
f 2039 1993 1968
f 1389 1390 2110
f 1398 2111 2113
f 9209 9207 9205
f 9363 9335 2107
f 949 923 924
f 260 241 324
f 1390 1397 2113
f 2070 2051 2064
f 9319 9363 2103
f 2105 1385 1421
f 2114 1421 1423
f 9344 2114 2115
f 9360 2105 2114
f 554 2116 1902
f 972 1163 967
f 1765 1593 1573
f 1984 1985 1986
f 2053 2117 2069
f 9017 9000 724
f 1625 1677 1674
f 9333 9340 2119
f 9355 2115 2123
f 56 1954 1906
f 626 9329 9331
f 2001 2002 2003
f 9364 9293 2127
f 2006 2007 2008
f 2127 1413 1412
f 2014 2015 2016
f 2018 2019 2020
f 1495 1424 1947
f 1379 1377 1386
f 9266 9263 1680
f 2029 1885 1884
f 9354 2128 2120
f 629 9331 9366
f 682 683 943
f 724 1650 2121
f 1757 1819 9273
f 765 1810 9296
f 9303 714 715
f 706 707 9322
f 981 986 987
f 1457 1868 1656
f 2017 2016 2032
f 1458 1655 1868
f 1776 1777 1792
f 1959 1945 1946
f 9115 9167 9177
f 9365 9333 2122
f 1093 1089 689
f 966 965 968
f 9304 715 9333
f 2172 9029 2170
f 670 2138 2137
f 9213 787 1903
f 1429 19 28
f 964 963 978
f 9293 9265 1413
f 1473 1474 669
f 9286 9285 1359
f 2138 798 1870
f 1872 1473 2137
f 715 716 9340
f 1881 1991 1992
f 9295 9294 739
f 1837 1847 8957
f 253 58 59
f 1808 9289 9292
f 1647 9284 9270
f 9317 9318 671
f 2112 9334 9335
f 1405 2045 2044
f 9281 9276 1364
f 273 1541 391
f 576 632 8964
f 9327 9317 668
f 1430 1431 2140
f 2136 9302 9312
f 1430 2139 18
f 9345 9346 570
f 1442 1439 2046
f 1431 1442 2141
f 9321 9365 9302
f 9260 9275 1817
f 9318 9345 695
f 2142 2025 798
f 571 2143 2142
f 9271 9266 1618
f 2143 2022 2025
f 694 2142 2138
f 681 1572 2144
f 2144 2011 2022
f 328 210 457
f 1572 2010 2011
f 630 9344 9355
f 2085 2086 2087
f 2090 2091 2092
f 572 2144 2143
f 1875 1976 2153
f 1873 1875 2149
f 2103 2107 2097
f 2157 2043 2155
f 2128 1412 1414
f 9326 9323 589
f 9324 9322 628
f 2149 2153 2158
f 2159 2158 9357
f 698 9359 9354
f 9275 9299 9279
f 2158 2156 9326
f 1438 2044 2046
f 2035 2154 2160
f 2161 2160 9341
f 9323 9343 605
f 9325 17 18
f 370 29 61
f 649 1951 413
f 2153 2157 2156
f 1428 1429 1449
f 1490 76 73
f 9342 9357 710
f 2155 1891 9343
f 1456 1457 1880
f 2125 2088 2087
f 2160 2159 9342
f 300 1959 505
f 1064 1062 1046
f 2043 1892 1891
f 2129 2130 2004
f 2131 2132 2133
f 9300 9301 1450
f 1998 1975 804
f 9331 673 9316
f 474 492 490
f 1164 1165 1182
f 707 2162 9361
f 708 1472 2162
f 2162 2161 9338
f 548 549 1905
f 1145 1136 1114
f 705 2121 1650
f 2043 2157 1977
f 737 738 554
f 1034 1195 1191
f 458 1905 1907
f 195 196 232
f 2040 2039 1969
f 2145 2146 2147
f 2054 2050 2049
f 9284 1646 1639
f 9 12 11
f 252 364 506
f 472 478 479
f 1865 9376 9243
f 900 903 910
f 1941 2150 2151
f 1921 1928 1927
f 2163 1897 1898
f 271 156 153
f 1904 1326 12
f 282 263 264
f 1872 1873 2154
f 1326 1904 1897
f 628 692 693
f 1724 1722 1719
f 1549 1562 436
f 1582 1583 1730
f 1921 1920 1929
f 9007 8955 10
f 2152 2037 1950
f 475 772 774
f 769 2172 2171
f 2171 2165 476
f 476 773 772
f 1791 565 464
f 2166 2167 2168
f 595 371 372
f 483 1809 1641
f 762 2174 2173
f 771 483 484
f 486 487 1809
f 297 1549 1517
f 763 2175 2174
f 776 755 759
f 184 185 2176
f 412 447 303
f 2005 2176 185
f 9263 1681 1682
f 2164 2170 756
f 1472 2035 2161
f 950 951 964
f 2177 2178 2179
f 227 226 1510
f 2182 2183 2184
f 2186 2019 2018
f 1985 2182 2181
f 214 736 729
f 865 849 842
f 849 865 1357
f 559 3187 3188
f 16 13 737
f 560 553 498
f 3193 3196 3195
f 3200 3197 3198
f 3211 3214 3213
f 3215 3218 3217
f 2187 2188 2002
f 3233 3236 3235
f 3223 3221 3222
f 3229 3232 3231
f 3245 3248 3247
f 2169 2168 2189
f 2192 2086 2085
f 2193 2194 2195
f 2198 2199 2200
f 1998 1982 1979
f 9116 9117 9120
f 3253 3256 3255
f 2116 1898 1903
f 1859 2006 2009
f 9356 2123 2126
f 1135 1148 1087
f 2201 2202 2015
f 1149 111 110
f 3261 3264 3263
f 3269 3272 3271
f 3265 3268 3267
f 3229 3230 3284
f 3289 3292 3291
f 3299 3302 3301
f 3307 3263 3264
f 3293 3296 3295
f 3297 3223 3224
f 3319 3321 3291
f 3322 3323 3318
f 3314 3313 3312
f 3285 3288 3287
f 3332 3333 3218
f 3329 3331 3330
f 3324 3325 3227
f 3298 3224 3326
f 2203 2204 2205
f 579 580 1895
f 1755 2207 2208
f 3337 3340 3339
f 9343 9362 1893
f 1211 2151 2150
f 868 997 2210
f 3347 3350 3349
f 944 945 930
f 2130 2129 2202
f 233 1903 1898
f 665 751 750
f 1167 1254 999
f 2211 2212 2213
f 2215 2216 2217
f 9319 593 590
f 2220 221 220
f 823 824 948
f 3375 3240 3377
f 3393 3392 3391
f 3353 3358 3357
f 3363 3366 3365
f 3402 3405 3404
f 266 204 455
f 9334 2108 2107
f 2221 2222 8963
f 2223 2224 2225
f 2207 2125 2124
f 3293 3309 3336
f 673 674 9321
f 817 1000 996
f 2227 2228 2146
f 1947 1948 646
f 9352 2135 17
f 2229 1635 1638
f 1679 1613 1618
f 1637 2231 2232
f 2233 2234 1617
f 2231 2235 2236
f 3406 3409 3408
f 1381 1638 2238
f 9038 2241 2242
f 3414 3416 3341
f 1630 2234 2233
f 1681 1626 472
f 1408 1407 2243
f 3423 3426 3425
f 3433 3351 3263
f 3434 3429 3430
f 3440 3443 3442
f 3444 3447 3446
f 3436 3451 3450
f 3442 3443 3456
f 1637 2230 2238
f 3445 3446 3437
f 3448 3443 3440
f 1409 1408 1634
f 1380 1383 2247
f 1628 2248 2245
f 3463 3466 3465
f 3308 3477 3462
f 2249 1623 1622
f 1632 1634 1408
f 2248 1628 1631
f 3478 3481 3480
f 3509 3512 3511
f 2235 2231 1637
f 3505 3508 3507
f 3457 3458 3199
f 631 2070 2071
f 515 167 52
f 782 781 2251
f 2253 2254 2255
f 397 281 459
f 1456 2039 2040
f 2040 2041 2036
f 3434 3475 3518
f 1401 2112 2111
f 2041 2040 1970
f 3367 3337 3338
f 1535 121 414
f 1586 1587 2080
f 2256 983 1132
f 3528 3531 3530
f 3519 3521 3520
f 3537 3505 3506
f 3543 3546 3545
f 1700 1699 9370
f 3486 3551 3550
f 3455 3456 3497
f 3558 3560 3559
f 3456 3568 3500
f 3572 3571 3252
f 3308 3264 3285
f 3316 3317 3574
f 3575 3478 3479
f 3576 3579 3578
f 3580 3583 3582
f 3584 3587 3586
f 3505 3537 3588
f 3589 3592 3591
f 3600 3603 3602
f 3542 3539 3595
f 3604 3605 3592
f 3611 3610 3613
f 3622 3625 3624
f 3618 3621 3620
f 3626 3629 3628
f 3644 3647 3646
f 3634 3637 3636
f 3638 3639 3641
f 9267 1896 1686
f 1263 2256 1886
f 3613 3655 3654
f 598 1841 844
f 2257 2258 2259
f 2258 2261 2262
f 2259 2262 2263
f 2260 2259 2216
f 1967 1971 1970
f 2212 1964 1963
f 922 921 2218
f 1312 1098 1101
f 1307 1306 1286
f 1548 1569 1546
f 2266 2267 2268
f 2265 2268 2270
f 2272 2265 2269
f 2273 2266 2265
f 2275 2276 2277
f 2278 2274 2277
f 2284 2285 9069
f 2287 2283 2286
f 2288 2289 2283
f 2290 2284 9091
f 2291 2292 2293
f 2295 2291 2294
f 2296 2297 2291
f 2297 2298 2292
f 2294 2293 2299
f 2279 2294 2300
f 2298 2301 2302
f 2292 2302 2303
f 2293 2303 2304
f 2304 2305 2306
f 2308 2309 2310
f 2302 2307 2310
f 2301 2311 2307
f 2312 2308 2307
f 2313 2314 2315
f 2318 2319 2320
f 9200 9223 2322
f 2324 2325 2273
f 2313 2324 2326
f 2328 2324 2313
f 2329 2325 2324
f 2331 2332 2333
f 2330 2333 2267
f 2325 2330 2266
f 2329 2331 2330
f 2333 2334 2335
f 2336 2334 2333
f 2338 2336 2332
f 2331 2339 2337
f 2329 2340 2339
f 2328 2341 2340
f 2316 2342 2341
f 2342 2316 2315
f 2344 2345 2346
f 2341 2344 2347
f 2342 2348 2344
f 2348 2349 2345
f 2350 2351 2352
f 2339 2350 2353
f 2340 2347 2350
f 2347 2346 2351
f 2337 2353 2354
f 2353 2352 2355
f 2356 2277 2276
f 2356 2357 2358
f 2356 2359 2296
f 2279 2277 2356
f 2360 2361 2270
f 2267 2335 2360
f 2362 2363 2364
f 2362 2365 2361
f 2366 2362 2358
f 2366 2367 2363
f 2357 2276 2368
f 2366 2368 2369
f 2276 2275 2370
f 2368 2370 2282
f 2372 2373 2374
f 2375 2376 2377
f 2378 2379 2380
f 2382 2378 2381
f 2384 2385 2378
f 2385 2386 2379
f 2388 2389 2390
f 2387 2390 2392
f 2393 2394 2387
f 2394 2395 2388
f 2186 2401 2402
f 2403 2404 2327
f 2272 2403 2326
f 2271 2405 2403
f 2405 2406 2404
f 2404 2407 2408
f 2409 2410 2411
f 2409 2412 2271
f 2413 2409 2269
f 2413 2414 2410
f 2417 2415 2416
f 2417 2418 2406
f 2412 2417 2405
f 2411 2415 2417
f 2406 2419 2407
f 9013 8964 632
f 2420 2398 2397
f 2420 2421 2423
f 2424 2420 2422
f 2424 2399 2398
f 2425 2391 2392
f 2421 2425 2426
f 2397 2396 2425
f 2396 2393 2391
f 2427 2314 2408
f 2430 2427 2428
f 2343 2315 2427
f 2432 2343 2430
f 2431 2430 2429
f 2435 2431 2433
f 2436 2432 2431
f 2428 2408 2407
f 2422 2437 2407
f 2438 2437 2422
f 2429 2428 2437
f 2440 2434 2433
f 2441 2439 2433
f 2442 2443 2439
f 2443 2444 2440
f 2445 2446 2444
f 2447 2445 2443
f 2383 2381 2445
f 2381 2380 2446
f 2448 2438 2423
f 2449 2448 2426
f 2441 2448 2449
f 2441 2429 2438
f 2449 2392 2390
f 2450 2390 2389
f 2447 2450 2451
f 2442 2449 2450
f 2451 2389 2453
f 2452 2453 2455
f 2382 2452 2454
f 2383 2451 2452
f 2456 2457 2373
f 2459 2460 2461
f 2463 2464 2465
f 2462 2465 2285
f 2466 2462 2284
f 2467 2463 2462
f 2461 2460 9155
f 2468 2469 2470
f 2472 2468 2471
f 2474 2461 9153
f 2475 2476 2477
f 2458 2455 2453
f 2479 2453 2389
f 2395 2480 2479
f 2480 2459 2458
f 2481 2482 2483
f 2484 113 2485
f 2471 2470 2464
f 2473 2471 2463
f 2487 2467 2466
f 2486 2466 2290
f 2490 2486 2488
f 2491 2487 2486
f 2492 2473 2467
f 2493 2492 2487
f 2494 2495 2492
f 2495 2472 2473
f 9142 2496 2474
f 9143 2497 2496
f 2498 2494 2493
f 2500 2498 2499
f 9152 9139 2498
f 9139 9143 2494
f 2306 2504 2278
f 2305 2505 2504
f 2504 2505 2507
f 2506 2507 2288
f 2274 2506 2508
f 2278 2504 2506
f 9085 9084 2489
f 9072 9085 2488
f 2507 2509 2289
f 2505 2510 2509
f 2508 2288 2287
f 2511 2287 2281
f 2370 2511 2280
f 2275 2508 2511
f 2512 2490 2489
f 2514 2512 2513
f 2517 2512 2514
f 2517 2491 2490
f 2499 2493 2491
f 2499 2517 2516
f 2510 2505 2519
f 2518 2519 2521
f 9068 2518 2520
f 9084 2510 2518
f 2522 2304 2303
f 2523 2522 2310
f 2305 2304 2522
f 2524 2522 2523
f 2519 2524 2525
f 2505 2305 2524
f 2308 2312 2527
f 2526 2527 2529
f 2531 2526 2528
f 2309 2308 2526
f 1214 2532 2151
f 2419 2406 2418
f 2533 2345 2349
f 2534 2533 2317
f 2535 2536 2533
f 2536 2346 2345
f 2537 2351 2346
f 2538 2537 2536
f 2539 2540 2537
f 2540 2352 2351
f 2312 2355 2541
f 2527 2541 2542
f 2543 2435 2434
f 2545 2543 2544
f 2319 2318 2543
f 2318 2436 2435
f 2514 2515 2548
f 2547 2548 2550
f 2552 2547 2549
f 2552 2516 2514
f 2520 2521 2554
f 2553 2554 2556
f 9042 2553 2555
f 9073 2520 2553
f 2523 2309 2531
f 2557 2531 2530
f 2525 2523 2557
f 2559 2557 2558
f 2554 2559 2560
f 2521 2525 2559
f 2561 2375 2007
f 2376 2562 2225
f 2564 2565 2566
f 2563 2566 338
f 2569 2563 2567
f 2570 2564 2563
f 2572 2573 2574
f 2571 2574 2576
f 2544 2571 2575
f 2544 2434 2572
f 2578 2570 2569
f 2579 2577 2569
f 2574 2577 2579
f 2573 2578 2577
f 2581 2582 2583
f 2584 2580 2583
f 9149 9127 2580
f 9128 2581 2580
f 2582 2516 2552
f 2583 2552 2551
f 2500 2501 2589
f 2590 2588 2589
f 9145 9147 2588
f 9147 9152 2500
f 2501 2516 2591
f 2592 2593 2594
f 2386 2385 2503
f 2596 2379 2386
f 2596 2374 2373
f 2599 2596 2597
f 2599 2380 2379
f 2600 2446 2380
f 2600 2599 2598
f 2603 2600 2601
f 2603 2444 2446
f 2604 2603 2602
f 2440 2604 2605
f 2444 2603 2604
f 2606 2582 2581
f 2606 2607 2590
f 2591 2516 2582
f 9128 2587 2456
f 9141 2456 2372
f 2478 2477 2608
f 2609 2610 2611
f 2564 2570 2613
f 2612 2613 2598
f 2457 2612 2597
f 2565 2564 2612
f 2614 2613 2570
f 2615 2614 2578
f 2602 2601 2614
f 2601 2598 2613
f 2572 2434 2605
f 2616 2605 2602
f 2573 2572 2616
f 1459 1016 1045
f 1265 1215 1079
f 1612 1608 1609
f 2067 2057 2069
f 1135 1109 1136
f 1938 1937 2618
f 95 548 458
f 2058 1607 1608
f 1454 1469 1445
f 655 2620 1048
f 722 1049 2621
f 3665 3639 3634
f 1131 985 1033
f 562 1481 366
f 1723 1719 1725
f 1786 1123 1122
f 267 300 323
f 1325 2034 1654
f 1468 1165 1435
f 658 657 529
f 8 532 247
f 382 1557 1559
f 3631 3681 3680
f 788 619 1307
f 940 930 929
f 911 2622 2623
f 2621 2620 655
f 2624 1857 2625
f 998 1846 27
f 635 638 2626
f 2627 641 644
f 2628 2627 1840
f 1200 1199 2627
f 1199 1773 641
f 1520 515 49
f 1452 1350 1349
f 2630 2631 1859
f 644 643 1335
f 3683 3700 3699
f 1197 1198 717
f 2632 717 719
f 2628 2632 1166
f 2629 1197 2632
f 1762 2633 1050
f 1823 870 873
f 2634 2635 794
f 1042 794 2635
f 93 94 1901
f 2036 2038 1458
f 1527 332 1525
f 877 876 1274
f 134 409 797
f 1328 893 931
f 607 777 1091
f 1043 2635 2637
f 2636 2637 2639
f 1275 2636 2638
f 1275 1040 1043
f 1272 2624 2626
f 2640 2626 638
f 1110 2641 2640
f 536 1272 2640
f 1472 708 1474
f 2042 2030 1951
f 3668 3632 3633
f 1058 1106 1105
f 2642 2623 2643
f 1192 2642 2644
f 912 2623 2642
f 9350 1657 8970
f 1049 1048 2620
f 616 1829 1885
f 1331 1913 666
f 990 989 1198
f 1911 1912 321
f 1298 1282 1205
f 76 1490 1504
f 1502 1500 421
f 610 609 658
f 1146 937 659
f 2646 911 914
f 1280 1239 1238
f 1453 1454 1452
f 835 942 1843
f 1271 1270 1173
f 1893 1878 1826
f 1050 2633 1937
f 2651 2652 814
f 1006 1053 1281
f 2653 1084 2654
f 1001 1004 1003
f 585 997 679
f 2624 1272 621
f 555 678 2028
f 1207 526 1197
f 1626 1627 478
f 3729 3732 3731
f 3746 3749 3748
f 3770 3752 3750
f 426 389 419
f 1030 1193 1773
f 9350 645 634
f 534 1533 138
f 1125 1092 1042
f 333 228 88
f 569 1570 561
f 3691 3694 3693
f 1489 2656 871
f 1857 2624 620
f 1673 1674 9222
f 622 861 864
f 619 788 891
f 261 544 545
f 393 1555 1556
f 2658 2659 2647
f 1075 2658 2657
f 1081 1080 2658
f 1080 1139 2659
f 2644 2643 1141
f 2660 1141 1140
f 642 2660 1336
f 1193 2644 2660
f 679 678 555
f 3762 3765 3764
f 1503 1501 1500
f 1318 1317 1101
f 2661 2659 1139
f 2661 1142 2663
f 2662 2647 2659
f 2662 2663 2622
f 2664 2622 911
f 2648 2664 2646
f 2648 2647 2662
f 3586 3658 3779
f 2083 2094 2093
f 1442 1440 1437
f 3732 3734 3733
f 519 329 330
f 1885 2029 1209
f 799 800 805
f 1946 1943 1952
f 1302 1301 1253
f 3741 3738 3757
f 3660 3663 3662
f 566 2005 224
f 1389 940 928
f 683 682 681
f 836 835 1842
f 2665 1842 1845
f 2666 2665 1303
f 24 836 2665
f 831 1072 2650
f 1845 1844 1304
f 2010 2013 2012
f 1051 1936 2667
f 1522 1521 1511
f 531 440 441
f 1250 635 2625
f 2669 2625 1857
f 783 2669 1856
f 782 1250 2669
f 720 2670 2671
f 1055 1931 1930
f 1333 1067 1251
f 619 622 1308
f 652 655 2619
f 521 522 1539
f 1838 988 537
f 2672 537 536
f 1113 2672 2641
f 1113 527 1838
f 1016 1013 1351
f 9349 573 570
f 226 227 104
f 9008 9121 9279
f 1036 1037 1884
f 2674 1301 1304
f 2673 1304 1844
f 1334 2673 2675
f 1333 2674 2673
f 2676 702 1039
f 1843 2676 2675
f 942 1074 2676
f 1074 699 702
f 752 1057 1055
f 1200 1166 656
f 1120 1846 874
f 2677 874 877
f 1241 2677 1052
f 1119 1120 2677
f 1560 1513 151
f 1208 1316 611
f 215 735 736
f 1460 1459 1462
f 3717 3720 3719
f 1208 1207 1839
f 854 856 1282
f 3682 3697 3696
f 72 445 182
f 544 1563 1565
f 217 200 456
f 3673 3647 3781
f 2047 1404 930
f 1204 2618 1937
f 913 777 686
f 3705 3708 3707
f 840 527 1113
f 1531 729 730
f 2678 778 1283
f 601 667 1914
f 1537 1538 459
f 1819 1757 8953
f 991 1860 862
f 2679 711 1073
f 3776 3775 3581
f 2680 1830 983
f 779 2680 2256
f 778 2678 2680
f 2678 2679 1830
f 180 542 245
f 1886 1132 1131
f 3766 3768 3767
f 1138 1137 1274
f 3777 3778 3585
f 1841 598 1140
f 75 313 314
f 193 423 420
f 2681 2682 1099
f 3658 3586 3587
f 170 1567 1565
f 349 416 417
f 1121 1124 2684
f 547 797 409
f 123 122 121
f 2643 2663 1142
f 1542 1544 513
f 899 900 907
f 1210 677 676
f 791 663 982
f 24 27 837
f 893 896 932
f 1860 1320 863
f 535 538 862
f 3640 3684 3683
f 1569 1548 1547
f 181 455 542
f 660 659 937
f 2013 567 568
f 3781 3647 3644
f 887 890 2631
f 1524 1508 361
f 520 161 162
f 2653 855 854
f 1238 1237 2655
f 718 1838 527
f 1492 1493 518
f 792 616 615
f 599 846 1835
f 290 457 456
f 312 171 1552
f 1248 2687 1179
f 153 149 177
f 1240 1181 1222
f 1257 1292 1235
f 1291 1084 1083
f 1052 877 1277
f 743 742 2618
f 444 140 430
f 23 1224 1172
f 2687 2654 1180
f 102 103 409
f 1283 607 610
f 373 497 650
f 1180 2654 1084
f 855 2653 2655
f 1173 1270 1917
f 2689 850 853
f 2688 853 1108
f 2686 2688 1279
f 2687 2689 2688
f 2691 1302 1252
f 2690 1252 850
f 1248 2690 2689
f 1248 1247 2691
f 2692 617 24
f 2691 2692 2666
f 1247 1258 2692
f 1258 1168 617
f 394 1554 1555
f 2693 1260 1259
f 1072 1236 1262
f 1257 1071 1168
f 398 439 1555
f 871 1784 1314
f 1178 1232 1249
f 1224 1289 1173
f 1010 2617 2618
f 1175 1174 1292
f 2654 2687 2686
f 2694 1157 1216
f 71 418 1487
f 701 1112 1111
f 1072 1261 2649
f 1085 2695 22
f 895 2694 1264
f 1601 1606 1605
f 1259 1262 1271
f 21 20 1220
f 988 991 538
f 3533 3479 3535
f 598 597 1336
f 1050 860 818
f 1298 2645 1761
f 1168 1167 618
f 3629 3671 3670
f 858 1168 1256
f 39 242 516
f 2652 1761 819
f 313 316 315
f 2026 1970 1971
f 2656 1489 596
f 814 819 818
f 2696 2651 813
f 1260 2696 2649
f 2693 2697 2696
f 2697 1296 2651
f 381 355 390
f 9270 9271 1611
f 1475 1427 1428
f 1292 1174 1917
f 1551 353 354
f 1526 1525 1523
f 1593 1589 1595
f 1232 1269 1246
f 2695 2693 1223
f 2698 1297 1296
f 2698 2697 2693
f 2685 2698 2695
f 2685 854 1297
f 562 1497 271
f 2652 2651 1296
f 1365 1366 1364
f 1958 1946 1953
f 585 588 2210
f 1561 1560 1515
f 975 2648 1146
f 347 67 68
f 1038 1111 636
f 2700 781 780
f 2699 780 1036
f 2701 2699 1883
f 851 2700 2699
f 2674 1333 2251
f 2702 2251 781
f 1253 2702 2700
f 1301 2674 2702
f 1519 387 388
f 1273 1239 1280
f 2703 1280 1107
f 2701 2703 852
f 1829 1273 2703
f 91 260 326
f 1784 871 2656
f 2683 2684 2705
f 604 1894 8943
f 1669 8978 8992
f 2062 2063 2060
f 621 535 861
f 2023 731 732
f 686 779 1263
f 857 1051 2668
f 883 830 882
f 3648 3651 3650
f 637 636 1111
f 2668 894 893
f 3692 3712 3711
f 2667 921 894
f 1039 1038 1068
f 313 75 1504
f 1911 1972 305
f 1936 2706 1964
f 2707 2402 2401
f 2708 2707 2183
f 738 2163 2116
f 3785 3787 3709
f 2349 2348 2432
f 2711 2712 2020
f 2400 2711 2019
f 2714 2715 2716
f 2717 2718 2719
f 2721 2722 2723
f 2726 2727 2728
f 2725 2728 2730
f 2731 2725 2729
f 2732 2726 2725
f 2734 2735 2736
f 2738 2739 2740
f 2737 2740 2741
f 2744 2745 2746
f 2745 2744 2748
f 2749 2750 2747
f 2753 2749 2751
f 2250 1380 2246
f 3417 3420 3419
f 2754 1396 1614
f 9050 2754 2755
f 9060 2745 2747
f 1617 2756 2755
f 2242 2758 1620
f 3429 3432 3431
f 2191 2085 2760
f 2761 2759 2760
f 9100 2759 2761
f 9075 2191 2759
f 3209 3460 3354
f 1395 1394 2236
f 1395 2235 1636
f 3741 3791 3790
f 1616 1635 2229
f 3410 3413 3412
f 1617 2234 2763
f 2756 2763 9080
f 2765 2763 2234
f 2766 2764 9080
f 3202 3199 3458
f 1516 437 435
f 2768 2769 8996
f 1495 541 578
f 2135 2136 28
f 8970 8984 2773
f 1690 1689 9378
f 2778 2779 2780
f 2777 2780 2781
f 2784 2778 2777
f 8999 8965 575
f 1494 1904 9
f 8973 2016 2015
f 451 61 505
f 2786 2787 2788
f 2779 2786 2785
f 2789 2752 2741
f 2790 2753 2752
f 2792 2793 2794
f 2793 2795 2796
f 2796 2797 2750
f 2794 2796 2749
f 2798 1393 1396
f 9043 2798 2754
f 2798 2799 2800
f 9043 9114 2799
f 2797 2796 2795
f 2791 2794 2753
f 216 233 232
f 9256 2806 2807
f 9257 2809 2804
f 2769 2810 9001
f 183 185 184
f 2811 2812 2775
f 2804 2811 2776
f 2809 2813 2811
f 2812 2811 2813
f 9257 2808 2816
f 9248 2818 2815
f 9250 9252 2820
f 9245 2823 2819
f 2824 2736 2735
f 2823 2825 2824
f 2825 2823 2826
f 9245 2822 2827
f 9248 2817 2826
f 2713 2716 2829
f 2828 2829 2831
f 2822 2821 2828
f 2821 2820 2713
f 2832 2827 2822
f 2833 2832 2830
f 2834 2835 2832
f 2835 2818 2827
f 2837 2838 2839
f 2836 2839 2841
f 2842 2836 2840
f 2843 2837 2836
f 2840 2841 2845
f 2718 2844 2845
f 2730 2728 2844
f 2727 2840 2844
f 2846 2845 2841
f 2829 2846 2847
f 2847 2841 2839
f 2848 2839 2838
f 2833 2848 2849
f 2831 2847 2848
f 2850 2814 2851
f 2853 2850 2852
f 2783 2777 2782
f 2785 2788 2853
f 2780 2785 2856
f 2857 2858 2855
f 2859 2857 2782
f 2861 2843 2842
f 2860 2842 2727
f 2862 2860 2726
f 2863 2861 2860
f 2861 2863 2858
f 2843 2861 2857
f 2856 2853 2854
f 2781 2856 2864
f 2837 2843 2859
f 2838 2837 2864
f 2852 2851 2834
f 2854 2852 2849
f 2865 2815 2818
f 2851 2865 2835
f 2813 2809 2815
f 2814 2813 2865
f 2866 2812 2814
f 2788 2866 2850
f 2866 2788 2787
f 2812 2866 2867
f 1892 1889 1890
f 2720 2719 2846
f 298 299 256
f 2872 2714 2713
f 9246 9252 2735
f 2729 2730 2874
f 2846 2716 2715
f 2876 2877 2878
f 2733 2875 2878
f 9258 9259 2879
f 9258 2880 2872
f 2882 2883 2884
f 2881 2884 2715
f 2880 2881 2714
f 2879 2882 2881
f 2885 2886 2887
f 2888 2889 2890
f 2885 2890 2892
f 2893 2886 2885
f 1942 2151 2532
f 2895 2892 2720
f 2884 2895 2870
f 2883 2896 2895
f 2896 2891 2892
f 2889 2874 2717
f 2890 2717 2720
f 2897 2893 2891
f 2898 2897 2896
f 2899 2898 2883
f 2900 2899 2882
f 9249 2900 2879
f 2876 2902 2901
f 2901 2902 2904
f 1785 2656 1835
f 2905 2906 2899
f 2907 2908 2897
f 9249 2901 2903
f 632 576 577
f 8976 8991 2867
f 434 385 550
f 2768 2770 9092
f 2910 2911 1623
f 2241 2912 2758
f 9092 2770 2913
f 1623 2911 2757
f 9039 2242 2757
f 2229 1381 1380
f 2765 1630 1629
f 2915 2914 1629
f 9094 9093 2914
f 9093 9074 2765
f 2919 2916 9094
f 2918 2915 2912
f 9066 2918 2241
f 9070 2919 9065
f 8985 2177 2180
f 8965 2002 2188
f 3694 3626 3627
f 9157 9017 714
f 2925 2766 2917
f 2924 2917 2916
f 9062 2924 2919
f 9063 2925 2924
f 2926 2927 2766
f 9110 2926 2925
f 1715 1713 1705
f 785 497 498
f 1387 651 565
f 374 375 1899
f 9017 2203 2206
f 2929 2930 2886
f 2932 2933 2934
f 1905 1906 1908
f 2930 2935 2936
f 2938 2935 2930
f 1493 369 517
f 1603 1585 1586
f 2939 2938 2929
f 2940 2939 2908
f 9117 1707 1600
f 2886 2930 2937
f 2906 2907 2898
f 2908 2929 2893
f 2942 2934 2933
f 2941 2933 2937
f 8945 2941 2936
f 8942 2942 2941
f 2943 2944 2710
f 2943 2873 2874
f 2945 2943 2889
f 2946 2944 2943
f 2932 2945 2888
f 2931 2946 2945
f 727 1928 1929
f 2903 2904 2947
f 545 594 42
f 1480 1570 533
f 2907 2906 2949
f 2906 2905 2950
f 1558 452 215
f 9251 2903 2948
f 2054 1645 1644
f 9157 9136 2203
f 1828 1837 1849
f 2953 2954 2955
f 2952 2955 2957
f 2956 2261 2258
f 2953 2952 2258
f 2454 2455 2474
f 9199 2958 2959
f 9199 2132 2131
f 2961 2962 2963
f 2958 2963 2964
f 222 221 2485
f 2477 2226 2966
f 2631 2561 2006
f 2384 2454 2496
f 2967 2968 2959
f 2968 2967 2970
f 9211 2033 2971
f 9236 2971 2960
f 2972 2971 2033
f 2007 2377 2973
f 9004 9003 2134
f 1836 1833 1832
f 8950 2188 2090
f 955 810 959
f 672 675 674
f 633 710 713
f 2024 732 733
f 2025 2024 803
f 425 1552 1550
f 2975 2976 888
f 1319 1158 1157
f 1212 1935 2977
f 889 957 2228
f 1978 1974 1975
f 1138 1078 1329
f 751 665 2979
f 1619 1613 1625
f 2252 2255 1728
f 1157 1160 845
f 2706 1936 1938
f 2980 2255 2254
f 2982 2975 887
f 802 712 711
f 678 677 2029
f 527 840 690
f 1839 1207 2629
f 2983 2984 602
f 2983 1914 1913
f 2985 2983 1331
f 2986 2984 2983
f 2987 2637 2635
f 2985 2988 2639
f 2990 1319 1318
f 2991 2992 2993
f 2995 2991 2994
f 1106 1058 2991
f 1058 1057 2992
f 1415 1406 1365
f 1317 922 2217
f 1932 1728 2255
f 926 2998 2999
f 3001 2993 2992
f 3000 2992 1057
f 2999 3000 2978
f 2998 3001 3000
f 3002 2998 2209
f 3002 3003 2996
f 2993 3001 3002
f 1103 1106 2995
f 3004 2995 2996
f 2209 2210 3004
f 588 1103 3004
f 295 296 433
f 2638 2639 2988
f 3005 2988 1056
f 1305 3005 1930
f 1276 2638 3005
f 1987 1968 1993
f 2633 1762 1761
f 1423 1422 1417
f 9005 8961 739
f 2671 2670 2704
f 1473 1872 2035
f 922 1317 2694
f 1401 1400 1378
f 556 2028 1884
f 842 848 9277
f 1854 2706 2617
f 933 1082 1081
f 1440 1441 1436
f 529 657 719
f 1031 1025 1027
f 777 913 912
f 2645 1205 1204
f 441 438 1538
f 3771 3774 3773
f 790 1287 587
f 2065 2066 1610
f 1860 991 990
f 60 106 87
f 1424 1017 1948
f 332 1527 1507
f 261 262 138
f 187 188 449
f 1719 1720 1726
f 1931 1055 1059
f 3006 1059 1105
f 1287 3006 1104
f 1286 1931 3006
f 3007 3008 3009
f 3009 3008 653
f 618 999 26
f 2029 677 1210
f 957 601 600
f 1049 2146 2228
f 2631 890 3011
f 890 889 2227
f 3011 2227 2145
f 2561 3011 3012
f 1026 656 609
f 2706 1854 1961
f 3013 2965 2485
f 2148 2147 1267
f 3015 1267 1266
f 2997 2264 1101
f 642 641 1773
f 186 477 461
f 1041 1040 1320
f 1121 3016 3017
f 2984 2986 2987
f 3018 2987 2634
f 1048 603 3018
f 603 602 2984
f 2679 2678 801
f 2062 2072 2074
f 2061 2074 2076
f 414 303 1545
f 3016 1121 2683
f 3019 2683 2704
f 3020 3019 2670
f 3007 3016 3019
f 1871 1090 1091
f 3021 1787 1122
f 3022 3021 3017
f 1314 3021 3022
f 1784 1787 3021
f 1316 1315 1763
f 3023 3022 3010
f 3023 3009 795
f 1763 3023 1092
f 1315 3022 3023
f 3016 3007 3010
f 752 751 2978
f 2986 2639 2637
f 3024 654 653
f 3020 3024 3008
f 720 723 3024
f 723 2621 654
f 2681 1098 1268
f 2671 3025 1268
f 2705 2681 3025
f 1313 3026 3027
f 3026 3028 3029
f 3027 3029 3030
f 1311 3027 3031
f 2012 568 731
f 917 2657 974
f 3742 3745 3744
f 743 1206 856
f 1888 2027 2030
f 2682 2705 2684
f 3032 2684 1124
f 1100 3032 2989
f 1099 2682 3032
f 1123 2990 2989
f 3033 1834 1159
f 2990 3033 1158
f 1123 1786 3033
f 1786 1785 1834
f 1054 1056 2988
f 2979 665 664
f 2623 2622 2663
f 1095 660 688
f 3034 3035 2261
f 3036 3034 2956
f 3037 3038 3034
f 3038 3039 3035
f 3040 3041 3026
f 2263 3042 3041
f 3042 3039 3043
f 3041 3043 3028
f 3044 3045 3043
f 3046 3047 3045
f 3047 3048 3049
f 3043 3045 3049
f 3038 3037 3051
f 3050 3051 3053
f 3052 3046 3044
f 3039 3038 3050
f 3054 3035 3039
f 3042 2263 2262
f 2261 3035 3054
f 2216 2263 2997
f 2212 2211 2667
f 3056 868 2209
f 934 3057 1961
f 2013 9207 9209
f 3058 3059 3060
f 3059 3062 3063
f 3060 3063 2213
f 3061 3060 1963
f 3063 3064 2214
f 3062 3065 3064
f 3065 2257 2260
f 3064 2260 2215
f 3066 3067 3031
f 2608 2966 3067
f 2966 2562 3068
f 3031 3067 3068
f 2455 2458 2461
f 2476 2223 2226
f 8995 2090 2089
f 8970 2774 9221
f 433 354 355
f 2115 1423 1419
f 8953 2868 2922
f 9221 9189 2131
f 3069 2611 2167
f 2971 2972 2928
f 2961 2774 2773
f 3070 2475 2478
f 2610 2609 3071
f 2502 2371 2374
f 3072 2592 2595
f 2964 3046 3052
f 3048 2593 3074
f 2593 2592 3075
f 3075 3030 3029
f 3074 3029 3028
f 3072 3076 3075
f 3076 3072 2482
f 2481 2608 3066
f 3076 3066 3030
f 2967 3052 3053
f 2482 3072 3073
f 479 480 493
f 706 9352 9325
f 9005 2194 2221
f 2013 2010 9206
f 8977 2032 2016
f 9006 8963 2222
f 1171 1154 1155
f 3782 3644 3689
f 2586 2566 2565
f 2982 110 113
f 2562 2376 3077
f 2376 2375 3012
f 3012 2145 2148
f 3077 2148 3015
f 2963 3047 3046
f 3051 3078 2970
f 1683 2173 491
f 9302 2122 1447
f 1986 2181 9186
f 3079 3080 2546
f 3081 3079 2575
f 1983 1986 9220
f 3082 2323 2319
f 3080 3082 2545
f 9186 9184 3082
f 9184 9200 2323
f 1309 1471 1888
f 3073 2595 2772
f 2760 3083 3084
f 2760 2085 2088
f 3085 3084 3086
f 3089 3085 3090
f 3089 2762 3084
f 3092 3088 3090
f 3093 2748 2744
f 2751 2747 2748
f 3093 2741 2752
f 2742 2741 3093
f 3094 3093 2743
f 3096 3097 3098
f 3099 3096 3087
f 3097 3094 3095
f 3100 2743 2746
f 3101 2927 3102
f 2764 2766 2927
f 2745 2764 3101
f 3102 3092 3091
f 3100 3091 3095
f 2869 2802 9044
f 3102 3103 3104
f 9110 2868 2869
f 2927 2926 3103
f 3098 3095 3091
f 3087 3098 3090
f 2088 2125 3105
f 3083 3105 3086
f 2483 3073 2771
f 2401 2186 2185
f 3099 3086 3105
f 2125 2207 3106
f 3108 2737 2742
f 3107 2742 3094
f 3110 3108 3107
f 3109 3107 3097
f 3111 3109 3096
f 3112 3110 3109
f 3113 2738 2737
f 3115 2723 2722
f 3117 3115 3114
f 3119 3117 3116
f 3118 3116 3120
f 3116 3114 3113
f 3122 3112 3111
f 3122 3123 1755
f 3124 3125 3126
f 3125 3118 3121
f 3128 3119 3118
f 3129 3128 3125
f 2020 2712 3128
f 9305 9309 1346
f 1065 1046 1047
f 1814 9290 9282
f 2021 2020 3129
f 3111 3099 3106
f 3123 3106 2207
f 2377 2225 2224
f 3014 2485 113
f 1756 2208 9234
f 3131 3132 2530
f 3133 3131 2528
f 1753 1756 9219
f 3134 3124 3127
f 2327 2408 2314
f 2436 2318 2317
f 2018 2021 9163
f 2534 3136 3137
f 2320 2322 3136
f 2185 2018 9164
f 3138 3139 2542
f 3134 3135 9196
f 9237 3130 3134
f 3140 3138 2539
f 2535 3137 3140
f 9163 2021 3130
f 2558 2530 3132
f 9234 9212 3141
f 2560 2558 3141
f 9212 9229 3142
f 958 888 2976
f 1933 1932 2980
f 3714 3704 3729
f 2399 2424 2418
f 2348 2342 2343
f 2322 2320 2319
f 2718 2717 2874
f 2709 2729 2873
f 2894 2871 1361
f 3788 3789 3720
f 346 289 176
f 1876 1877 1882
f 2802 2803 9059
f 3104 3144 3088
f 2974 2222 9101
f 3089 3145 2761
f 3088 3144 3145
f 2803 2974 9055
f 9322 9361 692
f 2123 1419 1418
f 1365 1363 1368
f 3346 3345 3344
f 1581 1766 1782
f 9013 2202 2129
f 8999 2003 2002
f 3146 2585 2551
f 9203 3146 3147
f 9194 3149 3146
f 3149 2584 2585
f 3196 3198 3197
f 9056 2192 2191
f 3142 3150 2556
f 9229 9230 3150
f 9098 3152 2550
f 3150 3151 2555
f 9230 9232 3151
f 9240 9233 3152
f 3153 3147 2551
f 3152 3153 2549
f 9233 9228 3153
f 9228 9202 3147
f 3148 2767 2206
f 2183 2401 2321
f 2132 2960 2928
f 3299 3300 3321
f 9136 9137 2204
f 9171 2198 2197
f 2594 2962 2773
f 2595 2594 2951
f 1870 798 799
f 3257 3260 3259
f 9165 2179 2178
f 9158 2178 9188
f 336 3154 9226
f 339 3155 3154
f 9241 9135 3149
f 9135 9149 2584
f 2963 2962 3048
f 9174 9182 337
f 339 338 2566
f 3156 3157 2168
f 2610 3156 2167
f 2954 2953 3156
f 3157 3156 2953
f 9159 2166 2169
f 2567 3158 3159
f 337 3158 2567
f 9182 3069 2166
f 9216 2190 1983
f 2579 3160 3081
f 2568 3159 3160
f 9161 2169 2190
f 3065 3062 3162
f 3161 3162 1984
f 3157 3161 2189
f 2257 3065 3161
f 734 735 1922
f 3059 3058 2708
f 3163 2708 2182
f 3162 3163 1985
f 3062 3059 3163
f 3203 3206 3205
f 3806 3809 3808
f 2122 2119 1448
f 9269 1686 1685
f 139 140 444
f 1570 569 566
f 2957 3164 3165
f 2955 3166 3164
f 1912 454 341
f 3130 3129 3124
f 1548 322 319
f 1949 1950 1327
f 2969 2970 3078
f 3167 3078 3169
f 9176 2014 2017
f 9172 2017 2033
f 3168 3169 3165
f 3170 3165 3164
f 9231 3170 3171
f 9176 3168 3170
f 3171 3164 3166
f 3172 3166 3071
f 9204 3172 3173
f 9208 3171 3172
f 3169 3037 3036
f 2593 3048 2962
f 3173 3071 2609
f 3174 2609 2199
f 9235 3174 2198
f 9201 3173 3174
f 2190 2189 1984
f 2196 2195 2767
f 3326 3329 3328
f 2119 2120 1414
f 1464 1463 1466
f 2199 2611 3069
f 2457 2456 2587
f 2226 2225 2562
f 481 478 1627
f 333 1512 235
f 3078 3051 3037
f 3040 2264 2997
f 3351 3352 3262
f 2219 1934 1933
f 2385 2384 2497
f 221 2220 3175
f 2220 1933 3143
f 3175 3143 2976
f 2484 3175 2975
f 2954 3071 3166
f 2630 1858 110
f 1547 319 1952
f 2091 2090 2188
f 9185 9188 2178
f 1918 1919 1927
f 9007 112 111
f 3398 3401 3400
f 955 956 960
f 2037 3014 112
f 3143 2980 2981
f 2218 2211 2214
f 672 9329 9239
f 2152 3013 3014
f 1147 1144 1143
f 2248 2246 1409
f 1615 1636 1635
f 1410 1409 2246
f 3486 3488 3487
f 3468 3469 3502
f 3451 3453 3452
f 1382 3176 3177
f 3177 1410 2247
f 2247 1383 3177
f 3176 2238 2230
f 1410 3177 3179
f 3179 3180 2243
f 1633 3181 2800
f 3816 3818 3817
f 1621 1620 2758
f 3642 3801 3662
f 3422 3421 3260
f 1622 1621 2245
f 2236 1394 3181
f 3793 3796 3795
f 3493 3496 3495
f 2237 2236 3182
f 3513 3516 3515
f 2250 1631 2233
f 3654 3666 3667
f 2912 1629 1628
f 3819 3822 3821
f 3432 3824 3823
f 135 136 1564
f 1567 419 512
f 1085 1084 2653
f 3184 869 868
f 869 3184 3057
f 3389 3388 3387
f 1266 1268 1098
f 1267 2147 722
f 937 1146 2646
f 2146 1049 722
f 2211 2218 921
f 1957 510 507
f 1313 1312 2264
f 1496 362 1493
f 2887 2937 2933
f 1687 1688 1659
f 145 1499 1498
f 3831 3829 3830
f 37 38 418
f 1935 1934 3185
f 104 89 301
f 2101 2098 2083
f 543 298 360
f 1934 2219 3186
f 234 1521 212
f 9297 9273 1822
f 3825 3828 3827
f 1976 1875 1874
f 223 3186 2219
f 9107 9108 9057
f 2165 2164 467
f 467 468 2165
f 773 476 2165
f 3673 3658 3659
f 1935 1212 1728
f 3490 3491 3840
f 3362 3359 3848
f 3862 3865 3864
f 3465 3466 3484
f 3893 3894 3525
f 3352 3351 3430
f 3869 3872 3871
f 3529 3530 3567
f 3420 3417 3922
f 3304 3235 3236
f 3929 3932 3931
f 3324 3326 3327
f 3219 3937 3939
f 3220 3938 3937
f 3450 3375 3376
f 3942 3832 3833
f 3215 3216 3454
f 3946 3332 3215
f 3422 3949 3948
f 3950 3457 3198
f 3205 3206 3957
f 3261 3962 3961
f 3852 3853 3964
f 3214 3211 3946
f 3965 3213 3214
f 3797 3800 3799
f 3988 3991 3990
f 3777 3779 3806
f 3855 3858 3447
f 3737 3799 3800
f 3949 3953 3952
f 3651 3782 3783
f 4001 3784 3787
f 4019 4022 4021
f 4027 4030 4029
f 3258 3259 4030
f 4033 4036 4035
f 3424 3425 4047
f 3242 3243 4058
f 3970 3489 3547
f 3829 3242 4057
f 3333 3332 3947
f 4063 4068 4065
f 4073 4076 4075
f 3568 3456 3443
f 3981 3334 3335
f 3540 3915 3862
f 4078 4079 4031
f 3565 3566 4088
f 3442 3455 4089
f 4092 4095 4094
f 4093 4094 4097
f 3619 3620 3623
f 3660 4098 3821
f 3809 3648 3649
f 3610 3652 3655
f 3656 3622 3623
f 3621 3803 3804
f 3503 3480 3481
f 3436 3439 3438
f 3356 3428 3427
f 3628 3670 3669
f 3734 3811 4002
f 3276 3273 3370
f 3763 4106 4107
f 4006 4007 3754
f 3747 3751 3752
f 3863 3864 4110
f 3994 3891 4003
f 3653 3801 3664
f 3296 4116 4115
f 4117 4120 4119
f 3249 3252 3251
f 4127 4130 4129
f 3478 3575 3903
f 3410 4136 3921
f 3977 4061 4038
f 3216 3452 3453
f 3967 3547 3548
f 4140 4078 4032
f 3509 4086 4149
f 4151 4152 3659
f 4153 4152 3656
f 4153 4154 3646
f 4156 3688 3645
f 4139 4077 4078
f 3743 3744 4163
f 3861 3918 3987
f 3468 4066 4067
f 3306 3981 3980
f 4172 4173 4010
f 4169 4170 3836
f 4187 4190 4189
f 4213 4216 4215
f 4220 4223 4222
f 4225 4226 4211
f 4230 4233 4232
f 4240 4243 4242
f 3606 3609 3608
f 4250 4253 4252
f 4258 4261 4260
f 4077 4080 4079
f 4276 4279 4278
f 4308 4262 4263
f 4017 4018 3872
f 3196 3193 3951
f 4316 4317 4270
f 3870 4306 4307
f 4324 4327 4326
f 4333 4334 4247
f 4338 4341 4340
f 4348 4351 4350
f 4283 4284 4289
f 4356 4359 4358
f 4359 4019 4020
f 4362 4363 4196
f 4320 4364 4279
f 4370 4372 4296
f 4377 4253 4303
f 4231 4232 4201
f 4203 4212 4331
f 4037 4040 4039
f 4371 4265 4386
f 4387 4346 4347
f 3309 3293 3294
f 4099 3723 3724
f 4355 3422 3257
f 3630 3680 3693
f 4277 4278 4302
f 4350 4318 4319
f 4353 4354 4351
f 3637 3634 3639
f 4394 4395 3827
f 3311 3312 4399
f 3755 3708 4005
f 4363 4362 4259
f 3454 3453 3919
f 3446 3447 3459
f 4298 4299 4404
f 3749 3746 3769
f 3791 3741 3756
f 3643 3685 3684
f 3845 3846 3399
f 4313 3257 3258
f 4411 4413 4408
f 3843 4424 4423
f 4214 4215 4329
f 4431 4434 4433
f 3918 3861 3798
f 3927 3928 3388
f 4453 3893 3874
f 4138 4458 4457
f 3346 4460 4459
f 4100 4109 4108
f 3974 3977 3976
f 3665 3655 3652
f 3773 3565 3993
f 3945 3454 3920
f 4144 4463 4462
f 4464 4467 4466
f 3268 4142 4479
f 4484 3921 4136
f 3348 3914 4487
f 3313 3314 3912
f 3803 3621 3617
f 4086 3509 3510
f 4034 3304 3305
f 3403 3404 4171
f 4481 4482 4492
f 4177 4180 4179
f 4398 4170 3923
f 4451 4493 4494
f 4501 4075 4076
f 4509 4510 4506
f 3304 4034 4462
f 4485 4399 3312
f 3419 4488 3349
f 4356 4345 4385
f 4026 4354 4358
f 4354 4353 4357
f 3599 3596 4091
f 4341 4338 4254
f 4251 4252 4524
f 3482 3485 3484
f 3843 3543 3544
f 4295 4341 4274
f 4381 4530 4206
f 4204 4205 4531
f 4533 4536 4535
f 4542 4545 4544
f 4546 4549 4548
f 4573 4574 4547
f 4575 4578 4577
f 4221 4581 4580
f 4587 4590 4589
f 4328 4592 4589
f 4187 4565 4563
f 4595 4583 4593
f 4597 4605 4604
f 4609 4608 4611
f 4620 4623 4622
f 4612 4615 4614
f 4636 4638 4600
f 4649 4651 4650
f 4652 4655 4654
f 4662 4665 4664
f 4666 4669 4668
f 4637 4639 4685
f 4627 4701 4700
f 4684 4686 4636
f 4663 4689 4661
f 4699 4698 4697
f 4647 4648 4703
f 4709 4711 4603
f 4724 4633 4726
f 4742 4745 4744
f 3311 3923 3924
f 4698 4759 4758
f 4749 4765 4609
f 4342 4345 4344
f 4797 4800 4799
f 4490 4048 3974
f 4019 4359 4306
f 4512 3955 4514
f 3991 3988 4508
f 4692 4695 4694
f 4680 4681 4818
f 4821 4822 4824
f 4367 4239 4243
f 4833 4832 4831
f 4837 4744 4757
f 4332 4563 4562
f 4683 4835 4819
f 4845 4843 4850
f 4751 4753 4752
f 4854 4855 4695
f 4858 4719 4718
f 4822 4559 4859
f 4674 4646 4647
f 4771 4774 4773
f 4726 4727 4537
f 4714 4718 4719
f 4633 4634 4688
f 4616 4619 4618
f 4686 4684 4842
f 4869 4707 4708
f 3502 3868 3528
f 4777 4660 4737
f 4734 4732 4779
f 4883 4755 4663
f 4375 4294 4274
f 4290 4343 4335
f 4816 4815 4812
f 4778 4779 4732
f 4158 3710 4160
f 4195 4198 4197
f 3860 3861 4166
f 3758 3759 3763
f 3694 3691 4157
f 4249 4248 4391
f 3467 3470 3469
f 4209 4212 4211
f 4142 3268 4144
f 3615 3614 3617
f 3479 3480 3536
f 4883 4753 4672
f 4802 4801 4642
f 3698 3637 3638
f 4105 3725 3726
f 4848 4645 4896
f 4878 4877 4744
f 4610 4874 4748
f 4036 3403 4489
f 4355 4313 4314
f 4171 4141 4049
f 3875 3452 3216
f 4868 4865 4863
f 4623 4900 4691
f 3629 3626 4155
f 4654 4887 4898
f 4012 4015 4014
f 4902 4903 4866
f 4768 4769 4908
f 4370 4386 4385
f 4888 4860 4914
f 3546 3543 3917
f 4932 4926 4931
f 3625 3622 4151
f 3804 3669 3670
f 3816 4104 4103
f 4911 4898 4887
f 4928 4930 4927
f 4925 4929 4927
f 3655 3665 3666
f 4932 4919 4910
f 4937 4923 4912
f 4939 4938 4942
f 4228 4529 4530
f 4946 4945 4942
f 4938 4922 4923
f 4942 4938 4937
f 4951 4950 4930
f 4955 4951 4928
f 4748 4750 4615
f 4914 4860 4847
f 4824 4859 4584
f 4940 4939 4941
f 4916 4961 4960
f 4909 4907 4891
f 4971 4967 4968
f 4966 4970 4948
f 4962 4952 4953
f 4940 4935 4924
f 4831 4916 4917
f 4935 4936 4925
f 4275 4255 4261
f 4679 4758 4791
f 4016 4309 4373
f 4668 4764 4766
f 4539 4537 4727
f 4929 4925 4936
f 4775 4776 4801
f 4801 4776 4742
f 4732 4734 4611
f 4985 4984 4983
f 4534 4586 4562
f 4847 4644 4645
f 4788 4787 4619
f 4787 4788 4678
f 4657 4606 4605
f 4994 4996 4878
f 5006 5009 5008
f 5001 5003 4973
f 4814 4618 4619
f 5014 4989 4974
f 5003 5002 4972
f 5019 5006 5007
f 5024 5016 5017
f 5036 5037 5035
f 4990 5019 4975
f 5045 5033 5034
f 5048 5049 5034
f 5025 5017 5014
f 5046 5038 5043
f 5051 5052 5055
f 5044 5050 5060
f 5011 4981 5021
f 5013 5069 5068
f 5028 5073 5072
f 5077 5074 5064
f 5065 5080 5079
f 5083 5079 5080
f 5063 5067 5080
f 5054 5055 5071
f 4602 4603 4711
f 5058 5082 5083
f 4982 4983 4792
f 5041 5033 5045
f 3909 3911 3278
f 3471 3474 3473
f 5002 5003 4994
f 5060 5080 5067
f 4892 4861 4862
f 4891 4813 4884
f 4996 4994 5003
f 4997 5015 5005
f 4813 4617 4614
f 4618 4814 4827
f 5089 5090 5093
f 3303 3306 3305
f 5100 5103 5102
f 5107 5110 5109
f 5110 5115 5092
f 4610 4611 4734
f 5112 5103 5100
f 5088 5091 5090
f 5119 5118 5117
f 5092 5115 5096
f 3826 3830 3829
f 5108 5109 5102
f 5100 5130 5087
f 5118 5131 5133
f 3783 3689 3690
f 4444 4447 4446
f 5151 5153 5150
f 4790 4616 4617
f 4332 4182 4190
f 3266 3267 4451
f 3211 3947 3332
f 4741 4796 4760
f 4775 4778 4777
f 4764 4665 4691
f 4489 4171 4048
f 4466 4477 4511
f 4518 3936 3930
f 4786 4787 4791
f 4980 5005 4984
f 5144 5152 5150
f 5159 5146 5148
f 5121 5119 5120
f 5169 5164 5162
f 5016 4978 4979
f 5123 5180 5179
f 5181 5180 5140
f 5175 5185 5184
f 4575 4581 4586
f 4984 4985 4976
f 4596 4599 4598
f 5182 5181 5183
f 4785 4619 4787
f 5137 5124 5122
f 5167 5179 5180
f 4835 4683 4898
f 4687 4727 4726
f 4176 3836 4170
f 4760 4761 4655
f 4681 4680 4649
f 5121 5093 5132
f 5171 5191 5178
f 5174 5178 5191
f 5169 5193 5194
f 4909 5094 5095
f 5105 5104 5112
f 4767 5108 5126
f 5201 5202 5205
f 5219 5218 5217
f 5229 5214 5200
f 5234 5237 5236
f 4069 4072 4071
f 4724 4725 4717
f 5108 4767 4768
f 5103 5195 5126
f 5227 5218 5211
f 5015 4997 4884
f 4997 4998 4892
f 5197 5198 5215
f 5241 5199 5247
f 5013 4975 5019
f 5205 5239 5232
f 4969 4967 4971
f 5239 5205 5249
f 4808 5243 5225
f 5216 5247 5199
f 5253 5245 5242
f 5235 5236 5255
f 5135 5148 5157
f 5264 5260 5267
f 5245 5203 5215
f 5260 5261 5269
f 5264 5266 5274
f 5154 5153 5173
f 5287 5272 5278
f 5256 5301 5300
f 5173 5174 5176
f 4631 4630 4629
f 4781 4784 4783
f 5309 5307 5311
f 5155 5156 5144
f 4826 4828 4827
f 5291 5295 5308
f 5310 5311 5281
f 5311 5307 5308
f 4036 4033 4176
f 4641 4716 4704
f 5220 5224 4804
f 4770 5206 5207
f 5188 5185 5175
f 5180 5123 5129
f 4626 4700 5314
f 4731 4728 5315
f 5222 5213 5210
f 4728 4882 5316
f 5230 5219 5216
f 5297 5296 5240
f 5204 5233 5208
f 5318 4868 4864
f 5273 5272 5287
f 5221 5210 5219
f 4700 4902 5321
f 5313 5314 5328
f 5157 5149 5154
f 5275 5276 5263
f 5324 5322 5318
f 5323 5332 5331
f 5343 5334 5345
f 5306 5310 5286
f 5278 5281 5311
f 4882 4625 5320
f 5109 5110 5114
f 5123 5087 5130
f 5299 5283 5284
f 5240 5198 5199
f 5229 5231 5197
f 5305 5302 5292
f 5233 5228 5225
f 5192 5190 5194
f 5104 5105 4670
f 5146 5159 5160
f 5337 5340 5347
f 5347 5340 5341
f 5353 5346 5335
f 5349 5355 5354
f 5355 5358 5357
f 5358 5355 5360
f 5355 5349 5348
f 5342 5366 5365
f 5345 5346 5362
f 5332 5364 5367
f 5372 5371 5315
f 5370 5365 5366
f 5361 5356 5354
f 5364 5365 5368
f 5369 5344 5362
f 5316 5320 5330
f 5373 5359 5371
f 5341 5342 5364
f 5374 5358 5359
f 5329 5376 5375
f 5377 5380 5379
f 5377 5376 5331
f 5380 5377 5367
f 5363 5383 5370
f 5357 5358 5374
f 5381 5385 5361
f 4814 4815 4825
f 4825 4815 4816
f 4806 4746 4747
f 5119 5121 5131
f 4696 4697 4893
f 4696 5389 5390
f 5213 5222 5388
f 5393 5389 5388
f 5380 5382 5384
f 5213 5387 4893
f 4813 4891 4908
f 5390 5392 4693
f 5294 5289 5287
f 5184 5185 5186
f 5285 5275 5253
f 4769 4789 4790
f 5327 5371 5359
f 4598 4621 4690
f 4608 4606 4733
f 4627 4624 4609
f 4596 4604 4851
f 4900 4623 4706
f 4668 4795 5395
f 4863 4865 4639
f 5392 5393 4666
f 4872 4650 4651
f 4807 4791 4758
f 5348 5338 5325
f 5176 5191 5190
f 5046 5031 5022
f 4853 4852 4869
f 5346 5353 5363
f 4709 4880 4620
f 4672 4673 4904
f 4680 4811 4651
f 4841 4844 4688
f 4823 4817 4818
f 4729 4730 4602
f 4881 4729 4851
f 5360 5348 5326
f 4852 4900 4707
f 4890 4751 4669
f 5392 5390 5389
f 5189 5182 5186
f 4881 4604 4605
f 5343 5344 5369
f 4607 4624 4625
f 5056 5055 5052
f 4850 4797 4798
f 3260 5399 5398
f 4855 4736 4899
f 5339 5343 5366
f 4789 4905 4808
f 5400 4040 3948
f 3872 3424 4046
f 4018 3423 3424
f 4025 4523 4172
f 4011 4023 4024
f 4065 4068 3900
f 3413 4012 4013
f 5056 5068 5069
f 5055 5056 5070
f 4062 5398 5399
f 5269 5289 5294
f 4685 4866 4903
f 5254 5242 5240
f 4606 4657 4658
f 4729 4881 4882
f 4030 4041 4043
f 4664 4752 4753
f 3575 3483 3904
f 3413 3410 3922
f 4949 4968 4955
f 4947 4937 4913
f 4849 4850 4894
f 4143 3974 3975
f 4912 4923 4932
f 3774 3771 3995
f 3956 3954 3342
f 4871 4872 4758
f 4270 4273 4272
f 4039 4040 5400
f 3555 3969 5402
f 5403 5404 3906
f 3908 4126 3823
f 4124 4121 5408
f 3901 3902 4046
f 4120 4117 5410
f 4124 3962 4125
f 5420 3906 5404
f 5424 4059 5425
f 3400 5429 5428
f 5432 5433 5435
f 4941 4942 4945
f 4935 4940 4949
f 3895 3898 3897
f 5426 5408 4121
f 5430 3905 3906
f 4045 4041 5398
f 5395 4693 5392
f 4846 4903 4701
f 4880 4709 4710
f 4624 4607 4608
f 4656 4690 4662
f 5305 5307 5309
f 5220 5223 5222
f 4230 4223 4327
f 5030 5073 5028
f 5213 5212 5211
f 5440 3272 3269
f 4396 4397 3980
f 5447 5448 3244
f 3328 3330 5451
f 4208 4391 4248
f 4599 4620 4621
f 4528 4339 4391
f 4529 4228 4199
f 4526 4338 4339
f 4256 4235 5452
f 4532 5452 4241
f 3834 4400 5446
f 5443 5445 5444
f 4530 4247 4334
f 4754 4886 4904
f 4229 4228 4381
f 4205 4382 4383
f 4892 4998 4987
f 4039 4032 3976
f 4738 4780 4796
f 4833 4835 4897
f 4232 4527 4200
f 4194 4240 4241
f 4889 4794 4750
f 4194 4191 4365
f 4531 4383 4195
f 5043 5042 5062
f 4182 4332 4561
f 5446 5447 3241
f 5237 5239 5248
f 4206 4334 4382
f 5210 5211 5218
f 3426 3922 3417
f 4216 4191 4192
f 4219 4210 4184
f 4180 4561 4380
f 4327 4595 4591
f 4223 4230 4231
f 4215 4192 4360
f 4186 4568 4218
f 4190 4330 4209
f 4223 4220 4595
f 4326 4591 4328
f 4366 4389 4568
f 4570 4548 4549
f 4579 4573 4548
f 4563 5453 4533
f 4583 4595 4220
f 4586 4380 4561
f 4239 4196 4363
f 4572 4571 4567
f 4536 4539 4585
f 4538 5453 4566
f 4536 4533 5453
f 3573 3986 3983
f 5427 3963 3552
f 4553 4587 4588
f 4593 4554 4555
f 4368 4365 4183
f 4361 5452 4235
f 4233 4369 4527
f 4233 4230 4324
f 4212 4209 4330
f 4237 4324 4325
f 4193 4241 5452
f 4983 5015 4885
f 5002 4995 4986
f 5074 5077 5076
f 4698 4699 5391
f 5391 4699 5390
f 4871 4899 4650
f 4546 4857 4543
f 4553 4550 4901
f 4552 4588 4555
f 5223 4804 4805
f 5386 5382 5383
f 5317 5315 5371
f 3240 3237 4429
f 5384 5385 5381
f 3938 3217 3218
f 3942 3943 5455
f 5361 5385 5386
f 4542 4540 4541
f 3910 5430 5420
f 3939 3333 4060
f 3851 5350 5351
f 3838 5427 3556
f 4547 4858 4857
f 5442 5443 4050
f 3385 3874 5428
f 4257 4234 4235
f 5312 5212 4893
f 4212 4203 4204
f 3854 3849 5461
f 4226 4184 4210
f 4202 4177 4178
f 3316 3983 3897
f 5464 5465 4432
f 5465 5466 3883
f 4472 4469 4449
f 4501 4472 4450
f 4074 4075 4080
f 5473 5474 5401
f 4173 4172 5475
f 3432 3429 3520
f 3462 5505 5504
f 4075 4501 4494
f 5482 5481 3387
f 5468 5471 5470
f 3427 5421 5422
f 4498 4499 4487
f 5403 3824 5414
f 3382 5523 5522
f 3492 5512 5511
f 3429 3434 3517
f 3873 5522 5524
f 5480 5479 3350
f 3477 5508 5505
f 4507 4508 5544
f 4396 5550 5551
f 3374 5552 5553
f 3373 5553 5554
f 5479 4521 4063
f 3390 5554 5555
f 5531 5525 5566
f 3368 5568 5567
f 5556 5557 5560
f 3393 5555 5557
f 4433 3364 5463
f 5464 5463 5458
f 4435 4437 4439
f 4055 4393 3277
f 3273 3278 3911
f 3395 3357 3358
f 5486 3894 4071
f 5526 4455 4453
f 5525 5570 5569
f 5568 3526 3527
f 3527 3362 3847
f 3365 5461 3849
f 5462 3849 3850
f 4435 4436 5571
f 3378 3379 3943
f 5573 5578 5577
f 4438 5455 3943
f 5477 5574 5579
f 5582 5581 5580
f 5583 5580 5581
f 5586 5585 5588
f 4074 5472 5586
f 5583 5585 5474
f 4507 5589 5590
f 5573 5478 4522
f 3989 5595 5596
f 5594 3406 3407
f 4436 3381 5572
f 5591 3990 3991
f 4507 4475 4476
f 3990 5591 5587
f 5578 3409 3406
f 5595 3989 5584
f 5484 3394 3358
f 4441 4442 5467
f 5472 4074 4077
f 5522 5599 5570
f 5486 3358 3353
f 5481 4498 3386
f 3475 5506 5492
f 5476 4523 3899
f 5540 5541 5606
f 5542 5540 5603
f 5608 5543 5542
f 5608 5607 5545
f 5607 5603 5609
f 5599 5600 5548
f 5598 5592 5543
f 5595 5594 5593
f 5588 5584 3989
f 5626 3265 3266
f 5627 3266 4448
f 5469 4449 4469
f 4515 4517 5625
f 4503 4473 4474
f 4481 5626 5627
f 4500 5628 5469
f 3414 4468 5466
f 5594 5595 5581
f 3376 3377 4430
f 3444 3944 3941
f 5572 3944 3444
f 4273 4286 4287
f 4345 4356 4357
f 4386 4304 4305
f 4517 4462 4463
f 4352 4349 4319
f 4352 4250 4251
f 4268 4277 4390
f 4264 5629 4320
f 4346 4387 4282
f 4337 4335 4343
f 4289 4244 4245
f 4303 4378 4287
f 4343 4290 4291
f 4284 4333 4244
f 4375 4519 4291
f 4379 4319 4271
f 4337 4353 4348
f 4524 4525 4295
f 4364 4362 4197
f 4285 4282 4390
f 5206 5209 5208
f 4297 5629 4371
f 4346 4283 4286
f 4285 4300 4333
f 3571 3572 4395
f 5341 5340 5339
f 5346 5345 5334
f 5269 5261 5273
f 4510 4509 5609
f 4509 4474 5545
f 4445 4446 5611
f 5566 5569 5568
f 5349 5336 5338
f 5489 5490 3401
f 5565 5566 3368
f 5496 5497 5417
f 5523 3382 3383
f 5325 5338 5347
f 5523 5600 5599
f 5429 3400 3401
f 3887 5632 5631
f 5634 5613 5600
f 5276 5280 5279
f 5298 5297 5257
f 5087 5086 5085
f 3361 3526 5612
f 5041 5061 5066
f 5487 5488 3383
f 5101 5116 5130
f 5299 5298 5300
f 5333 5336 5335
f 5302 5305 5304
f 5234 5247 5216
f 5301 5256 5255
f 4868 5318 5322
f 5281 5278 5277
f 5323 5321 5322
f 5298 5284 5296
f 4885 4829 4750
f 5231 5230 5196
f 4625 4626 5313
f 5111 5113 5085
f 5600 5613 5549
f 5531 5564 5563
f 5165 5166 5182
f 5283 5280 5285
f 4269 4276 4277
f 5610 5609 5603
f 5127 5090 5091
f 4907 5095 5125
f 5277 5278 5272
f 5596 5593 5592
f 5212 5312 5226
f 5273 5261 5262
f 5302 5301 5258
f 5635 5646 5645
f 4250 4352 4379
f 4485 4136 3405
f 4354 4026 4023
f 4265 4262 4304
f 4388 4390 4282
f 4345 4342 4384
f 4362 4364 4297
f 4836 4765 4612
f 4360 4361 4236
f 4369 4233 4237
f 5647 5636 3986
f 5650 3965 3192
f 5337 5338 5336
f 4467 4478 4477
f 4253 4377 4340
f 4429 3416 5457
f 3997 4133 3915
f 5535 3856 3839
f 5538 5541 4460
f 3439 3376 5571
f 5570 5525 5526
f 3438 5571 5572
f 4440 4468 3879
f 3440 5665 4407
f 3886 5685 5695
f 5534 5529 5396
f 5685 3886 3471
f 4278 4198 4301
f 5628 4448 4449
f 3579 3537 3538
f 4480 5627 5628
f 4402 5499 5517
f 4279 4197 4198
f 3603 3534 3532
f 3580 3594 4088
f 4095 3530 3531
f 5248 5249 5251
f 3778 3819 3999
f 4617 4618 4613
f 4375 4275 4372
f 3411 3405 4136
f 5094 5106 5111
f 3602 3532 3535
f 4023 4011 4350
f 4349 4352 4336
f 3605 3535 3536
f 4469 4472 4471
f 4094 3531 3593
f 4248 4249 4245
f 3519 5521 5518
f 5254 5296 5284
f 4852 4853 4795
f 4265 4371 5629
f 5632 5499 5503
f 3604 3611 3612
f 5549 5501 5502
f 3653 3606 3607
f 4780 4738 4873
f 4988 4989 4979
f 4491 5625 5626
f 4837 4904 4995
f 4615 4612 4765
f 5468 4469 4470
f 3514 3470 3467
f 5491 5680 4409
f 4093 3618 3619
f 4364 4320 5629
f 3488 5510 5509
f 5606 5539 5611
f 4210 4219 4189
f 4600 4603 4602
f 5242 5215 5198
f 5073 5074 5075
f 5651 5657 3940
f 3996 3541 3775
f 5200 5203 5202
f 5525 5531 5527
f 3364 4433 4434
f 3775 3541 3542
f 3941 3833 5485
f 3731 3706 4105
f 4997 5000 4999
f 4508 5598 5608
f 4101 4099 3818
f 3728 4109 4103
f 4591 4593 4592
f 4539 4536 4538
f 4550 4553 4552
f 4541 4566 4567
f 4389 4579 4570
f 4582 4583 4580
f 4976 4979 4978
f 4705 4708 4707
f 4797 4850 4843
f 3713 3729 3730
f 4675 4647 4702
f 4977 4978 4981
f 4810 4818 4817
f 4786 4811 4812
f 4715 4631 4628
f 4978 5016 5021
f 5010 5009 5006
f 3722 3743 4162
f 4558 4557 4560
f 4568 4570 4569
f 4584 4578 4535
f 4641 4631 4715
f 5026 5014 5012
f 4776 4777 4745
f 4714 4628 4712
f 4982 4996 5001
f 4576 4577 4560
f 4564 4567 4566
f 5069 5013 5018
f 5057 5052 5048
f 4810 4812 4811
f 3710 4158 3786
f 4991 4992 4999
f 5011 5009 5010
f 5008 5020 5022
f 5066 5067 5063
f 5047 5037 5024
f 5050 5049 5051
f 5023 5021 5016
f 5045 5044 5059
f 5047 5025 5026
f 3711 3712 3724
f 5048 5035 5037
f 5042 5040 5063
f 5058 5053 5051
f 5036 5038 5046
f 3715 3699 3700
f 5235 5256 5257
f 3732 3729 3704
f 5030 5031 5062
f 5020 5021 5023
f 5263 5262 5261
f 5049 5050 5044
f 5236 5248 5250
f 5031 5030 5027
f 5043 5038 5039
f 5320 5313 5329
f 5049 5048 5052
f 5326 5319 5317
f 3264 3261 3288
f 5264 5265 5263
f 4998 4999 4992
f 5009 5011 5020
f 5036 5032 5039
f 5032 5035 5034
f 4355 4317 3949
f 4269 4266 4374
f 4253 4250 4378
f 4525 4524 4252
f 3960 4112 4111
f 4372 4275 4258
f 5681 5672 5673
f 4378 4379 4272
f 4270 4347 4346
f 3244 5448 5644
f 4899 4703 4648
f 3734 3732 3702
f 4138 3346 3343
f 4192 4193 4361
f 3813 4001 3812
f 3817 3695 3696
f 5668 5683 5682
f 5690 5691 5687
f 5499 5632 5700
f 3999 3819 3820
f 3745 3742 4102
f 5684 3471 3472
f 5702 3859 3860
f 5712 5713 5693
f 3249 3277 4393
f 5695 5683 5715
f 5694 5715 5716
f 5719 3972 5601
f 4918 4919 4950
f 4774 4742 4743
f 5505 4415 4411
f 3583 3584 3585
f 3710 3687 4157
f 5513 5725 4417
f 5704 3563 4146
f 4141 4045 4062
f 5669 5689 5688
f 3898 3895 5653
f 5718 3973 3972
f 5684 5687 5686
f 3917 4131 5717
f 3463 5666 5662
f 5492 5506 5680
f 4931 4930 4950
f 5665 3440 3441
f 3788 3717 3740
f 3501 3502 3529
f 3569 3570 3477
f 5516 5728 5727
f 3564 3567 3566
f 3892 5405 5406
f 3962 4124 5407
f 4126 3908 4123
f 4116 3296 3287
f 3892 3887 5630
f 3824 3432 5413
f 4408 4409 5680
f 3969 3966 3978
f 4408 4413 3449
f 4414 3448 3449
f 3962 3261 3262
f 4425 5724 5616
f 4418 5725 5727
f 5716 5597 5575
f 5719 5720 5717
f 5698 5498 5692
f 3880 5621 4166
f 5652 3212 5520
f 5621 5623 4167
f 5679 4409 4410
f 3210 3209 3355
f 5622 5534 5451
f 5416 5417 5497
f 5729 5732 5731
f 5733 5734 3761
f 5735 5738 5737
f 5750 5752 5751
f 5744 5745 5740
f 5744 3770 3753
f 5753 5754 5730
f 5757 5758 5736
f 5731 5752 5765
f 5774 5777 5776
f 5790 5793 5792
f 5796 5786 5787
f 5817 5814 5819
f 5828 5831 5830
f 3725 4105 3751
f 4874 4734 4873
f 4700 4701 4903
f 4740 4820 4876
f 3199 3202 3201
f 4100 4102 4099
f 3749 3767 4108
f 3695 3817 3712
f 3378 3381 3380
f 5504 4411 4412
f 4405 4402 5518
f 5838 5839 5835
f 4705 4632 4712
f 5832 5831 5828
f 5697 5677 5678
f 3791 4006 4005
f 5848 5791 5794
f 3714 3700 3701
f 3995 4148 4042
f 3329 3326 3224
f 4005 3708 3705
f 4551 4762 4763
f 5855 5798 5808
f 5851 5795 5792
f 5803 5801 5858
f 5844 5843 5840
f 5762 5759 5743
f 5808 5809 5806
f 4012 3413 3426
f 5558 3513 3467
f 4550 4763 4720
f 4950 4951 4953
f 3885 3886 5694
f 5705 5706 4081
f 5508 4417 4415
f 3745 3759 3760
f 5507 4412 5680
f 3592 3536 3588
f 3895 5434 5658
f 5613 5500 5501
f 3834 3830 4393
f 5527 4454 4455
f 5775 5806 5809
f 5766 5767 5813
f 5858 5811 5812
f 5855 5815 5811
f 5863 5820 5819
f 5826 5859 5863
f 5862 5866 5833
f 5870 5871 5837
f 5782 5783 5831
f 5868 5838 5836
f 5778 5779 5843
f 5866 5870 5845
f 5785 5864 5867
f 5790 5788 5789
f 5796 5797 5794
f 5821 5818 5819
f 5657 5651 5620
f 5793 5849 5852
f 5855 5858 5801
f 5853 5847 5786
f 5804 5805 5802
f 5827 5867 5864
f 5767 5768 5821
f 5854 5857 5776
f 5860 5817 5818
f 5782 5832 5825
f 5781 5778 5844
f 5810 5811 5815
f 5867 5827 5830
f 5809 5808 5798
f 5828 5829 5863
f 5865 5841 5838
f 5801 5803 5802
f 4086 5707 3795
f 5779 5780 5842
f 5827 5826 5829
f 5839 5872 5869
f 5814 5815 5855
f 5711 4132 3859
f 4958 4957 4917
f 5861 5818 5821
f 5863 5859 5812
f 5865 5868 5823
f 5873 5836 5837
f 5872 5839 5842
f 4089 3455 3563
f 3812 3787 3785
f 5770 5771 5787
f 5789 5786 5847
f 5793 5789 5846
f 4145 4147 4146
f 5848 5773 5790
f 3953 4008 4009
f 5748 5875 5874
f 4624 4627 4626
f 4665 4764 4752
f 4775 4780 4779
f 4746 4670 4671
f 4637 4600 4601
f 4828 4612 4613
f 4704 4763 4762
f 4843 4845 4727
f 4543 4717 4725
f 4731 4864 4863
f 4723 4594 4558
f 4842 4846 4840
f 4717 4543 4857
f 4865 4868 4867
f 5841 5865 5866
f 4725 4726 4540
f 4798 4799 4816
f 4632 4635 4634
f 4720 4716 4715
f 4642 4645 4644
f 3754 4007 5874
f 4860 4761 4644
f 4674 4723 4722
f 4808 4809 4676
f 4721 4722 4822
f 5876 5878 5877
f 4836 4838 4840
f 4658 4661 4660
f 4826 4799 4800
f 4877 4782 4743
f 4948 4970 4971
f 4875 4739 4876
f 4954 4933 4934
f 5773 5770 5788
f 5825 5832 5833
f 5834 5837 5836
f 5834 5844 5845
f 3359 3362 3361
f 5732 5729 3756
f 3394 3397 3396
f 3766 3769 5741
f 5774 5809 5799
f 5805 5776 5857
f 5813 5821 5820
f 3969 3555 3964
f 5667 5668 5674
f 5729 5747 3792
f 3770 5744 5741
f 4741 4740 4739
f 4689 4737 4660
f 5772 5797 5787
f 5735 5733 3758
f 5850 5772 5773
f 5617 5528 3965
f 5799 5800 5854
f 5875 5748 5764
f 5840 5843 5842
f 5861 5768 5769
f 5807 5804 5853
f 5869 5781 5834
f 3765 3768 5739
f 5882 5884 5761
f 5881 5879 5887
f 5895 5896 5898
f 5907 5905 5906
f 5909 5907 5908
f 4234 4257 4526
f 3912 3927 3389
f 5934 8731 8730
f 8730 8731 5930
f 4920 4923 4922
f 8845 8847 8853
f 4141 4171 3404
f 3733 3705 3706
f 8849 8847 8848
f 4234 4237 4236
f 8863 8858 5919
f 3733 4002 4004
f 5908 5906 8859
f 8865 8866 8871
f 8859 8858 8863
f 5927 5924 5925
f 5911 5903 5904
f 8878 8871 8866
f 5635 5638 5637
f 5745 5744 5746
f 3552 3555 3554
f 8857 8889 8890
f 5924 5927 8860
f 3553 3557 3556
f 5919 5920 8861
f 8869 8865 8870
f 8873 8871 8878
f 8856 8857 8875
f 8862 8861 5889
f 8846 8845 8844
f 8864 8863 8866
f 8729 8730 8883
f 8848 8846 8887
f 8878 8879 5888
f 8896 8854 8855
f 8853 8854 8896
f 8841 8842 5882
f 3489 3492 3491
f 8867 8859 8864
f 5910 5908 8867
f 5914 5910 8898
f 5916 5914 8899
f 5889 8861 8860
f 8876 8878 8893
f 5918 5916 8900
f 4424 5722 5726
f 8904 8903 8900
f 8909 8908 8904
f 8908 8907 8903
f 8869 8909 8905
f 3632 3668 3667
f 3687 3690 3689
f 3636 3682 3681
f 3664 3641 3639
f 4304 4307 4306
f 8909 8869 8891
f 3681 3696 3695
f 3758 3761 3760
f 3684 3701 3700
f 3721 3724 3723
f 3941 3944 3943
f 3738 3741 3740
f 3687 3710 3709
f 3238 3239 3938
f 4249 4303 4288
f 4499 4498 3344
f 4240 4194 4368
f 3453 3451 3951
f 4401 3971 3547
f 3950 3951 3451
f 3702 3704 3701
f 3725 3728 3727
f 3194 3207 3208
f 4034 4035 4461
f 3914 3348 3913
f 3483 3575 3533
f 3191 3958 3957
f 4292 3489 3970
f 3909 3910 3428
f 3959 3960 3866
f 4017 4308 4309
f 4316 4318 4008
f 4448 4451 4450
f 4414 4415 4417
f 3435 3430 3351
f 4413 4411 4415
f 3899 3902 3901
f 3780 3781 3648
f 3474 3471 3886
f 3958 3191 3192
f 3221 3223 3935
f 3905 3908 3907
f 3913 4488 4486
f 4420 4422 4421
f 3881 3884 3883
f 4004 3788 3790
f 4271 4319 4318
f 4259 4297 4296
f 3501 4003 4066
f 5897 5898 5900
f 5901 5902 5904
f 8854 8849 8856
f 3789 3785 3786
f 3651 3648 3781
f 5924 5899 5901
f 8870 8871 8873
f 8876 8877 8874
f 5912 5917 5918
f 3805 3918 3799
f 3369 3370 3395
f 3923 3926 3925
f 3916 3917 3512
f 3641 3664 3801
f 4276 4269 4323
f 4181 4229 4331
f 4428 4430 3377
f 3495 4425 4321
f 4436 4435 3380
f 4430 4428 4437
f 3945 3957 3958
f 4065 3901 4047
f 4495 4497 3408
f 8913 8912 8915
f 8911 8910 8917
f 8889 8922 8923
f 8919 8935 8931
f 8884 8914 8918
f 8922 8921 8931
f 5852 5907 5909
f 5866 5862 5915
f 8926 8918 8914
f 8914 8884 8883
f 8886 8919 8921
f 5846 5847 5894
f 5873 5902 5900
f 8893 5888 5764
f 8894 8893 5754
f 5890 8860 5927
f 5885 8896 5755
f 5871 5904 5902
f 5763 8936 5883
f 5880 5890 8936
f 4175 4176 4398
f 4274 4254 4255
f 8883 8730 5931
f 8868 8905 8898
f 3289 4059 3247
f 3858 3855 5485
f 8850 8848 8886
f 4116 4120 5409
f 3889 5406 4127
f 3678 3679 8938
f 8857 8850 8888
f 3979 3551 3294
f 4126 3352 3431
f 3651 4000 3679
f 3460 3858 5921
f 4084 3309 3310
f 8905 8904 8899
f 3561 3327 5397
f 3213 3965 5528
f 4191 4194 4193
f 5449 5450 5532
f 4142 3975 4031
f 4060 3947 5652
f 4480 4483 4482
f 5519 5520 3212
f 5657 5451 3330
f 4473 4476 4475
f 3514 3515 5668
f 5663 5670 5669
f 8881 5929 5926
f 5734 5733 5749
f 4788 4789 4677
f 3997 3996 3538
f 3551 3486 3310
f 3577 3578 3998
f 4893 4697 4676
f 4753 4751 4671
f 8729 8884 8885
f 3813 3703 9021
f 8938 4001 3813
f 8882 5931 5929
f 4098 5701 3820
f 3399 5405 5416
f 5494 5495 5503
f 5880 5877 5878
f 4986 4673 4861
f 4999 5000 5004
f 4985 5001 4988
f 5816 5769 5766
f 4372 4370 4384
f 5688 5691 5692
f 8903 8902 8901
f 8879 8862 5887
f 8902 8881 8880
f 5919 5893 5895
f 4519 4384 4342
f 8847 8849 8854
f 5925 5901 5903
f 4021 3899 4523
f 5678 5677 5676
f 4424 3843 4085
f 5701 3576 3577
f 5928 5925 5926
f 5000 5005 4980
f 9022 4147 3545
f 9024 9025 5409
f 4008 4011 4010
f 3931 3234 4516
f 3822 3806 3807
f 8851 8852 8844
f 5728 5516 5509
f 9025 9023 4115
f 5209 5200 5201
f 4820 4740 4653
f 3988 5596 5598
f 3370 3911 3357
f 5639 5642 5641
f 5592 4511 4477
f 3378 3944 5572
f 5625 4463 3265
f 5594 5582 5577
f 3302 5649 5645
f 3274 3277 3278
f 5207 5208 5233
f 5071 5070 5072
f 4815 4814 4785
f 4796 4802 4643
f 3243 3244 5643
f 5301 5302 5303
f 5431 3562 5655
f 5251 5249 5244
f 3353 3427 3523
f 4174 3404 3405
f 3546 4114 4113
f 4002 3789 3788
f 4196 4239 4238
f 3232 5646 5647
f 4373 4374 4266
f 4867 5322 5321
f 5648 4054 4058
f 4455 4070 3893
f 5593 3407 4511
f 5275 5265 5252
f 5252 5265 5274
f 4092 3619 3624
f 3723 3742 3743
f 4780 4775 4802
f 4059 3289 3560
f 4317 4355 4347
f 5188 5190 5192
f 5570 5599 5612
f 3385 5429 5633
f 3526 5568 5569
f 3576 5701 3608
f 3581 3542 3594
f 5239 5237 5238
f 5081 5079 5083
f 4369 4526 4528
f 4325 4326 4329
f 3569 3285 3286
f 9022 9026 4112
f 3661 3662 3801
f 5074 5073 5030
f 5064 5062 5063
f 3563 3497 3498
f 3961 5407 4119
f 4854 4853 4870
f 5018 5007 5028
f 5007 5008 5027
f 5040 5042 5039
f 3240 3375 3875
f 5070 5069 5029
f 3504 3481 3866
f 3537 3579 3591
f 5033 5041 5039
f 4710 4638 4635
f 5017 4979 4989
f 5024 5037 5046
f 4991 5006 5019
f 4587 4553 4574
f 4996 4982 4793
f 5066 5061 5059
f 5221 5230 5231
f 5068 5056 5057
f 3675 3676 3643
f 3663 3674 3675
f 4722 4558 4559
f 3579 3576 3590
f 3686 3676 3677
f 4422 4420 3499
f 5142 5141 5138
f 5078 5071 5075
f 3609 3589 3590
f 3288 3961 5411
f 5424 9024 5410
f 5152 5144 5156
f 3960 5704 5709
f 4946 4956 4957
f 3867 3903 5705
f 9026 9022 4113
f 5192 5193 5189
f 5161 5164 5194
f 3637 3698 3682
f 4392 5461 3847
f 3796 4114 4149
f 4104 3716 3727
f 3594 3595 3993
f 3796 3793 4134
f 3687 3688 4156
f 3760 3761 4164
f 4464 3344 3345
f 3485 3528 3868
f 3846 3845 5423
f 3409 4520 4496
f 3767 3768 3765
f 3711 3721 4159
f 3797 4132 4087
f 4072 4069 5562
f 4502 4076 5590
f 5408 5426 9027
f 5683 5695 5714
f 5702 3772 4110
f 5623 4042 4148
f 5428 3874 3525
f 3668 3803 3802
f 4000 4001 8938
f 4221 4222 4179
f 4267 4268 4388
f 3721 3722 4161
f 3903 5659 5706
f 3583 3580 4090
f 3894 5486 3524
f 4635 4638 4636
f 4173 5401 4009
f 4890 4666 5393
f 5290 5291 5293
f 5339 5340 5337
f 5458 5459 4438
f 3251 5419 5430
f 3252 5418 5419
f 3428 5420 5421
f 3571 5426 5418
f 4583 4582 4554
f 4239 4367 4224
f 3322 3898 5450
f 5309 5310 5306
f 4109 3728 3748
f 5707 3865 3794
f 5139 5184 5183
f 5271 5270 5290
f 5280 5283 5282
f 5110 5107 5125
f 5319 4864 4731
f 5334 5343 5339
f 5423 3522 3523
f 5376 5377 5378
f 4721 4681 4646
f 3719 4158 4159
f 4853 4854 4692
f 5373 5372 5330
f 4428 5457 5456
f 5376 5329 5328
f 3337 3367 4434
f 4692 4693 5395
f 5475 4172 4523
f 5478 3900 4068
f 5421 5404 4129
f 5374 5373 5375
f 5283 5299 5306
f 5246 5247 5234
f 5154 5149 5150
f 4458 5562 5561
f 5163 5159 5158
f 5381 5374 5378
f 3397 3394 5484
f 4457 5561 5563
f 5147 5143 5150
f 4474 4475 5544
f 5325 5318 5319
f 5223 5394 5388
f 5517 5700 3521
f 4499 5480 3347
f 5404 5403 4128
f 3476 5507 5506
f 4084 5516 5515
f 3900 5478 5477
f 5536 5564 5547
f 5491 5498 5493
f 5474 5472 4139
f 4063 4521 4522
f 4459 4460 5541
f 5548 5549 3360
f 5444 5445 5550
f 3888 3889 5415
f 5546 5547 3339
f 5536 5539 5538
f 3570 5513 5508
f 4471 4502 5589
f 4280 3848 3359
f 5499 4402 4403
f 5189 5193 5169
f 5543 4477 4478
f 4051 5551 5552
f 3461 5504 5507
f 4629 4630 4870
f 5106 5094 4909
f 5286 5281 5279
f 5462 5463 3364
f 3491 5511 5514
f 5224 5220 5231
f 4478 4459 5540
f 4099 4102 3742
f 4803 4806 4805
f 4130 5423 5422
f 4470 4471 4476
f 4924 4925 4921
f 4920 4921 4927
f 4993 4986 4987
f 4887 4888 4913
f 3894 3893 4070
f 5472 5474 5585
f 3508 4135 4134
f 3603 3600 4096
f 3772 3773 3992
f 5712 5664 5671
f 3739 3718 4162
f 5683 5668 3515
f 5480 4465 4495
f 5698 5699 5493
f 3578 3538 3996
f 3645 3646 4154
f 5660 3904 3466
f 4135 9026 5710
f 5587 5591 4073
f 5687 5689 5693
f 3584 3583 4091
f 5585 5583 5584
f 4128 5414 5415
f 4257 4254 4338
f 4222 4231 4178
f 4366 4365 4191
f 5098 5099 5091
f 5761 5757 5737
f 5760 5737 5738
f 8852 8842 5934
f 8874 8877 8855
f 8895 8897 8855
f 5884 5882 8842
f 4557 4554 4582
f 8890 8923 8917
f 8918 8926 8930
f 8924 8926 8915
f 4182 4181 4330
f 3864 5708 5711
f 3574 3317 3230
f 3342 3954 3415
f 3488 3486 3549
f 4317 4316 3953
f 3672 3659 4152
f 5708 3864 3865
f 9021 3703 3685
f 3621 3618 3616
f 5728 4422 4419
f 4311 4027 4028
f 4131 3917 3543
f 4426 3496 3842
f 4518 3956 4168
f 5457 5465 5464
f 5425 3560 3558
f 5458 4439 4437
f 3416 3414 5465
f 5638 9028 5437
f 3985 3986 5636
f 5646 5635 5636
f 9023 9025 3554
f 5722 5510 5514
f 3256 3933 3934
f 4164 3761 5734
f 8885 8918 8920
f 3282 3932 3929
f 3292 4394 3320
f 3232 3229 3300
f 3303 3236 3271
f 3562 5431 5432
f 3392 3387 3388
f 3854 5922 5350
f 5463 5462 5459
f 5935 3474 3885
f 3879 3415 3954
f 3928 3372 3391
f 4137 5559 4458
f 5454 5455 3850
f 3548 3490 3549
f 4443 4500 5470
f 4452 4505 4506
f 4468 3414 3415
f 4443 4440 3876
f 3234 3235 4515
f 5434 3895 3896
f 5448 5440 5441
f 5447 5446 5443
f 4442 5470 5471
f 5550 4056 3275
f 5578 5573 4520
f 3464 5667 5666
f 4701 4627 4839
f 3259 5398 4041
f 4015 4012 3423
f 3558 3323 3982
f 4856 4894 4823
f 4741 4652 4653
f 3759 3745 4106
f 3560 3289 3290
f 9024 5424 3557
f 5438 3279 3280
f 3321 3283 3290
f 5557 5483 4072
f 5553 3369 3396
f 4045 4141 4174
f 4539 4845 4849
f 3536 3480 3503
f 5478 5573 5574
f 3800 3797 3510
f 4755 4883 4886
f 5561 4454 5527
f 5752 5731 5732
f 5752 5750 5756
f 3518 5492 5493
f 3767 3762 4107
f 3534 3603 4097
f 4395 3572 3826
f 3926 4052 3371
f 4446 4510 5610
f 4050 5444 3980
f 8887 8846 8843
f 5649 5639 5640
f 4643 4644 4761
f 3709 3787 3784
f 4778 4659 4660
f 5649 3302 4054
f 5646 3232 3301
f 3250 3251 3910
f 5884 5886 5757
f 5655 5656 5936
f 4224 4227 4226
f 4043 4044 3412
f 4286 4289 4288
f 4267 4311 4310
f 4493 4079 4080
f 3325 5432 3226
f 3925 3371 3372
f 4312 4315 4314
f 3996 3997 3540
f 8908 8911 8912
f 4023 4026 4025
f 3995 3890 3891
f 5482 5556 5559
f 4486 3420 3921
f 4300 4285 4302
f 5438 5642 5644
f 3233 3932 3282
f 3225 3228 3227
f 5446 4400 5445
f 5554 3396 3397
f 4834 4833 4830
f 4064 3349 3350
f 3596 3599 3598
f 5639 5649 5648
f 5434 5431 5654
f 4895 4896 4830
f 3674 3677 3676
f 3551 3979 3978
f 3835 3836 3305
f 3813 3810 3702
f 3691 3711 4160
f 4109 4100 4101
f 4565 4187 4188
f 3490 3548 3547
f 3672 3646 3647
f 8906 8907 8912
f 3810 3812 3811
f 4051 4052 4397
f 3566 3599 4090
f 5580 5475 5476
f 4456 4457 5537
f 5539 5536 5546
f 8844 5934 8729
f 8872 8873 8874
f 4383 4301 4198
f 4931 4926 4927
f 5529 5530 5397
f 5314 5321 5323
f 5347 5332 5323
f 4711 4709 4599
f 5387 5388 5389
f 5259 5290 5292
f 5195 4806 4803
f 5195 5104 4746
f 4639 4865 4866
f 4821 4818 4681
f 3421 4037 5399
f 4730 4863 4601
f 4807 4651 4811
f 4040 4037 3421
f 4844 4841 4800
f 3936 3933 3929
f 4894 4798 4817
f 5365 5370 5383
f 4657 4656 4661
f 5224 5206 4770
f 5368 5383 5382
f 5336 5349 5352
f 5353 5356 5386
f 4070 4455 4454
f 5396 5397 3327
f 5225 5226 5312
f 5384 5382 5386
f 5391 4694 4695
f 4407 4410 4409
f 4623 4620 4880
f 5356 5353 5352
f 4578 4584 4859
f 3239 3875 3217
f 3937 3218 3333
f 4578 4575 4534
f 5467 5471 4505
f 4836 4828 4826
f 4422 5728 5721
f 3392 3393 5556
f 5564 5531 5565
f 3807 3808 3663
f 5922 3854 4392
f 3680 3695 3692
f 3630 3633 3632
f 4416 4417 5725
f 4033 3305 3836
f 3238 3220 4168
f 3466 3904 3483
f 3678 3677 3650
f 3677 3674 3649
f 3340 3337 4431
f 3562 3561 5656
f 5658 5654 5938
f 3642 3643 3640
f 3306 3303 3334
f 3256 3253 3280
f 8910 8891 8892
f 5868 5900 5898
f 8924 8923 8922
f 8935 8930 8925
f 8882 8906 8913
f 8925 8930 8926
f 5852 5849 5905
f 5136 5128 5124
f 4243 4363 4260
f 5238 5227 5228
f 5642 5639 5643
f 3924 3925 3928
f 5412 3521 5700
f 3750 3752 3751
f 3746 3752 3770
f 3859 3798 3861
f 3972 3973 3493
f 5923 8860 8861
f 4945 4946 4958
f 3296 3293 3286
f 3824 5403 3907
f 3671 3629 4154
f 4137 3343 5481
f 3614 3654 3802
f 3283 3284 3559
f 4936 4935 4934
f 5511 5723 5726
f 4170 4169 3926
f 3572 4393 3830
f 3459 3447 3858
f 3496 4426 4425
f 3457 3950 3436
f 3984 3983 3986
f 3914 3389 3386
f 5512 5724 5723
f 4500 4443 4483
f 4501 4502 4471
f 4503 4506 4505
f 4143 4144 4461
f 3331 3329 3222
f 4016 4015 4018
f 3998 3775 3776
f 4114 3796 5710
f 4405 5678 4406
f 5602 5604 5720
f 4767 4803 4804
f 4929 4933 4954
f 4410 4407 5665
f 3888 5700 5632
f 4048 4049 3977
f 3947 3211 3212
f 5676 5677 3472
f 5782 5785 5784
f 4315 4312 4311
f 5699 5518 5521
f 5864 5785 5825
f 5826 5827 5822
f 5775 5776 5805
f 3236 3233 3270
f 5823 5868 5859
f 4957 4848 4895
f 8868 8864 8865
f 4281 4392 3848
f 4940 4943 4971
f 4013 4014 4029
f 3685 3703 3701
f 4339 4340 4377
f 8891 8870 8872
f 3753 3750 3755
f 4427 4168 3220
f 3809 3806 3779
f 3568 4416 4418
f 3880 3987 3918
f 3543 3843 3842
f 4646 4649 4648
f 4656 4657 4597
f 4781 4876 4820
f 4972 4975 4974
f 5101 5102 5109
f 5095 5096 5115
f 5090 5127 5132
f 5131 5132 5134
f 5134 5132 5127
f 5117 5139 5140
f 3539 3862 3863
f 4006 3791 3792
f 5128 5091 5099
f 5097 5088 5089
f 5274 5266 5271
f 4571 4572 4569
f 4225 4531 4238
f 5156 5155 5170
f 4538 4541 4540
f 4622 4691 4665
f 4981 5011 5004
f 5012 4974 4975
f 5148 5147 5149
f 5157 5142 5133
f 5161 5155 5145
f 4261 4532 4242
f 5294 5295 5291
f 4255 4256 4532
f 5274 5259 5250
f 4246 4529 4207
f 3314 3924 3927
f 4670 4673 4672
f 4995 4904 4673
f 4638 4710 4603
f 4341 4295 4525
f 5163 5166 5165
f 4834 4783 4784
f 4784 4820 4682
f 4844 4843 4687
f 5280 5276 5275
f 4217 4572 4564
f 4554 4557 4556
f 4551 4552 4556
f 4549 4546 4544
f 5141 5142 5173
f 4653 4654 4683
f 4973 4974 4989
f 4984 5005 5015
f 5177 5172 5170
f 5166 5167 5181
f 5141 5184 5139
f 5178 5174 5151
f 5244 5202 5203
f 5252 5244 5245
f 4479 4031 4079
f 4402 4405 4404
f 3500 4418 4419
f 5856 5851 5909
f 4488 3913 3348
f 8851 8853 5885
f 3607 3608 5701
f 3508 3505 3503
f 5847 5858 5896
f 4374 4373 4309
f 3380 4439 4438
f 9025 9024 3553
f 5718 5717 4131
f 3300 3229 3283
f 5551 3275 3276
f 5552 3276 3369
f 5555 3397 5483
f 5859 5898 5896
f 4133 3793 3794
f 3606 3653 3652
f 4900 4852 4766
f 4616 4790 4789
f 3738 4165 4164
f 4774 4771 4642
f 4399 4485 3402
f 5853 5796 5795
f 3936 4518 4427
f 3418 3419 4064
f 5510 3488 3840
f 3270 3282 3279
f 3274 3275 4056
f 4359 4356 4305
f 4135 3508 3504
f 3610 3611 3609
f 3837 3556 3557
f 5940 3971 4401
f 5853 5804 5803
f 5725 5513 5515
f 3246 5410 4117
f 5713 5712 5672
f 4918 4961 4916
f 4148 3995 3771
f 5106 5105 5113
f 4147 9022 5709
f 5152 5172 5177
f 9026 4135 4111
f 5104 5195 5103
f 3531 3528 3485
f 3713 3716 3715
f 3699 3715 3815
f 4467 3345 4459
f 4703 4899 4736
f 5405 3399 3846
f 3555 3552 3963
f 4120 4116 5411
f 4217 4219 4185
f 3279 5438 5441
f 4944 4945 4959
f 4353 4337 4344
f 3815 3715 3716
f 3374 3371 4052
f 4491 4492 4516
f 5865 5824 5833
f 5819 5814 5856
f 5807 5851 5856
f 3933 3256 3281
f 3208 3205 3920
f 8907 8906 8902
f 5288 5308 5295
f 3728 3725 3747
f 3309 4084 4083
f 5119 5116 5101
f 3811 3785 3789
f 3595 3863 3992
f 4106 4102 4100
f 5696 5575 5576
f 3708 3755 3750
f 3744 3760 4165
f 5905 5891 5892
f 3403 4036 4175
f 4133 3997 3506
f 4147 4145 3544
f 3561 3562 3325
f 3237 3240 3239
f 4877 4878 4793
f 3241 3244 3243
f 3597 3624 3625
f 3279 3282 3281
f 3371 3374 3373
f 3599 3566 3567
f 3975 3976 4032
f 3277 3249 3250
f 3774 3564 3565
f 3658 3673 3780
f 4961 4962 4963
f 3600 3615 3616
f 4228 4229 4202
f 4011 4008 4318
f 4307 4304 4262
f 4838 4800 4841
f 4782 4783 4773
f 4914 4956 4946
f 4839 4609 4765
f 4771 4896 4645
f 4962 4965 4964
f 4966 4959 4963
f 3601 3612 3615
f 5878 5875 5879
f 5890 5880 5881
f 3720 3786 4158
f 4755 4756 4689
f 3740 3717 3718
f 5695 5685 5686
f 5740 5743 5742
f 5733 5735 5736
f 5755 5756 5750
f 5745 5763 5762
f 5798 5801 5800
f 4706 4880 4879
f 5651 5652 5619
f 5850 5794 5797
f 5804 5807 5806
f 4087 5708 5707
f 5915 5913 5914
f 5703 3860 4167
f 5893 5894 5896
f 5892 5893 5919
f 5706 5671 5664
f 5786 5789 5788
f 3973 4131 3841
f 4831 4832 4915
f 5906 5892 8858
f 4965 4967 4969
f 4684 4685 4846
f 3589 3609 3611
f 3596 3625 4150
f 5877 5880 5763
f 4121 4124 4123
f 3469 3465 3868
f 3204 3205 3208
f 3716 3713 3726
f 5460 9027 5426
f 3465 3469 3470
f 5738 5735 3764
f 4887 4654 4655
f 4203 4206 4205
f 3959 5705 4082
f 5758 5757 5886
f 5781 5869 5872
f 4675 4762 4723
f 3757 4164 5751
f 3334 3271 3272
f 8880 5926 5903
f 5615 5676 3473
f 5759 5761 5760
f 8845 8846 8848
f 5778 5781 5780
f 8857 8856 8849
f 4132 3797 3798
f 5839 5838 5841
f 560 1899 3187
f 5747 5874 4007
f 5928 5930 8840
f 5766 5769 5768
f 4848 4957 4956
f 4953 4968 4967
f 4832 4897 4910
f 5879 5764 5888
f 3598 3567 3530
f 5747 5729 5730
f 5754 5764 5748
f 5810 5813 5812
f 5758 5755 5749
f 4315 4388 4387
f 5917 5915 5916
f 5913 5909 5910
f 5930 8731 8841
f 4951 4955 4968
f 3209 3210 3201
f 4059 5424 3246
f 8731 5934 8842
f 3776 3582 3585
f 5770 5773 5772
f 5891 5894 5893
f 9028 5638 5641
f 5814 5817 5816
f 5662 5675 5673
f 3522 3525 3524
f 5630 5631 5942
f 5791 5792 5795
f 5746 3753 3754
f 5928 5929 5931
f 5743 5760 5739
f 5876 5874 5875
f 3678 8937 9021
f 4200 4208 4207
f 4114 3546 3916
f 3601 3602 3605
f 3818 3724 3712
f 3315 3318 3317
f 5899 5900 5902
f 8840 8841 5883
f 5562 4458 5559
f 4416 3568 3448
f 3189 3192 3191
f 4751 4890 4747
f 4181 4182 4180
f 3832 3942 5454
f 3362 3527 3526
f 5678 4405 5699
f 3497 3500 3499
f 448 1980 807
f 647 648 122
f 5690 3472 5677
f 4183 4186 4185
f 1833 1848 1780
f 5920 5895 5897
f 510 509 508
f 4401 3967 5944
f 5656 5397 5530
f 3970 3971 5940
f 5653 5658 5939
f 5450 5653 5946
f 3384 5633 5945
f 4403 4404 4299
f 5944 3967 3968
f 3963 5427 5951
f 5614 3473 3474
f 5427 3838 3857
f 3210 1949 1887
f 1887 15 3200
f 15 16 3197
f 16 3188 3195
f 3195 3188 3187
f 3194 3187 1899
f 3207 1899 375
f 387 173 126
f 3189 1791 1760
f 9029 763 757
f 763 9029 2172
f 9035 9034 9032
f 9033 9032 9031
f 9046 9049 9048
f 8751 9053 9054
f 9078 9076 9077
f 9083 9087 9051
f 9088 9089 9047
f 9099 9036 9040
f 9102 9034 9036
f 9105 9031 9032
f 9105 2176 9106
f 1801 1864 9108
f 9103 9032 9034
f 9096 9090 9047
f 1767 1768 9111
f 1597 9115 9113
f 1708 1707 9117
f 9123 9120 9119
f 9118 9119 9125
f 1588 1708 9116
f 2080 9123 9118
f 2082 9118 9124
f 9126 9129 9087
f 9129 9130 9088
f 5512 3492 5943
f 5634 3383 5488
f 5724 5512 5947
f 9134 9099 9097
f 9144 9103 9102
f 9133 9097 9096
f 786 9146 9144
f 9146 9105 9103
f 785 9144 9138
f 497 9138 9134
f 650 9134 9133
f 9148 564 9133
f 8756 9058 9057
f 9154 9151 9130
f 9151 9150 9131
f 9097 9040 9090
f 1799 9109 9111
f 5949 3968 3964
f 9160 9156 8809
f 8813 9162 9160
f 9166 463 564
f 9067 9058 9054
f 9162 9166 9148
f 9087 9088 9048
f 9081 9078 9079
f 9049 9052 9051
f 9082 9168 9167
f 9079 9077 9049
f 9169 9168 9175
f 9167 9115 9112
f 9168 9169 9177
f 9120 9117 9113
f 9120 9177 9169
f 9119 9169 9170
f 9179 9180 9125
f 9180 1576 9124
f 9178 9179 9170
f 1576 2101 2084
f 9179 9178 9183
f 3203 376 1387
f 3190 1387 1791
f 5618 2152 1949
f 317 240 259
f 2000 2176 9105
f 9053 9051 9052
f 9041 9040 9036
f 9029 758 756
f 9037 9036 9034
f 9130 9131 9089
f 3204 375 376
f 1801 9107 9109
f 9181 9187 9180
f 1575 9187 9190
f 9187 1575 1576
f 1776 1795 1796
f 1293 1294 1290
f 1326 14 1327
f 1294 1245 1234
f 878 1244 1330
f 5633 3401 5490
f 5933 3359 3360
f 5613 5634 5948
f 5604 5605 3844
f 3972 3494 5950
f 3494 3495 4322
f 4406 5676 5615
f 3492 3489 4292
f 5631 5503 5495
f 497 373 374
f 122 648 413
f 5624 5489 3398
f 9151 9154 9156
f 9058 8756 8752
f 9160 9162 9150
f 8815 9166 9162
f 9156 9126 8794
f 439 398 399
f 1512 1528 1526
f 1668 1741 1738
f 839 849 1362
f 1362 1357 826
f 3425 3417 3418
f 4905 5207 5243
f 4621 4622 4662
f 5582 5579 5574
f 4754 4757 4756
f 3902 3899 4021
f 9295 740 1896
f 2053 2054 2118
f 9340 9339 2120
f 696 697 9268
f 4922 4938 4939
f 4365 4366 4186
f 5105 5106 4862
f 5228 5227 5226
f 4781 4782 4877
f 5218 5227 5238
f 4990 4993 4992
f 4335 4337 4336
f 4993 4990 4972
f 4794 4793 4792
f 5886 5884 8852
f 5405 3892 5417
f 4669 4752 4764
f 4676 4697 4698
f 1826 1878 639
f 9192 9191 9181
f 5232 5228 5233
f 5418 4121 4122
f 956 885 886
f 5720 3844 3512
f 4728 4731 4730
f 8879 8866 8863
f 1980 806 1922
f 4969 4970 4966
f 33 34 105
f 9028 3253 3254
f 3837 3558 3839
f 4382 4300 4301
f 3908 3905 4122
f 4290 4295 4294
f 4400 3834 4055
f 3219 3222 3221
f 8894 8895 8877
f 4640 4736 4735
f 4389 4366 4216
f 3267 4479 4493
f 3268 3265 4463
f 5097 5111 5098
f 5094 5097 5096
f 5654 5655 5937
f 4089 5704 3960
f 5159 5163 5162
f 5202 5244 5249
f 5412 5415 5414
f 5715 3515 3516
f 5723 4426 4423
f 4263 4264 4323
f 3994 3529 3564
f 1343 1344 9308
f 3470 3514 5667
f 5659 5661 5671
f 3319 3828 4053
f 9359 2127 2128
f 1766 1581 1582
f 14 1326 2163
f 595 98 99
f 5703 3771 3772
f 5206 5224 5229
f 3437 3446 3458
f 5516 4084 3487
f 5122 5086 5087
f 3223 3297 3934
f 3979 9023 5402
f 3828 3319 3320
f 5663 3441 4081
f 4035 4489 4490
f 4426 5723 5724
f 3881 4452 4447
f 5407 5408 4118
f 5691 5688 5689
f 5661 5673 5672
f 5911 5918 8901
f 3902 4022 3871
f 5541 5538 5539
f 4069 4454 5561
f 3248 4394 3292
f 1346 1035 1044
f 748 1888 1425
f 3297 3228 3255
f 5445 4400 4056
f 5783 5784 5830
f 4310 4028 4376
f 5857 5854 5800
f 3882 5467 4452
f 3193 3208 3919
f 3190 3191 3206
f 4266 4269 4268
f 4488 3419 3420
f 3331 3939 3940
f 4282 4285 4284
f 4606 4608 4607
f 4628 4629 4708
f 4659 4732 4733
f 4615 4750 4829
f 4718 4714 4713
f 5722 4424 4421
f 3307 3462 3461
f 4686 4688 4634
f 3966 3548 3550
f 4738 4739 4875
f 3416 4429 3237
f 4527 4528 4208
f 5093 5121 5114
f 5124 5099 5086
f 5117 5118 5138
f 4631 4641 4640
f 5166 5163 5168
f 5185 5188 5187
f 5194 5190 5191
f 3245 4117 4118
f 5214 5215 5203
f 3230 3317 3318
f 5237 5234 5217
f 5250 5259 5258
f 5113 5112 5084
f 5270 5267 5269
f 4906 5125 5107
f 5271 5266 5267
f 5276 5277 5262
f 5153 5151 5174
f 5290 5270 5268
f 5306 5299 5303
f 5147 5148 5146
f 4585 4849 4856
f 3226 5435 5436
f 4473 4503 4504
f 5765 5756 8897
f 4529 4246 4247
f 8923 8924 8916
f 5713 5681 5682
f 3315 3897 3898
f 5564 5536 5537
f 4468 4440 4441
f 3738 3739 4163
f 4577 4859 4559
f 5567 3527 3366
f 3587 3584 4150
f 5471 5468 4504
f 5860 5769 5816
f 3516 3513 5558
f 5436 3985 5637
f 5050 5053 5083
f 5547 5565 3338
f 9023 3979 3295
f 5708 4087 4132
f 4104 3816 3814
f 3718 3719 4161
f 5498 5491 5679
f 3884 4431 4432
f 3955 4512 3877
f 4049 4062 4061
f 8892 8872 8875
f 4572 4217 4218
f 4440 4443 4442
f 4497 4511 3407
f 8906 8882 8881
f 5664 5712 5670
f 3751 4105 3706
f 3511 3735 3736
f 5129 5130 5116
f 5086 5099 5098
f 5135 5127 5128
f 5143 5146 5145
f 5168 5158 5136
f 5297 5241 5246
f 5164 5161 5160
f 5155 5161 5171
f 5137 5179 5167
f 5293 5308 5307
f 5513 3570 4083
f 4053 3828 3825
f 3228 3297 3298
f 3631 3632 3635
f 5689 5669 5670
f 5759 5762 5883
f 3793 4133 3507
f 4906 4908 4891
f 4719 4858 4901
f 3597 3598 4095
f 3352 4126 4125
f 9064 9057 9058
f 9076 9064 9067
f 9083 8766 8794
f 9131 9132 9096
f 9138 9102 9099
f 9154 9129 9126
f 9077 9067 9052
f 9053 8751 8766
f 9191 9190 9187
f 9082 9079 9046
f 9193 9175 9168
f 1284 1290 1288
f 9150 9148 9132
f 3841 3842 3496
f 3570 3569 3336
f 4027 4311 4312
f 4889 4876 4781
f 4041 4045 4044
f 4885 4884 4813
f 5419 4122 3905
f 4367 4368 4227
f 1778 1781 1780
f 1792 1759 1584
f 4308 4017 3869
f 4594 4723 4762
f 4767 4770 4769
f 5461 3365 3366
f 4763 4704 4716
f 4919 4918 4915
f 4300 4382 4334
f 5196 5199 5198
f 5158 5148 5135
f 5431 5434 5433
f 4545 4567 4571
f 4557 4558 4594
f 695 570 571
f 4156 4155 3626
f 4861 4673 4670
f 5681 5675 5674
f 5473 5475 5580
f 3622 3656 4152
f 5647 3573 3574
f 3674 3663 3808
f 4420 4145 3498
f 5675 5662 5666
f 3253 9028 5439
f 5870 5866 5917
f 8887 8920 8919
f 5862 5856 5913
f 3534 3593 3485
f 3313 4486 4484
f 9090 9193 9046
f 4871 4759 4695
f 3778 3777 3822
f 4889 4748 4874
f 4000 3783 3784
f 4897 4898 4911
f 3856 3857 3838
f 4772 4830 4896
f 4015 4016 4376
f 3433 3461 3476
f 4053 4054 3302
f 3367 5567 3363
f 3242 3829 3831
f 3441 3442 4082
f 4735 4736 4855
f 4756 4757 4737
f 3382 3385 3384
f 3698 3699 3697
f 4676 4679 4678
f 4948 4943 4941
f 4890 5394 4805
f 4757 4744 4745
f 4581 4221 4380
f 5716 3516 5932
f 4923 4920 4926
f 5077 5079 5081
f 5078 5082 5058
f 4009 5401 5400
f 5081 5082 5078
f 3930 3931 4513
f 4014 4376 4028
f 4025 4026 4020
f 3618 4093 4096
f 4581 4575 4576
f 4219 4217 4188
f 5440 5442 3335
f 5449 3982 3323
f 4229 4181 4177
f 4590 4213 4214
f 4227 4183 4184
f 4574 4901 4858
f 4565 4566 5453
f 4592 4555 4588
f 4590 4587 4573
f 3517 3518 5521
f 3845 5428 3522
f 4444 3340 3884
f 3982 5449 5533
f 4465 4466 4497
f 4520 4522 4521
f 4076 4073 5591
f 3635 3667 3666
f 3343 3344 4498
f 4022 4019 3870
f 3661 3607 4098
f 5691 5690 5697
f 3768 3766 5742
f 4514 3955 3956
f 3697 3815 3814
f 4394 3248 5460
f 4054 4053 4057
f 3284 3318 3323
f 4052 3926 4169
f 4447 4506 4510
f 4456 4460 3346
f 4483 3876 3877
f 4482 3877 4512
f 4492 4512 4513
f 5642 5438 5439
f 5448 5447 5442
f 5466 4441 3882
f 3340 4444 4445
f 8908 8909 8910
f 4397 4169 3835
f 5413 3520 3521
f 3234 3931 3932
f 5753 5765 8895
f 8896 8897 5756
f 8921 8922 8889
f 8915 8912 8911
f 3933 3936 3935
f 3620 3804 3657
f 3966 3969 3968
f 4905 4789 4769
f 3225 5436 5437
f 5433 3896 3984
f 5714 5686 5693
f 5435 3984 3985
f 3954 3956 3955
f 4713 4712 4632
f 4879 4635 4632
f 3983 3984 3896
f 9027 5460 3248
f 5871 5870 5912
f 5849 5846 5891
f 4702 4703 4640
f 4213 4590 4579
f 3644 3645 3688
f 9193 9090 9040
f 8920 8930 8935
f 5406 3846 4130
f 4140 5400 5401
f 5659 3903 3904
f 4772 4773 4783
f 4244 4247 4246
f 4061 5399 4037
f 3669 3804 3803
f 3459 3460 3209
f 4072 5483 5484
f 4835 4833 4834
f 5660 5662 5661
f 4262 4265 4264
f 3633 3630 3627
f 3685 3643 3676
f 4517 4515 3235
f 4145 4420 4085
f 5455 4438 5459
f 5638 5635 5640
f 3228 3225 3254
f 4044 4174 3411
f 3614 3615 3612
f 3273 3276 3275
f 4952 4962 4961
f 4959 4958 4960
f 4888 4655 4761
f 4254 4257 4256
f 4199 4202 4201
f 4499 4464 4465
f 5479 4495 4496
f 5952 5953 5954
f 5956 5957 5958
f 5959 5958 5960
f 5962 5963 5964
f 5966 5967 5968
f 5967 5970 5971
f 5963 5962 5961
f 5972 5965 5964
f 5974 5975 5976
f 5978 5979 5980
f 5982 5983 5984
f 5986 5987 5985
f 5988 5989 5990
f 5992 5993 5994
f 5996 5997 5998
f 6000 6001 6002
f 6004 6005 6006
f 6008 6009 6010
f 6012 6013 6014
f 6016 6017 6018
f 6020 6021 6022
f 6024 6025 6026
f 6028 6029 6030
f 6032 6033 6034
f 6036 6037 6038
f 6040 6041 6013
f 6042 6043 6044
f 5992 6046 6047
f 6048 6049 6050
f 6052 6053 6054
f 6056 6057 6058
f 6060 6061 5987
f 6062 6063 6064
f 6066 6067 6068
f 6070 6071 6027
f 6072 6073 6057
f 6075 6076 6077
f 6078 6079 6080
f 6082 6083 6054
f 6085 6078 6081
f 6087 6061 5990
f 6061 6087 6089
f 6089 6090 6091
f 6092 6091 6093
f 6095 5978 5981
f 6062 6082 6084
f 6097 6098 6035
f 6056 6049 6099
f 6100 6101 6102
f 6001 6000 6104
f 6107 6108 6109
f 6110 6111 6112
f 6114 6026 6025
f 6116 6117 6118
f 6120 6121 6122
f 6124 6125 6126
f 6128 6129 6101
f 6039 6130 6131
f 6132 6133 6134
f 6136 6137 6138
f 6139 6140 6141
f 6143 6144 6145
f 6148 6149 6150
f 6152 6153 6154
f 6155 6156 6157
f 6159 6160 6161
f 6163 6164 6165
f 6167 6168 6169
f 6171 6172 6173
f 6175 6176 6104
f 6178 6179 6180
f 6023 6182 6183
f 6184 6185 6186
f 6117 6116 6188
f 6190 6191 6192
f 6194 6070 6026
f 6195 6196 6191
f 6197 6198 6199
f 6201 6202 6203
f 6205 6206 6207
f 6209 6210 6201
f 6197 6200 6211
f 6212 6211 6213
f 5979 6215 6214
f 6203 6216 6217
f 6206 6199 6198
f 6218 5961 5962
f 5965 6220 6219
f 5972 3355 3354
f 6070 6194 6222
f 6224 6225 6226
f 6228 6229 6230
f 6232 6233 6234
f 6196 6195 6236
f 6071 6070 6223
f 6239 6240 6241
f 6243 6244 6245
f 6247 6073 6248
f 6250 6251 6252
f 6254 6255 6256
f 6258 6259 6260
f 6229 6262 6263
f 6264 6265 6242
f 6266 6267 6268
f 6270 6271 6272
f 6274 6275 6276
f 6195 6278 6279
f 6280 6278 6281
f 6283 6284 6285
f 6123 6122 6287
f 6289 6290 6291
f 6293 6294 6243
f 6240 6296 6297
f 6298 6299 6267
f 6300 6301 6302
f 6304 6305 6306
f 6251 6250 6308
f 6247 6310 6311
f 6313 6314 6315
f 6314 6313 6317
f 6319 6086 6320
f 6322 6087 6088
f 6216 6324 6258
f 6325 6326 6327
f 6217 6258 6261
f 6330 6071 6238
f 6071 6330 6048
f 6015 6332 6333
f 6079 6334 6335
f 6336 6294 6240
f 6294 6293 6296
f 6337 6338 6339
f 6341 6342 6343
f 6345 6346 6347
f 6266 6264 6349
f 6350 6351 6352
f 6295 6243 6246
f 6303 6355 6356
f 6357 6358 6359
f 6361 6362 6363
f 6365 6350 6353
f 6367 6368 6369
f 6371 6367 6370
f 6372 6373 6374
f 6375 6374 6373
f 6376 6377 6378
f 6379 6380 6381
f 6383 6384 6385
f 6387 6388 6389
f 6391 6392 6393
f 6395 6396 6397
f 6398 6399 6400
f 6399 6401 6402
f 6403 6402 6401
f 6405 6406 6407
f 6409 6410 6411
f 6367 6371 6413
f 6374 6375 6415
f 6417 6418 6384
f 6419 6420 6348
f 6421 6422 6423
f 6425 6426 6400
f 6426 6427 6395
f 6393 6396 6428
f 6429 6430 6394
f 6390 6389 6431
f 6433 6434 6408
f 6435 6436 6437
f 6439 6440 6411
f 6392 6391 6441
f 6397 6392 6442
f 6401 6399 6444
f 6446 6447 6437
f 6448 6449 6450
f 6452 6453 6454
f 6442 6441 6456
f 6443 6442 6457
f 6444 6459 6460
f 6445 6444 6461
f 6463 6464 6462
f 6446 6445 6462
f 6466 6467 6468
f 6448 6451 6470
f 6453 6452 6472
f 6474 6475 6476
f 6478 6479 6480
f 6482 6483 6484
f 6486 6487 6488
f 6490 6491 6492
f 6493 6492 6494
f 6496 6497 6498
f 6500 6501 6502
f 6504 6505 6506
f 6508 6468 6509
f 6511 6512 6513
f 6499 6514 6515
f 6516 6517 6518
f 6520 6521 6522
f 6524 6507 6525
f 6507 6524 6527
f 6504 6527 6528
f 6528 6511 6508
f 6529 6530 6531
f 6342 6533 6534
f 6535 6347 6346
f 6347 6535 6537
f 6434 6538 6539
f 6539 6540 6405
f 6541 6542 6451
f 6543 6544 6470
f 6546 6478 6481
f 6499 6498 6548
f 6549 6550 6514
f 6551 6552 6553
f 6555 6556 6557
f 6403 6436 6423
f 6426 6425 6413
f 6415 6560 6428
f 6430 6429 6561
f 6434 6433 6420
f 6563 6564 6565
f 6404 6401 6445
f 6459 6444 6399
f 6455 6454 6388
f 6405 6450 6449
f 6540 6541 6450
f 6567 6495 6568
f 6570 6464 6463
f 6475 6474 6490
f 6458 6457 6571
f 6573 6571 6574
f 6576 6577 6578
f 6193 6192 6580
f 6582 6583 6584
f 6583 6582 6586
f 6588 6589 6587
f 6590 6069 6068
f 6592 6593 6594
f 6251 6310 6595
f 6304 6596 6597
f 6272 3735 6599
f 3737 3736 6558
f 6600 6161 6160
f 6123 6602 6603
f 6604 6605 6606
f 6608 6205 6208
f 5972 6221 6220
f 6610 6611 6612
f 6613 6614 6615
f 6242 6617 6618
f 6226 6619 6245
f 6620 6621 6622
f 6624 6143 6146
f 6626 6213 6211
f 6627 6628 6629
f 6631 6632 6633
f 6235 6635 6636
f 6637 6638 6639
f 6641 6625 6286
f 6643 6644 6645
f 6647 6648 6649
f 6244 6243 6294
f 6336 6651 6652
f 6194 6196 6237
f 6196 6194 6114
f 6115 6192 6191
f 6653 6654 6655
f 6657 6117 6189
f 6117 6657 6659
f 6130 6157 6156
f 6133 6152 6151
f 6661 6111 6662
f 6663 6613 6616
f 6664 6270 6273
f 6418 6417 6432
f 6290 6325 6328
f 6666 6557 6556
f 6557 6666 3805
f 5971 6667 6668
f 6181 6669 6670
f 6671 6672 6673
f 6676 6673 6672
f 6675 6150 6149
f 6067 6066 5999
f 6677 6678 6679
f 6681 6682 6683
f 6087 6322 6090
f 5983 5982 6685
f 5982 6094 6687
f 6094 6093 6688
f 6211 6200 6137
f 6689 6690 6691
f 6690 6689 3833
f 6001 5983 6686
f 5978 6693 6215
f 6694 6693 5978
f 5974 6694 6095
f 6183 6182 6696
f 6698 5959 5961
f 5959 6698 6699
f 6697 6696 6700
f 6702 6629 6703
f 5968 6668 6705
f 6706 5977 5955
f 6707 6618 6617
f 6024 6051 6709
f 6402 6403 6559
f 3852 6711 6712
f 3856 6594 6593
f 5977 6706 6694
f 6713 5955 5977
f 6714 6715 6716
f 6718 6719 6308
f 6720 6255 6254
f 6722 6723 6724
f 6312 6311 6726
f 6069 6590 6728
f 6319 6594 6730
f 6731 6645 6644
f 6732 6733 6734
f 6046 6053 6320
f 3880 3805 6666
f 6736 6737 6738
f 6531 6740 6741
f 6300 6356 6614
f 6742 6532 6325
f 6743 6742 3891
f 6744 6302 6301
f 6746 6747 6534
f 6536 6576 6579
f 6535 6579 6563
f 6566 6538 6537
f 6538 6566 6409
f 6412 6540 6539
f 6412 6748 6541
f 6748 6749 6542
f 6749 6569 6545
f 6568 6750 6547
f 6751 6752 6548
f 6753 6754 6550
f 6755 6756 6757
f 6759 6760 6761
f 6763 6764 6765
f 6764 6620 6623
f 6766 6767 6768
f 6770 6771 6772
f 6774 6775 6776
f 6021 6774 6777
f 6723 6778 6779
f 6780 6781 6782
f 6784 6785 6786
f 6788 6789 6790
f 6185 6792 6793
f 6794 6722 6725
f 6729 6796 6098
f 6135 6797 6798
f 6799 6062 6065
f 6037 6801 6802
f 6005 6004 6588
f 6005 6803 6804
f 6052 6055 6010
f 6586 6582 6803
f 6092 5985 5987
f 6094 5982 5985
f 6096 6806 6695
f 6082 6062 6799
f 6657 6013 6041
f 6013 6657 6658
f 6795 6725 6807
f 6809 6810 6811
f 6813 6814 6815
f 6817 6818 6819
f 6821 6822 6823
f 6329 6209 6204
f 6202 6825 6826
f 6072 6099 6827
f 6598 6829 6305
f 6301 6300 6613
f 6830 6831 6271
f 6822 6779 6778
f 6326 6741 6832
f 6203 6826 6833
f 6027 6048 6051
f 6360 6834 6835
f 6836 6837 6838
f 6837 6840 6841
f 6362 6365 6366
f 6380 6385 6384
f 6421 6564 6578
f 6566 6565 6410
f 6394 6389 6388
f 6414 6422 6368
f 6371 6374 6416
f 6561 6560 6378
f 6382 6381 6562
f 6381 6384 6418
f 6389 6394 6430
f 6391 6388 6454
f 6441 6454 6453
f 6456 6453 6473
f 6495 6494 6750
f 6843 6575 6485
f 6844 6845 6843
f 6573 6845 6847
f 6849 6491 6487
f 6513 6753 6752
f 6517 6521 6850
f 6521 6520 6851
f 6844 6851 6852
f 6505 6504 6510
f 6753 6513 6512
f 6516 6522 6521
f 6614 6740 6854
f 6742 6262 4003
f 6708 6617 6855
f 6307 6306 6857
f 6307 6664 6665
f 6414 6413 6425
f 6416 6415 6427
f 6562 6418 6431
f 6419 6537 6538
f 6358 6836 6839
f 6059 6058 6859
f 6861 6862 6863
f 6865 6866 6867
f 6115 6025 6869
f 6871 6872 6873
f 6721 6254 6596
f 6876 6610 6556
f 6877 6663 6552
f 6551 6878 6268
f 6879 6855 6265
f 6239 6618 6651
f 6230 6263 6619
f 6171 6670 6669
f 6106 6109 6882
f 6883 6884 6822
f 6759 6184 6187
f 6725 6724 6785
f 6885 6795 6808
f 6886 6887 6888
f 6701 6700 6756
f 6884 6786 6779
f 6715 6714 6309
f 6889 6259 6890
f 6743 3890 4042
f 6270 6664 6893
f 6386 6894 6895
f 6895 6348 6420
f 6897 6432 6417
f 6897 6433 6407
f 6390 6898 6899
f 6900 6899 6406
f 6455 6900 6901
f 6902 6903 6904
f 6482 6903 6905
f 6501 6906 6907
f 6496 6515 6908
f 6532 6531 6326
f 6532 6742 6743
f 6612 6910 6735
f 6611 6911 6910
f 6626 5980 5979
f 6704 6912 6105
f 6913 6590 6591
f 6915 6794 6795
f 6229 6228 4067
f 6263 6290 6289
f 6745 6301 6663
f 6916 6771 6757
f 6885 6918 6165
f 6920 6780 6783
f 6921 6922 6923
f 6925 6921 6924
f 6927 6928 6929
f 6931 6932 6933
f 6935 6936 6937
f 6939 6940 6941
f 6943 6944 6945
f 6947 6948 6949
f 6944 6943 6951
f 6953 6954 6955
f 6957 6958 6959
f 6961 6962 6929
f 6964 6965 6966
f 6968 6969 6970
f 6969 6948 6955
f 6972 6943 6946
f 6974 6975 6976
f 6978 6979 6980
f 6940 6939 6982
f 6984 6985 6986
f 6988 6989 6990
f 6992 6990 6989
f 6994 6995 6996
f 6998 6999 7000
f 7002 7003 7004
f 7006 7007 7008
f 7010 7011 7012
f 7014 7015 7016
f 7018 7019 6999
f 7020 7021 7022
f 7024 7025 7026
f 7028 7029 7030
f 7032 7033 7034
f 7003 7002 7036
f 7038 7039 7040
f 6993 6989 7030
f 7042 7043 7044
f 7046 7047 7007
f 7011 7010 7048
f 7050 7051 7052
f 7054 7015 7014
f 7015 7054 7056
f 6621 6620 7045
f 7049 7048 6775
f 7051 7050 6021
f 7055 6697 6701
f 7054 6701 6755
f 6764 6763 7047
f 7020 7058 7059
f 7060 7061 7062
f 6958 7064 7065
f 6925 7066 7067
f 7068 6931 6934
f 7069 6988 6991
f 7071 6995 7072
f 7074 7075 7076
f 7078 7079 7080
f 7014 7017 7082
f 7084 7085 7086
f 7025 7028 7031
f 7085 7084 7072
f 7089 7084 7087
f 7055 7014 7083
f 7090 7087 6770
f 7092 7093 7094
f 7091 6183 6697
f 6770 7087 7086
f 7095 7094 6767
f 7096 7061 6980
f 7098 6941 6940
f 7058 7020 7023
f 7101 6927 6930
f 6974 7060 7063
f 7103 6968 6971
f 7105 6978 6981
f 7106 7107 7036
f 7109 7048 7010
f 7111 7019 7018
f 7098 7003 7037
f 7048 7109 7112
f 7113 6993 7041
f 6994 7114 7115
f 6965 7116 6923
f 6975 6922 6945
f 7061 7096 7065
f 6954 6953 6933
f 6763 7112 7109
f 7046 7045 6620
f 6947 7117 7067
f 6758 7086 7056
f 7118 7119 7039
f 7038 7069 7070
f 7106 7120 7121
f 7123 7124 7053
f 7123 7052 7083
f 7045 7046 7006
f 7107 7106 7122
f 7091 7083 7052
f 7091 7051 6020
f 6936 7096 7097
f 7125 6957 6960
f 6774 6021 7050
f 7119 6939 6942
f 7019 7002 7005
f 7011 7053 7124
f 7021 7126 7040
f 7114 7029 7016
f 7053 7011 7049
f 7086 7085 7057
f 6993 7113 7127
f 7075 7127 7113
f 4281 4280 6603
f 6012 6333 7129
f 7130 6083 6584
f 6797 7132 7133
f 6074 7134 7135
f 6789 6760 6173
f 6760 6789 6776
f 7136 6802 6801
f 6914 6671 6674
f 7007 7110 7059
f 7099 7004 7003
f 6984 7103 7104
f 7110 7007 7047
f 6333 6583 6587
f 5956 6699 6667
f 5957 5956 5971
f 7137 6715 6308
f 4292 4293 6718
f 6693 6705 6668
f 6215 6668 6667
f 6214 6667 6699
f 6698 6197 6212
f 6219 6207 6198
f 6207 6219 6220
f 6220 6221 6609
f 6262 6229 4066
f 7138 7139 7140
f 4298 7142 7140
f 7143 7144 7145
f 7147 7148 7144
f 7149 7150 7151
f 7150 7152 7153
f 6329 6261 7154
f 6261 6260 7155
f 7156 6829 7157
f 6598 6597 7159
f 6257 6256 7161
f 6256 4322 4321
f 6693 6694 6706
f 5954 5969 6705
f 5953 5966 5969
f 7163 5984 5983
f 7164 7165 6138
f 7167 7168 7169
f 6141 7171 7172
f 7166 7171 7173
f 6141 6140 7174
f 7176 7177 7178
f 7180 7181 7182
f 7184 7185 7186
f 6631 7180 7183
f 6218 6198 6197
f 6625 6641 7189
f 6814 6813 7190
f 6882 7192 7193
f 7195 7196 6109
f 6888 7197 7198
f 7200 7201 7202
f 7176 6627 6630
f 6029 7184 7187
f 7205 7206 7207
f 7209 7210 7211
f 7203 7202 7213
f 6886 7215 6778
f 6031 6030 7215
f 7216 7217 7218
f 7220 7221 6880
f 6076 6075 7220
f 6074 6077 6672
f 6147 6150 6662
f 7223 6662 6111
f 6810 6809 6113
f 6920 7134 6914
f 6077 6660 6675
f 6660 6077 6076
f 7222 7220 6669
f 7224 7222 6181
f 6660 6662 6150
f 7225 7226 6794
f 6783 6782 7225
f 6781 6780 6068
f 7217 7227 7228
f 6031 6888 7199
f 6887 6886 6723
f 6164 7225 6915
f 6780 6920 6591
f 7134 6074 6671
f 7229 7230 6824
f 7187 7186 7230
f 7226 6887 6722
f 7231 7232 6169
f 7201 7231 7233
f 6107 7234 7235
f 7215 7229 6823
f 6030 7187 7229
f 7236 7216 7219
f 7237 7238 6820
f 7237 7208 7207
f 7239 7240 7241
f 6739 7243 7244
f 7245 7239 7242
f 7233 6169 6168
f 7247 7213 7202
f 7195 6108 7203
f 7248 7249 7250
f 7227 7251 7252
f 7253 6067 5998
f 6067 7253 7198
f 6781 7198 7197
f 5984 7163 6683
f 7254 7250 6678
f 6679 7249 7252
f 6887 7226 7197
f 6782 7197 7226
f 7135 6919 6163
f 7221 7220 6075
f 6661 6076 7222
f 7224 6112 6111
f 6180 6810 6112
f 6179 6811 6810
f 6811 6179 6793
f 6650 6792 6622
f 6766 6621 7044
f 7095 7044 7043
f 7092 7043 7121
f 7078 7120 7255
f 7256 7232 7257
f 6768 6772 7259
f 6773 6767 7094
f 7090 7094 7093
f 7089 7093 7080
f 7071 7079 7032
f 7077 7018 6998
f 6995 7071 7260
f 7077 7076 7261
f 7035 7034 7018
f 7108 7019 7111
f 6978 7105 7262
f 7105 7263 7264
f 7263 6944 6952
f 6990 6992 6951
f 6972 7117 7266
f 7117 6947 6950
f 6948 6969 7267
f 6969 6968 6982
f 7103 6984 6987
f 7005 7004 6986
f 6999 7005 7268
f 7269 7270 7271
f 7274 7272 7275
f 7274 7273 7276
f 7278 7279 7280
f 7282 7283 7284
f 7286 7287 7288
f 7290 7291 7292
f 7294 7295 7296
f 7068 7297 7298
f 7300 7301 7302
f 7304 6962 7305
f 7307 7285 7305
f 7309 7284 7283
f 7311 7312 7313
f 7125 7304 7306
f 7285 7307 7280
f 7277 7281 7303
f 6965 6964 7316
f 7318 7312 7316
f 7320 7321 7271
f 7312 7318 7296
f 7270 7269 7298
f 7311 7270 7322
f 6961 6932 7300
f 7323 7324 7325
f 7327 7064 7328
f 7064 6958 7325
f 7287 7330 7292
f 6931 7068 7299
f 7331 7327 7329
f 7332 7333 7334
f 7336 7337 7338
f 7340 7341 7333
f 7342 7341 7343
f 7345 7346 7347
f 7348 7349 7350
f 7352 7353 7354
f 7356 7357 7358
f 7360 7361 7362
f 7365 7366 7367
f 7368 7369 7370
f 7372 7373 7336
f 7373 7375 7337
f 7367 7366 7376
f 7378 7379 7380
f 7382 7383 7384
f 7386 7387 7385
f 7388 7389 7390
f 7392 7334 7333
f 7394 7395 7396
f 7398 7399 7400
f 7402 7403 7404
f 7406 7407 7408
f 7410 7411 7383
f 7412 7413 7414
f 7385 7416 7417
f 7389 7418 7419
f 7373 7420 7421
f 7420 7373 7372
f 7369 7423 7424
f 7399 7398 7397
f 7393 7333 7341
f 7398 7358 7357
f 7358 7398 7401
f 7428 7429 7430
f 7433 7434 7435
f 7363 7362 7436
f 7383 7438 7439
f 7411 7440 7438
f 7441 7442 7443
f 7445 7446 7339
f 7374 7336 7339
f 7444 7365 7364
f 7448 7364 7450
f 7364 7367 7451
f 7451 7367 7377
f 7449 7450 7454
f 7455 7454 7450
f 7456 7455 7451
f 7410 7457 7458
f 7460 7461 7462
f 7423 7369 7462
f 7464 7465 7466
f 7468 7469 7347
f 7376 7366 7471
f 7425 7397 7396
f 7475 7476 7477
f 7478 7479 7480
f 7482 7483 7407
f 7484 7485 7351
f 7487 7405 7488
f 7490 7491 7492
f 7412 7415 7434
f 7494 7495 7434
f 7496 7388 7391
f 7440 7411 7498
f 7401 7400 7488
f 7485 7346 7345
f 7500 7502 7427
f 7395 7394 7469
f 7503 7504 7505
f 7507 7508 7509
f 7511 7512 7513
f 7511 7514 7515
f 7517 7518 7519
f 7521 7522 7523
f 7352 7524 7525
f 7415 7414 7527
f 7528 7529 7530
f 7404 7531 7502
f 7477 7388 7496
f 7512 7478 7481
f 7405 7404 7500
f 7533 7534 7535
f 7378 7507 7510
f 7532 7496 7379
f 7539 7540 7541
f 7524 7352 7355
f 7351 7485 7501
f 7414 7524 7523
f 7522 7543 7527
f 7544 7413 7412
f 7546 7416 7547
f 7526 7549 7353
f 7550 7521 7355
f 7521 7550 7551
f 7552 7546 7548
f 7546 7552 7553
f 7522 7521 7548
f 7418 7556 7520
f 7416 7546 7554
f 7457 7557 7558
f 7557 7559 7560
f 7562 7561 7563
f 7564 7563 7349
f 7351 7350 7565
f 7567 7568 7569
f 7570 7555 7520
f 7419 7418 7555
f 7572 7564 7348
f 7389 7476 7556
f 7573 7490 7493
f 7552 7535 7534
f 7562 7574 7536
f 7572 7575 7576
f 7422 7577 7578
f 7423 7579 7580
f 7579 7423 7463
f 7578 7574 7576
f 7583 7584 7381
f 7586 7579 7581
f 7533 7580 7579
f 7447 7339 7338
f 7588 7502 7531
f 7590 7428 7431
f 7321 7320 7592
f 7275 7581 7463
f 7461 7278 7276
f 7279 7278 7461
f 7453 7454 7593
f 7594 7593 7454
f 7330 7287 7498
f 7459 7458 7294
f 7558 7560 7595
f 7560 7592 7320
f 7275 7321 7585
f 7462 7276 7273
f 7596 7583 7380
f 7597 7598 7406
f 7467 7466 7599
f 7601 7602 7603
f 7605 7365 7444
f 7365 7605 7606
f 7607 7495 7494
f 7513 7481 7473
f 7396 7395 7514
f 7514 7395 7468
f 7470 7609 7515
f 7610 7611 7609
f 7612 7556 7476
f 7613 7530 7529
f 7442 7441 7615
f 7574 7578 7577
f 7619 7400 7399
f 7518 7479 7509
f 7491 7399 7425
f 7549 7620 7621
f 7491 7490 7622
f 7377 7438 7440
f 7379 7496 7497
f 7453 7461 7460
f 7411 7410 7459
f 7623 7624 7391
f 7625 7611 7610
f 7487 7407 7483
f 7619 7622 7408
f 7627 7628 7620
f 7538 7379 7378
f 7389 7388 7477
f 7629 7545 7412
f 7489 7408 7407
f 7628 7627 7598
f 7413 7525 7524
f 7592 7560 7559
f 7584 7631 7632
f 7569 7568 7633
f 7570 7508 7566
f 7631 7567 7566
f 7508 7570 7519
f 7614 7573 7480
f 7346 7610 7470
f 7572 7574 7562
f 7571 7633 7634
f 7346 7485 7484
f 7607 7591 7431
f 7585 7592 7630
f 7624 7596 7497
f 7635 7386 7384
f 7636 7427 7502
f 7323 7309 7310
f 7420 7578 7582
f 7637 7594 7455
f 7287 7286 7499
f 7458 7558 7295
f 7439 7376 7472
f 7599 7601 7604
f 7359 7358 7427
f 7436 7638 7639
f 7490 7573 7640
f 7481 7480 7493
f 7641 7506 7505
f 7642 7643 7627
f 7492 7425 7473
f 7517 7612 7625
f 7625 7484 7486
f 7634 7623 7390
f 7474 7477 7532
f 7448 7368 7441
f 7368 7448 7449
f 7615 7441 7368
f 7638 7603 7602
f 7575 7572 7501
f 7571 7555 7570
f 7400 7619 7489
f 7508 7507 7632
f 7503 7506 7540
f 6957 7125 7315
f 7376 7439 7438
f 7507 7378 7381
f 7499 7456 7452
f 7286 7637 7456
f 7504 7642 7644
f 7645 7598 7627
f 7647 7634 7633
f 7647 7648 7623
f 7649 7624 7623
f 7650 7596 7624
f 7646 7633 7568
f 7651 7568 7567
f 7653 7652 7567
f 7651 7654 7655
f 7656 7657 7658
f 7660 7658 7657
f 7663 7657 7656
f 7664 7665 7663
f 7667 7666 7663
f 7667 7662 7668
f 7663 7665 7661
f 7670 7671 7672
f 7661 7672 7671
f 7659 7668 7662
f 7648 7647 7668
f 7648 7659 7673
f 7659 7658 7674
f 7658 7660 7675
f 7668 7647 7646
f 7660 7671 7676
f 7675 7677 7678
f 7677 7675 7676
f 7677 7680 7681
f 7682 7683 7678
f 7677 7679 7684
f 7673 7674 7678
f 7683 7650 7649
f 7685 7676 7671
f 7667 7655 7686
f 7666 7686 7687
f 7654 7688 7686
f 7689 7687 7686
f 7664 7687 7691
f 7650 7692 7583
f 7693 7653 7631
f 7584 7583 7692
f 7693 7692 7682
f 7694 7682 7681
f 7694 7696 7653
f 7650 7683 7682
f 7696 7697 7652
f 7654 7651 7652
f 7688 7654 7697
f 7699 7698 7697
f 7700 7701 7698
f 7695 7699 7696
f 7699 7695 7702
f 7689 7688 7698
f 7689 7701 7703
f 7705 7706 7707
f 7701 7700 7705
f 7704 7703 7707
f 7685 7670 7691
f 7687 7689 7704
f 7680 7702 7695
f 7684 7706 7702
f 7702 7706 7705
f 7684 7679 7707
f 7676 7685 7707
f 7665 7669 7672
f 7670 7669 7690
f 7665 7664 7690
f 7611 7475 7474
f 7510 7509 7479
f 7511 7538 7537
f 7516 7532 7538
f 7517 7530 7613
f 7537 7510 7478
f 7611 7625 7612
f 7613 7480 7479
f 7556 7612 7517
f 7516 7515 7609
f 7708 7709 7710
f 7712 7713 7714
f 7713 7716 7717
f 7719 7720 7721
f 7722 7723 7597
f 7724 7712 7715
f 7726 7727 7728
f 7731 7640 7573
f 7730 7573 7614
f 7733 7734 7735
f 7721 7712 7724
f 7731 7722 7409
f 7708 7726 7729
f 7737 7724 7709
f 7716 7741 7736
f 7742 7743 7744
f 7740 7736 7735
f 7717 7716 7740
f 7716 7713 7720
f 7748 7749 7711
f 7750 7748 7710
f 7720 7719 7751
f 7734 7723 7728
f 7709 7724 7725
f 7752 7753 7715
f 7739 7709 7708
f 7720 7713 7712
f 7749 7754 7755
f 7745 7744 7756
f 7746 7727 7742
f 7743 7742 7755
f 7727 7746 7735
f 7747 7756 7757
f 7753 7750 7725
f 7751 7621 7620
f 7757 7752 7714
f 7718 7721 7737
f 7747 7740 7746
f 7727 7726 7755
f 7726 7708 7711
f 7759 7757 7756
f 7759 7760 7752
f 7760 7761 7753
f 7761 7762 7750
f 7758 7756 7744
f 7763 7744 7743
f 7754 7765 7764
f 7763 7766 7767
f 7768 7769 7770
f 7772 7768 7771
f 7775 7768 7772
f 7776 7777 7775
f 7779 7778 7775
f 7775 7777 7769
f 7770 7769 7781
f 7782 7774 7772
f 7760 7759 7782
f 7760 7773 7783
f 7773 7771 7784
f 7770 7785 7784
f 7779 7774 7782
f 7782 7759 7758
f 7785 7770 7780
f 7785 7787 7788
f 7787 7785 7786
f 7787 7790 7791
f 7792 7793 7788
f 7787 7789 7794
f 7793 7783 7784
f 7762 7761 7783
f 7796 7786 7780
f 7795 7780 7781
f 7779 7767 7798
f 7799 7776 7778
f 7766 7800 7798
f 7800 7801 7799
f 7802 7776 7799
f 7795 7797 7802
f 7762 7804 7748
f 7805 7765 7754
f 7749 7748 7804
f 7805 7804 7792
f 7806 7792 7791
f 7806 7808 7765
f 7793 7792 7804
f 7808 7809 7764
f 7766 7763 7764
f 7766 7809 7810
f 7811 7810 7809
f 7812 7813 7810
f 7807 7811 7808
f 7811 7807 7814
f 7813 7801 7800
f 7801 7813 7815
f 7817 7818 7819
f 7813 7812 7817
f 7816 7815 7819
f 7796 7795 7803
f 7799 7801 7816
f 7790 7814 7807
f 7794 7818 7814
f 7814 7818 7817
f 7794 7789 7819
f 7786 7796 7819
f 7777 7797 7781
f 7777 7776 7802
f 7528 7719 7718
f 7729 7728 7723
f 7738 7731 7730
f 7732 7737 7739
f 7733 7620 7628
f 7722 7731 7738
f 7621 7751 7719
f 7628 7597 7723
f 7733 7736 7741
f 7732 7614 7529
f 7486 7565 7621
f 7549 7565 7350
f 7353 7350 7349
f 7354 7349 7563
f 7821 7822 7823
f 7824 7825 7826
f 7825 7828 7829
f 7830 7831 7832
f 7834 7824 7827
f 7836 7837 7838
f 7840 7482 7406
f 7841 7406 7598
f 7843 7844 7845
f 7833 7824 7834
f 7848 7820 7836
f 7847 7834 7821
f 7828 7851 7846
f 7853 7854 7855
f 7850 7846 7845
f 7829 7828 7850
f 7828 7825 7832
f 7858 7859 7823
f 7860 7858 7822
f 7831 7861 7851
f 7844 7862 7838
f 7834 7835 7822
f 7863 7864 7827
f 7849 7821 7820
f 7825 7824 7833
f 7859 7865 7866
f 7855 7854 7867
f 7837 7852 7855
f 7865 7853 7852
f 7837 7856 7845
f 7857 7867 7868
f 7864 7860 7835
f 7843 7861 7642
f 7868 7863 7826
f 7830 7833 7847
f 7857 7850 7856
f 7837 7836 7866
f 7836 7820 7823
f 7870 7868 7867
f 7870 7871 7863
f 7871 7872 7864
f 7872 7873 7860
f 7869 7867 7854
f 7874 7854 7853
f 7876 7875 7853
f 7874 7877 7878
f 7879 7880 7881
f 7883 7879 7882
f 7886 7879 7883
f 7887 7888 7886
f 7890 7889 7886
f 7886 7888 7880
f 7891 7881 7880
f 7884 7893 7885
f 7871 7870 7893
f 7871 7884 7894
f 7884 7882 7895
f 7882 7881 7896
f 7890 7885 7893
f 7893 7870 7869
f 7881 7891 7897
f 7898 7899 7895
f 7900 7898 7896
f 7901 7902 7899
f 7904 7899 7902
f 7898 7900 7905
f 7894 7895 7899
f 7904 7873 7872
f 7907 7897 7891
f 7906 7891 7892
f 7890 7878 7909
f 7910 7887 7889
f 7877 7911 7909
f 7912 7910 7909
f 7887 7910 7914
f 7906 7908 7913
f 7873 7915 7858
f 7916 7876 7865
f 7859 7858 7915
f 7916 7915 7903
f 7917 7903 7902
f 7917 7919 7876
f 7873 7904 7903
f 7919 7920 7875
f 7877 7874 7875
f 7911 7877 7920
f 7922 7921 7920
f 7923 7924 7921
f 7918 7922 7919
f 7922 7918 7925
f 7924 7912 7911
f 7912 7924 7926
f 7928 7929 7930
f 7924 7923 7928
f 7927 7926 7930
f 7907 7906 7914
f 7910 7912 7927
f 7901 7925 7918
f 7905 7929 7925
f 7925 7929 7928
f 7905 7900 7930
f 7897 7907 7930
f 7888 7908 7892
f 7888 7887 7913
f 7645 7643 7831
f 7839 7838 7862
f 7841 7849 7848
f 7842 7847 7849
f 7504 7503 7844
f 7839 7931 7840
f 7643 7642 7861
f 7503 7539 7862
f 7846 7851 7861
f 7842 7598 7645
f 7932 7933 7934
f 7936 7937 7938
f 7937 7940 7941
f 7942 7943 7944
f 7947 7948 7949
f 7950 7936 7939
f 7953 7954 7955
f 7956 7957 7958
f 7956 7959 7540
f 7962 7963 7964
f 7936 7950 7965
f 7946 7949 7958
f 7966 7932 7952
f 7965 7950 7933
f 7968 7940 7969
f 7970 7971 7972
f 7974 7968 7964
f 7941 7940 7968
f 7940 7937 7944
f 7976 7977 7935
f 7978 7976 7934
f 7943 7979 7969
f 7947 7954 7963
f 7933 7950 7951
f 7980 7981 7939
f 7967 7933 7932
f 7937 7936 7945
f 7977 7982 7983
f 7973 7972 7984
f 7953 7970 7973
f 7982 7971 7970
f 7974 7963 7954
f 7975 7984 7985
f 7981 7978 7951
f 7961 7979 7544
f 7985 7980 7938
f 7942 7945 7965
f 7975 7968 7974
f 7952 7983 7970
f 7952 7932 7935
f 7987 7985 7984
f 7987 7988 7980
f 7988 7989 7981
f 7989 7990 7978
f 7986 7984 7972
f 7991 7972 7971
f 7993 7992 7971
f 7986 7991 7994
f 7997 7998 7999
f 8000 7996 7999
f 8003 7996 8000
f 8005 8003 8006
f 8007 8006 8003
f 7996 8003 8005
f 7998 7997 8009
f 8010 8002 8000
f 7988 7987 8010
f 7988 8001 8011
f 8011 8001 7999
f 7998 8013 8012
f 8007 8002 8010
f 8010 7987 7986
f 8013 7998 8008
f 8015 8016 8012
f 8017 8015 8013
f 8018 8019 8016
f 8021 8016 8019
f 8015 8017 8022
f 8011 8012 8016
f 8021 7990 7989
f 8023 8024 8014
f 8023 8008 8009
f 8007 7995 8026
f 8026 8027 8004
f 8028 8026 7995
f 8029 8027 8026
f 8030 8004 8027
f 8023 8025 8030
f 7990 8032 7976
f 8033 7993 7982
f 7976 8032 8033
f 8034 8033 8032
f 8035 8034 8020
f 8034 8036 7993
f 7990 8021 8020
f 8036 8037 7992
f 7991 7992 8037
f 7994 8037 8038
f 8039 8038 8037
f 8040 8041 8038
f 8035 8039 8036
f 8039 8035 8042
f 8041 8029 8028
f 8029 8041 8043
f 8045 8046 8047
f 8041 8040 8045
f 8044 8043 8047
f 8024 8023 8031
f 8027 8029 8044
f 8042 8035 8019
f 8022 8046 8042
f 8042 8046 8045
f 8017 8047 8046
f 8014 8024 8047
f 8005 8025 8009
f 8005 8004 8030
f 7506 7641 7943
f 7954 7947 7946
f 7967 7966 7957
f 7960 7965 7967
f 7948 7947 7962
f 7955 7946 7957
f 7641 7544 7979
f 7969 7979 7961
f 7960 7540 7506
f 7362 8049 8050
f 8052 7618 7464
f 8051 7464 7467
f 8054 8055 7600
f 8056 7361 7618
f 7436 8050 8057
f 8049 7362 7361
f 8057 8058 7603
f 8055 8053 7467
f 8058 8054 7604
f 8059 8060 8058
f 8060 8061 8054
f 8061 8062 8055
f 8062 8063 8053
f 8059 8057 8050
f 8064 8050 8049
f 8056 8066 8065
f 8059 8064 8067
f 8069 8070 8071
f 8073 8069 8072
f 8075 8069 8073
f 8077 8078 8075
f 8075 8079 8070
f 8079 8080 8081
f 8082 8071 8070
f 8083 8076 8073
f 8061 8060 8083
f 8061 8074 8084
f 8074 8072 8085
f 8072 8071 8086
f 8077 8076 8083
f 8083 8060 8059
f 8071 8082 8087
f 8088 8089 8085
f 8090 8088 8086
f 8091 8092 8089
f 8094 8089 8092
f 8088 8090 8095
f 8084 8085 8089
f 8094 8063 8062
f 8097 8087 8082
f 8096 8082 8081
f 8077 8068 8098
f 8099 8100 8078
f 8101 8098 8068
f 8102 8099 8098
f 8100 8099 8104
f 8096 8080 8103
f 8075 8078 8100
f 8079 8100 8103
f 8105 8051 8053
f 8066 8056 8052
f 8051 8105 8106
f 8107 8106 8105
f 8108 8107 8093
f 8107 8109 8066
f 8063 8094 8093
f 8109 8110 8065
f 8064 8065 8110
f 8067 8110 8111
f 8112 8111 8110
f 8113 8114 8111
f 8108 8112 8109
f 8112 8108 8115
f 8114 8102 8101
f 8102 8114 8116
f 8118 8119 8120
f 8114 8113 8118
f 8117 8116 8120
f 8097 8096 8104
f 8099 8102 8117
f 8091 8115 8108
f 8095 8119 8115
f 8115 8119 8118
f 8095 8090 8120
f 8087 8097 8120
f 7550 7563 7561
f 7552 7551 7561
f 7931 7862 7539
f 7640 7409 7408
f 7549 7526 7644
f 7525 7413 7544
f 7931 7542 7482
f 7483 7482 7542
f 7626 7402 7405
f 7629 7433 7432
f 7629 8121 7949
f 8122 7958 7949
f 8123 8122 8121
f 8124 8123 7432
f 7434 7495 8125
f 8125 7430 8124
f 8124 7430 7429
f 8123 8124 8126
f 8122 8123 8127
f 7541 7540 7959
f 7404 7403 8129
f 8125 7495 7431
f 7526 7525 7505
f 7626 7483 7541
f 7959 7958 8122
f 7961 7545 8048
f 7629 7948 8048
f 8127 7402 7626
f 7402 8127 8126
f 8129 7403 8126
f 7428 7531 8129
f 7589 7531 7428
f 7334 7392 7426
f 7335 7334 7357
f 7616 7615 7446
f 7392 7397 7398
f 7393 7394 7397
f 7342 7469 7394
f 7344 7347 7469
f 7343 7618 7361
f 7360 7345 7344
f 7363 7575 7345
f 7437 7576 7575
f 7582 7576 7437
f 7421 7582 7639
f 7375 7421 7602
f 7599 7337 7375
f 7465 7464 7618
f 7332 7447 7587
f 7447 7332 7335
f 7445 7335 7356
f 7359 7442 7616
f 7636 7443 7442
f 7588 7605 7443
f 7589 7606 7605
f 7590 7471 7606
f 7471 7590 7591
f 7446 7615 7371
f 7371 7370 7372
f 7422 7372 7370
f 7577 7422 7424
f 7536 7577 7580
f 7591 7607 7635
f 7607 7608 7386
f 7543 7608 7494
f 7547 7387 7543
f 7608 7543 7387
f 7387 7547 7416
f 7457 7410 7382
f 7557 7457 7417
f 7559 7557 7554
f 7630 7559 7553
f 7534 7533 7586
f 7466 7338 7337
f 7465 7587 7338
f 7617 7340 7587
f 7341 7340 7617
f 8130 6091 6090
f 6023 6022 8132
f 6182 6023 8133
f 6623 6622 6792
f 6787 6696 6182
f 8134 6700 6696
f 6917 6757 6756
f 6762 6761 7112
f 6762 6765 6184
f 6765 6623 6185
f 6650 6769 6768
f 6772 6771 6916
f 6777 6776 6789
f 6022 6777 6788
f 6756 6700 8134
f 6758 6757 6771
f 6761 6776 6775
f 6769 6622 6621
f 6772 6768 6767
f 6174 6173 6760
f 6187 6186 6178
f 6811 6649 6648
f 6786 6785 6724
f 6791 6790 6918
f 6186 6793 6179
f 6808 6807 8133
f 6884 6883 8135
f 6174 6187 6670
f 6807 6785 6784
f 6791 6808 8132
f 6786 6884 8134
f 6790 6173 6172
f 6649 6793 6792
f 6316 6315 8136
f 8137 6655 6654
f 8139 8140 6601
f 6656 6655 6580
f 6868 8141 8142
f 6316 6712 6711
f 6864 8143 8144
f 6864 6863 8145
f 6868 6867 6869
f 6656 6867 6866
f 8146 8147 8148
f 8139 8150 8151
f 8152 8153 6866
f 8154 8155 8138
f 6874 6873 8156
f 8158 6318 8159
f 8160 8152 6865
f 8161 6317 6313
f 6161 6600 8162
f 8164 8154 6654
f 8153 8164 6653
f 8165 8166 8167
f 8166 5989 8169
f 5989 5988 8170
f 5988 6017 8171
f 8172 8173 6043
f 8174 8175 6032
f 8174 6035 6098
f 8176 6098 6796
f 8177 6796 8178
f 7132 8178 6728
f 6589 6588 8180
f 8180 6588 6004
f 8181 6004 6007
f 6334 6079 6731
f 6079 6078 6645
f 6078 6085 6646
f 6085 8183 8184
f 6091 8130 8185
f 6086 6730 8183
f 6950 6949 7118
f 6952 6951 6992
f 6983 6982 6968
f 6987 6986 7004
f 7001 7000 6979
f 7001 7262 7074
f 7262 7264 7075
f 7264 6952 7127
f 7265 6951 6943
f 7265 7266 6991
f 7266 6950 7070
f 6949 7267 7119
f 7267 6982 6939
f 6983 6987 7099
f 7268 6986 6985
f 7000 7268 8186
f 6938 6937 6985
f 6946 6945 6922
f 6956 6955 6948
f 6971 6970 6928
f 6970 6955 6954
f 6973 6946 6921
f 6977 6976 7263
f 6981 6980 7061
f 6973 7067 7117
f 7097 6980 6979
f 7104 6971 6927
f 6977 6981 7060
f 6976 6945 6944
f 6956 7067 7066
f 6937 7097 8186
f 6938 7104 7101
f 6924 6923 7116
f 6926 6924 7297
f 6930 6929 6962
f 6934 6933 6953
f 6960 6959 6936
f 6963 6929 6928
f 6967 6966 6975
f 7063 7062 7327
f 6959 7065 7096
f 6926 6934 7066
f 7102 6930 7304
f 6967 7063 7331
f 6966 6923 6922
f 7062 7065 7064
f 6963 6933 6932
f 7102 6960 6935
f 7299 7298 7269
f 7301 7300 6932
f 7306 7305 7285
f 7308 7305 6962
f 7315 7306 7284
f 7317 7316 7312
f 7319 7316 6964
f 7322 7298 7297
f 7317 7322 7116
f 7308 7300 7303
f 7326 7325 6958
f 7329 7328 7291
f 7328 7325 7324
f 7301 7299 8187
f 7319 7329 7290
f 7326 7315 7309
f 7272 7271 7321
f 7272 7274 8187
f 7274 7277 7302
f 7281 7280 7307
f 7283 7282 7593
f 7289 7288 7324
f 7293 7292 7330
f 7293 7296 7318
f 7310 7283 7594
f 7314 7313 7595
f 7282 7280 7279
f 7278 7281 7277
f 7314 7271 7270
f 7313 7296 7295
f 7288 7292 7291
f 7289 7310 7637
f 6003 6002 6626
f 6003 6138 7165
f 6690 8188 8189
f 6686 6685 5981
f 6685 6687 6096
f 6687 6688 6806
f 6002 6686 5980
f 6606 8188 5351
f 7164 7173 8190
f 8192 7175 7174
f 6015 6014 8153
f 6189 6188 8155
f 8157 8156 6284
f 6332 6015 8152
f 6593 6592 6317
f 6658 6189 8154
f 6014 6658 8164
f 6332 8194 7131
f 6805 8159 6321
f 6146 8163 8162
f 6607 7128 8195
f 8196 6126 6125
f 8198 7169 7168
f 8199 7168 6633
f 7177 6632 8201
f 8202 8203 8204
f 7208 7186 7185
f 7237 7230 7186
f 6819 6824 7230
f 6818 6821 6824
f 8206 6883 6821
f 8207 6917 8135
f 6917 8207 8209
f 8209 8210 7259
f 8210 8211 6647
f 6812 6648 8212
f 6809 6812 7258
f 6809 7257 8213
f 6113 8213 8214
f 7235 7223 6110
f 7223 7235 7234
f 6147 7234 8215
f 6148 8215 8216
f 8218 6155 6158
f 8219 6285 6116
f 6284 6188 6116
f 6188 6284 8156
f 8155 8156 6873
f 8138 6873 6872
f 8137 6872 8148
f 6193 8147 6281
f 6190 6281 6278
f 8220 8221 8222
f 8224 8225 7139
f 6223 6222 8226
f 6237 6236 8228
f 6238 6223 8227
f 6249 6248 8231
f 6253 6252 8233
f 6236 6279 8221
f 6331 6238 8230
f 6252 6595 8236
f 6222 6237 8229
f 6828 6827 8237
f 6280 8239 8240
f 8208 8135 6883
f 6648 6647 8211
f 6143 6624 8242
f 6624 7189 8244
f 8245 8246 8247
f 8249 8250 8251
f 7195 8253 8254
f 7214 8255 8253
f 8256 8255 7214
f 7243 7211 8257
f 7210 8258 8257
f 8259 7181 6102
f 8261 6122 6121
f 8178 7132 8263
f 7132 6797 8264
f 6797 6135 8265
f 6135 6134 8266
f 6134 6151 8267
f 6151 6154 8268
f 6154 8269 8270
f 8269 8271 8272
f 7194 7193 8273
f 7193 8250 8275
f 8249 8259 8260
f 8248 8277 8278
f 6129 6128 8279
f 7169 8198 8197
f 8198 8190 8192
f 7171 6141 7175
f 6589 6801 7129
f 6801 6037 6040
f 6037 6036 6041
f 6036 6131 6659
f 6131 6156 6118
f 6156 6155 6119
f 8218 8219 6119
f 8219 8218 6815
f 7191 7189 6641
f 8246 8244 7189
f 8245 8278 8281
f 8280 8279 6288
f 6125 6124 7170
f 6288 6127 6602
f 6126 8196 6604
f 8196 8193 6605
f 7174 6140 6691
f 6691 6140 6139
f 7171 7166 8283
f 7172 8283 8284
f 6139 6142 8284
f 8285 8286 8287
f 8211 8210 8289
f 8290 8291 8292
f 8293 8294 8291
f 8293 8207 8208
f 8296 8297 8298
f 6818 6817 8296
f 8285 7256 7258
f 7243 8299 7212
f 7243 6739 8300
f 8301 8300 6739
f 8302 8256 7213
f 8303 8302 7247
f 8304 8303 6168
f 6738 8298 8297
f 8288 8287 6167
f 8304 8292 8291
f 8305 8291 8294
f 6737 6736 8306
f 6736 7244 8307
f 8243 8242 8308
f 8242 8244 8282
f 8247 8246 7191
f 7196 8254 8251
f 8253 8310 8311
f 8255 8312 8310
f 8313 8312 8255
f 7244 8257 8313
f 8313 8257 8258
f 8312 8258 8314
f 8315 8311 8310
f 8311 8315 8316
f 8282 8281 8317
f 8308 8317 8261
f 8309 8261 8262
f 8248 8247 8275
f 8282 8244 8246
f 8307 8313 8256
f 8306 8307 8302
f 8305 8306 8303
f 8298 6738 6737
f 8287 8292 8304
f 7253 8319 7199
f 8319 8320 6028
f 8320 8321 6029
f 8321 8322 7184
f 8322 8203 7185
f 8203 8202 7205
f 8202 7240 7206
f 7239 7245 7210
f 7251 7227 8319
f 7227 7217 8320
f 7217 7216 8321
f 7216 7236 8322
f 7236 8204 8203
f 6175 8199 8200
f 7165 7164 8191
f 6137 8283 7166
f 6200 6199 8283
f 6199 6206 8284
f 8284 6206 6205
f 6205 6608 6689
f 6689 6608 5485
f 7009 7008 8323
f 7013 7012 7021
f 7017 7016 7029
f 7013 7059 7110
f 7073 7072 7084
f 7081 7080 7093
f 7082 7017 7028
f 7088 7072 6995
f 7088 7115 7057
f 7122 7121 7043
f 7124 7123 7024
f 7082 7025 7024
f 7009 7122 7042
f 7012 7124 7126
f 7115 7016 7015
f 7008 7059 7058
f 7081 7121 7120
f 7073 7080 7079
f 6997 6996 7076
f 7023 7022 6942
f 7027 7026 7069
f 7031 7030 6989
f 7079 7078 7033
f 7037 7036 7107
f 7027 7040 7126
f 7041 7030 7029
f 7026 7031 6988
f 7100 7023 6941
f 7108 7036 7002
f 7100 7037 8323
f 6997 7041 7114
f 7022 7040 7039
f 7111 7034 7033
f 7035 7261 7260
f 7261 7076 6996
f 7108 7255 7120
f 7245 8314 8258
f 7246 8315 8314
f 7181 8259 8316
f 8277 6101 6129
f 8278 6129 8280
f 6287 8317 8281
f 6122 8261 8317
f 5487 6145 6144
f 5489 6159 6162
f 6637 8324 8325
f 8326 8325 8225
f 5494 7139 8225
f 6160 6159 8150
f 5496 8324 8151
f 8163 8327 6162
f 6146 6145 8327
f 8243 8328 6144
f 8328 8243 8309
f 8318 8262 5501
f 8262 6121 5502
f 8329 8330 8331
f 8333 8334 8335
f 8338 8182 6007
f 8329 8334 8339
f 8341 6334 6734
f 6006 8342 8337
f 8342 6006 6804
f 6065 6064 8339
f 5995 5994 8341
f 6918 6172 6166
f 7221 6163 6166
f 6172 6171 6880
f 8344 5952 5955
f 5519 5976 5975
f 6806 8345 8346
f 6646 8184 8347
f 8165 8348 8349
f 6322 8350 8131
f 8345 6806 6688
f 6695 8346 5975
f 5976 5519 5528
f 5529 8130 8131
f 6643 8347 8352
f 8183 5533 5532
f 5534 8185 8130
f 6730 5535 5533
f 8351 6688 6093
f 5535 6730 6594
f 8353 8354 6652
f 8354 8353 8355
f 8357 8358 6825
f 8359 8357 6202
f 6224 8354 8356
f 6275 8361 8362
f 6201 6210 7143
f 7146 8363 8359
f 8357 8359 8363
f 8355 8365 8366
f 8361 8360 8368
f 8356 8355 8367
f 8370 8371 8372
f 8220 8373 7145
f 6275 6274 6228
f 5558 4067 6228
f 8375 8369 8367
f 8362 8368 8376
f 8378 8379 8380
f 8363 7146 8382
f 8384 8378 8381
f 8382 8373 8386
f 8383 8387 8364
f 6226 6225 6231
f 6231 6225 8361
f 6636 8388 8389
f 6635 8390 8388
f 8390 6635 5576
f 8379 8378 6232
f 8378 8384 6233
f 8384 8391 8371
f 8372 8392 8393
f 7138 8240 8239
f 8224 8239 8394
f 8146 6638 8394
f 6638 6637 8326
f 6340 6339 6299
f 6747 6338 6577
f 6344 6343 6346
f 6342 6341 6355
f 6353 6352 6349
f 6337 6351 6369
f 6360 6359 6328
f 6358 6357 6386
f 6364 6363 6293
f 6362 6361 6376
f 6366 6353 6297
f 6350 6365 6372
f 6533 6342 6303
f 6534 6536 6346
f 6744 6746 6533
f 6536 6534 6747
f 6357 6835 6894
f 6341 6834 6832
f 6839 6838 6292
f 6837 6836 6380
f 6838 6841 6354
f 6361 6840 6377
f 6363 6366 6296
f 6365 6362 6373
f 6359 6839 6291
f 6836 6358 6385
f 6481 6480 6902
f 6484 6483 6501
f 6477 6488 6487
f 6849 6467 6492
f 6494 6492 6467
f 6547 6481 6544
f 6750 6751 6546
f 6494 6466 6751
f 6843 6484 6500
f 6845 6573 6575
f 6489 6488 6847
f 6474 6487 6491
f 6483 6905 6906
f 6493 6463 6465
f 6471 6470 6544
f 6472 6482 6485
f 6476 6475 6461
f 6470 6451 6542
f 6570 6567 6569
f 6495 6567 6463
f 6475 6465 6462
f 6572 6848 6477
f 6574 6571 6457
f 6569 6568 6543
f 6575 6574 6473
f 6471 6904 6901
f 6469 6468 6508
f 6498 6497 6479
f 6503 6502 6518
f 6489 6506 6505
f 6467 6849 6509
f 6546 6548 6498
f 6549 6548 6752
f 6752 6751 6466
f 6503 6850 6846
f 6850 6851 6844
f 6507 6506 6852
f 6486 6505 6509
f 6502 6907 6909
f 6858 6893 6664
f 8396 8397 6611
f 6833 8398 6324
f 8399 6826 6825
f 6831 6830 8401
f 6707 6833 6826
f 8398 8403 6890
f 6858 6857 8404
f 8405 8396 6610
f 6830 6893 6553
f 8397 6892 6911
f 8400 6825 8358
f 8358 8357 8364
f 8406 8364 8387
f 8389 8408 8380
f 8389 8388 8409
f 8388 8390 8410
f 5575 5597 8410
f 6665 6273 8411
f 8412 8413 6720
f 8413 5602 5601
f 8411 8414 8413
f 6262 6742 6290
f 5602 8413 8414
f 7141 7140 7142
f 8393 8222 8241
f 8227 8226 7147
f 8229 8228 8374
f 8230 8227 7151
f 8232 8231 8415
f 8234 8233 8417
f 8221 8220 8374
f 8235 8230 7153
f 8233 8236 8420
f 8226 8229 7148
f 8238 8237 8421
f 7141 8393 8240
f 6581 6580 6655
f 6640 6639 8140
f 6710 6709 8141
f 6717 6716 6712
f 6860 6859 8143
f 6870 6869 6867
f 6717 8136 6726
f 6870 6580 6192
f 6860 8145 6050
f 6710 6869 6025
f 6639 8149 6871
f 6640 8151 8324
f 6581 8148 8147
f 5615 5614 6234
f 7144 7148 8374
f 7144 7143 6210
f 7150 7149 6210
f 7152 7150 6209
f 7152 7154 8419
f 7154 7155 8421
f 7158 7157 8415
f 7160 7159 8420
f 7162 7161 8418
f 7161 4321 5616
f 8370 6234 6233
f 8373 8382 7146
f 8392 8391 8386
f 8391 8392 8372
f 5617 8344 6713
f 5973 5618 3355
f 8345 5620 5619
f 3880 6735 6910
f 8351 5622 5620
f 8346 5619 5520
f 5621 6910 6911
f 5622 8351 8185
f 8150 5624 5497
f 8423 8424 8425
f 8427 6516 6519
f 8429 8430 8431
f 6523 8432 8433
f 8434 8435 8436
f 8438 8435 8434
f 8438 8440 6511
f 8441 8442 8424
f 8427 8443 8430
f 8444 8428 8445
f 8447 8425 8424
f 8449 8443 8444
f 8451 8431 8430
f 8453 8437 8454
f 8456 8434 8437
f 8439 8434 8456
f 8448 8424 8442
f 8452 8430 8443
f 8425 8447 8459
f 8460 8461 8462
f 8464 8465 8466
f 8468 8469 8470
f 8472 8473 8474
f 8476 8477 8478
f 8480 8481 8482
f 8484 8485 8486
f 8485 8488 8489
f 8490 8491 8481
f 8492 8493 8494
f 8495 8494 8496
f 8498 8499 8500
f 8502 8501 8500
f 8504 8505 8506
f 8508 8509 8510
f 8513 8508 8511
f 8507 8506 8514
f 8516 8517 8518
f 8520 8517 8516
f 8522 8523 8524
f 8526 8527 8522
f 8528 8529 8530
f 8532 8530 8529
f 8534 8535 8536
f 8538 8539 8534
f 8464 8482 8481
f 8483 8540 8541
f 8542 8485 8484
f 8487 8543 8540
f 8488 8485 8542
f 8545 8546 8486
f 8481 8491 8466
f 8547 8545 8489
f 8548 8494 8493
f 8549 8550 8502
f 8551 8496 8494
f 8497 8541 8552
f 8469 8500 8499
f 8547 8541 8497
f 8469 8468 8503
f 8501 8502 8550
f 8460 8504 8507
f 8552 8553 8506
f 8554 8511 8510
f 8549 8552 8505
f 8554 8555 8512
f 8513 8556 8550
f 8461 8507 8515
f 8557 8556 8513
f 8558 8516 8519
f 8559 8560 8527
f 8521 8516 8558
f 8553 8562 8517
f 8477 8525 8524
f 8520 8523 8557
f 8476 8526 8525
f 8527 8560 8556
f 8563 8529 8528
f 8564 8539 8531
f 8533 8529 8563
f 8562 8567 8530
f 8473 8537 8536
f 8559 8562 8532
f 8472 8538 8537
f 8560 8534 8539
f 8463 8462 8555
f 8544 8542 8467
f 8470 8551 8548
f 8475 8474 8566
f 8479 8478 8561
f 8484 8487 8483
f 8490 8489 8488
f 8503 8493 8492
f 8498 8497 8496
f 8504 8510 8509
f 8515 8514 8513
f 8519 8518 8527
f 8521 8524 8523
f 8528 8531 8539
f 8533 8536 8535
f 8467 8484 8482
f 8487 8486 8546
f 8544 8466 8491
f 8480 8541 8547
f 8493 8503 8468
f 8495 8552 8549
f 8551 8470 8499
f 8501 8545 8547
f 8460 8463 8510
f 8508 8550 8549
f 8555 8462 8515
f 8506 8553 8557
f 8519 8526 8476
f 8517 8562 8559
f 8561 8478 8524
f 8522 8556 8557
f 8475 8528 8538
f 8567 8565 8531
f 8566 8474 8536
f 8560 8559 8535
f 8442 8441 8568
f 6512 8570 8568
f 8570 8440 8571
f 8426 6515 6514
f 8428 8444 8443
f 6522 8429 8432
f 8437 8436 8433
f 6524 8436 8435
f 6528 6527 8435
f 8423 6514 6550
f 8429 6522 6516
f 6515 8426 8445
f 8441 6550 6754
f 8570 8572 8569
f 8440 8570 6512
f 8569 8573 8458
f 8574 8575 8572
f 8572 8575 8573
f 8453 8576 8577
f 8576 8453 8455
f 8452 8579 8580
f 8573 8581 8582
f 8575 8583 8581
f 8584 8583 8575
f 8571 8439 8457
f 8439 8571 8440
f 8585 8586 8587
f 8587 8589 8590
f 8589 8591 8592
f 8591 8593 8594
f 8593 8595 8596
f 8595 8597 8598
f 8599 8600 8586
f 8601 8602 8600
f 8603 8604 8602
f 8605 8606 8598
f 8607 8608 8604
f 8609 8610 8608
f 8611 8612 8610
f 8606 8605 8612
f 8613 8614 8589
f 8614 8615 8591
f 8615 8616 8593
f 8616 8617 8595
f 8617 8618 8597
f 8619 8620 8617
f 8620 8621 8618
f 8620 8622 8623
f 8624 8625 8626
f 8626 8623 8622
f 8620 8619 8628
f 8622 8628 8629
f 8627 8629 8630
f 8632 8633 8634
f 8636 8634 8633
f 8637 8638 8636
f 8639 8633 8632
f 8633 8639 8641
f 8635 8641 8642
f 8642 8643 8644
f 8645 8638 8637
f 8586 8646 8613
f 8600 8647 8646
f 8616 8615 8648
f 8615 8614 8649
f 8613 8650 8649
f 8651 8650 8613
f 8647 8652 8651
f 8652 8653 8654
f 8602 8655 8647
f 8655 8656 8652
f 8656 8657 8653
f 8653 8658 8659
f 8658 8660 8661
f 8644 8662 8663
f 8664 8661 8662
f 8661 8664 8666
f 8666 8667 8654
f 8667 8650 8651
f 8668 8605 8597
f 8669 8668 8618
f 8670 8669 8621
f 8671 8670 8623
f 8671 8626 8625
f 8625 8631 8673
f 8636 8674 8675
f 8638 8676 8674
f 8645 8677 8676
f 8645 8663 8678
f 8679 8680 8660
f 8657 8679 8658
f 8583 8584 8648
f 8650 8581 8583
f 8667 8582 8581
f 8666 8681 8582
f 8664 8682 8681
f 8682 8664 8665
f 8684 8685 8643
f 8684 8642 8641
f 8639 8580 8579
f 8580 8639 8640
f 8629 8577 8576
f 8604 8686 8655
f 8608 8687 8686
f 8610 8688 8687
f 8612 8689 8688
f 8605 8668 8689
f 8690 8689 8668
f 8691 8688 8689
f 8692 8687 8688
f 8693 8686 8687
f 8656 8655 8686
f 8694 8690 8669
f 8695 8691 8690
f 8696 8692 8691
f 8697 8693 8692
f 8657 8656 8693
f 8697 8698 8679
f 8696 8699 8698
f 8696 8695 8700
f 8694 8701 8700
f 8670 8671 8701
f 8702 8701 8671
f 8701 8702 8703
f 8703 8704 8699
f 8699 8704 8705
f 8698 8705 8680
f 8672 8673 8706
f 8675 8674 8707
f 8674 8676 8709
f 8709 8676 8677
f 8677 8678 8711
f 8712 8713 8710
f 8702 8706 8714
f 8713 8712 8714
f 8707 8709 8716
f 8717 8716 8713
f 8710 8713 8716
f 8708 8707 8717
f 8546 8601 8599
f 8546 8545 8603
f 8550 8607 8603
f 8556 8609 8607
f 8560 8611 8609
f 8564 8606 8611
f 8565 8598 8606
f 8565 8567 8596
f 8567 8562 8594
f 8562 8553 8592
f 8553 8552 8590
f 8590 8552 8541
f 8540 8585 8588
f 8543 8599 8585
f 8684 8449 8450
f 8579 8452 8449
f 8682 8447 8448
f 8447 8682 8683
f 8681 8448 8458
f 8584 8718 8619
f 8628 8718 8577
f 8457 8456 8577
f 8574 8457 8718
f 7134 6920 6919
f 6164 6163 6919
f 5485 6608 6609
f 3832 5351 8188
f 5921 6609 6221
f 5922 4281 7128
f 6439 8719 8720
f 8720 8719 6570
f 6570 8719 8721
f 6439 6447 8721
f 6727 6058 6057
f 6312 6057 6073
f 6828 6248 6073
f 6877 6268 6267
f 6745 6267 6299
f 6891 6306 6305
f 6338 6747 6746
f 6438 6411 6410
f 6412 6411 6440
f 6564 6421 6424
f 6842 6578 6577
f 6889 6305 6829
f 6579 6578 6564
f 6435 6410 6565
f 8722 6857 6306
f 8723 6859 6058
f 6269 6268 6878
f 7160 7157 6829
f 8724 8144 8143
f 8238 8231 6248
f 6339 6746 6744
f 8395 6577 6338
f 6879 6878 8404
f 8422 8415 8231
f 8725 8143 6859
f 8416 8415 7157
f 6059 6050 6049
f 6330 6099 6049
f 7156 6260 6259
f 6269 6265 6264
f 6297 6349 6264
f 6340 6352 6351
f 6368 6842 8395
f 6422 6414 6559
f 6436 6403 6404
f 6447 6439 6438
f 6424 6423 6436
f 6331 6827 6099
f 6422 6421 6842
f 8722 8403 6856
f 8141 6863 6862
f 6265 6855 6617
f 6324 6890 6259
f 7158 7155 6260
f 6709 8145 6863
f 8235 8237 6827
f 6298 6349 6352
f 6370 6369 6351
f 6891 6890 8403
f 8419 8421 8237
f 6051 6050 8145
f 8422 8421 7155
f 8721 6447 6446
f 6748 6440 8720
f 8727 6008 6011
f 8158 6009 8144
f 6009 6008 6861
f 6008 8727 6862
f 8142 6862 8727
f 6554 6553 6893
f 6833 6707 6708
f 6708 6856 8403
f 5623 6911 6892
f 8406 8366 8365
f 8407 8375 8366
f 8377 8376 8408
f 8397 8396 6530
f 6651 8399 8400
f 8402 8401 6616
f 6618 6707 8399
f 6554 8404 6878
f 8396 8405 6854
f 8401 6553 6552
f 6892 8397 6529
f 8353 8400 8365
f 8377 8409 6276
f 8409 8410 6277
f 8410 5597 5932
f 8726 8404 6857
f 8726 6856 6855
f 7234 6107 6106
f 8279 6124 6127
f 8354 6224 6227
f 6246 6245 6619
f 8239 6280 6282
f 8162 6283 6286
f 6292 6354 6246
f 6382 6378 6377
f 6392 6397 6396
f 6396 6395 6427
f 6398 6397 6443
f 6459 6443 6458
f 6525 6520 6523
f 6558 6272 6271
f 6429 6428 6560
f 6460 6458 6572
f 6272 6558 3736
f 7128 6603 6602
f 6227 6245 6244
f 7180 6631 6634
f 6642 6286 6285
f 6356 6741 6740
f 6816 6815 8218
f 6820 8300 8301
f 6355 6832 6741
f 6344 6835 6834
f 6364 6841 6840
f 6375 6378 6560
f 6848 6847 6488
f 6853 6852 6506
f 6530 6854 6740
f 8140 6871 6874
f 6555 6271 6831
f 8215 6106 6881
f 6348 6895 6894
f 6383 6895 6896
f 6433 6897 6896
f 6432 6897 6898
f 6406 6899 6898
f 6900 6455 6387
f 6900 6449 6448
f 6472 6904 6903
f 6480 6905 6903
f 6497 6907 6906
f 6908 6519 6518
f 4280 5933 6120
f 6100 7167 7170
f 6632 6631 7188
f 7235 8214 7201
f 7206 7209 7212
f 8213 7257 7232
f 8214 8213 7231
f 6108 6107 7200
f 7238 8299 8300
f 7207 7212 8299
f 8205 7241 7240
f 6170 6169 7232
f 6638 8146 8149
f 6601 6874 8157
f 6600 8157 6283
f 8392 8223 8222
f 6278 6280 8241
f 6816 8272 8274
f 6642 6815 6814
f 6128 7170 6124
f 8195 6602 6127
f 8212 8211 8286
f 8292 8287 8286
f 8290 8289 8210
f 8207 8293 8290
f 8294 8293 8295
f 8206 8296 8295
f 6817 8301 8297
f 8288 6170 7256
f 7209 7206 7240
f 6225 6224 8360
f 8369 8368 8360
f 8375 8376 8368
f 8381 8380 8387
f 8385 8381 8383
f 8385 8386 8391
f 8147 8146 6282
f 6345 6894 6835
f 6327 6832 6834
f 6295 6354 6841
f 6379 6377 6840
f 6853 6847 6845
f 6479 6906 6905
f 6848 6572 6571
f 6452 6901 6904
f 6525 6852 6851
f 6496 6909 6907
f 8402 8405 6876
f 8408 8407 8387
f 6279 8241 8222
f 6872 6871 8149
f 8223 8386 8373
f 6526 8433 8436
f 8446 8445 8426
f 8455 8454 8431
f 8446 8459 8450
f 8454 8433 8432
f 6908 8445 8428
f 8578 8455 8451
f 8632 8631 8625
f 8640 8632 8624
f 8660 8663 8662
f 8662 8644 8643
f 8675 8673 8631
f 8680 8678 8663
f 8683 8665 8643
f 8578 8640 8630
f 8673 8675 8708
f 8678 8680 8705
f 8711 8705 8704
f 8706 8708 8715
f 8703 8714 8712
f 8459 8683 8685
f 8407 8408 8376
f 6615 6854 8405
f 5993 6080 6335
f 6060 6682 6018
f 5993 6047 6081
f 6105 6104 6176
f 6177 6104 6000
f 6309 6311 6310
f 8725 6315 6314
f 8724 6314 6318
f 6321 6320 6053
f 6249 6595 6310
f 6596 6254 6257
f 8188 6606 6605
f 5986 6683 6682
f 6714 6726 6311
f 6047 6320 6086
f 6875 6596 6304
f 6001 6105 6912
f 7162 7159 6597
f 7254 7163 6912
f 6684 6683 7163
f 8723 8136 6315
f 6592 8159 6318
f 8332 8331 8171
f 6607 6606 5350
f 8191 8190 8198
f 8197 8192 8193
f 8159 6592 6319
f 8232 8236 6595
f 8192 8190 7173
f 8189 6605 8193
f 6177 8191 8199
f 6733 8331 8330
f 8340 8341 8330
f 8341 5994 6335
f 8412 6721 6875
f 8414 8411 6273
f 8416 8420 8236
f 6727 6726 8136
f 8417 8420 7159
f 6277 5932 5558
f 5935 5576 6635
f 5991 5990 6061
f 6019 6018 6682
f 5999 6034 6033
f 6045 6044 6677
f 6055 6054 6083
f 5995 6064 6063
f 6084 6054 6053
f 6088 5990 5989
f 6063 6084 6046
f 6066 6097 6034
f 6103 6102 7181
f 6673 6676 6133
f 6149 6148 6153
f 6323 6088 8166
f 6585 6584 6083
f 6630 6629 6702
f 6634 6633 7168
f 6676 6149 6152
f 6703 6629 6628
f 6796 6729 6728
f 6069 6729 6097
f 6132 6798 6674
f 6803 6799 6800
f 6011 6010 6055
f 6799 6803 6582
f 7194 8271 6881
f 7131 6584 6583
f 6798 7133 6913
f 7179 7178 8204
f 7183 7182 7246
f 7188 7183 7242
f 6109 7196 7192
f 7204 6630 6176
f 7219 7218 6628
f 7218 7228 7248
f 7179 7219 6627
f 7250 7254 6704
f 7228 7252 7249
f 6678 7250 7249
f 5997 7252 7251
f 8168 8167 6644
f 8167 8169 6732
f 8169 8170 6733
f 8170 8171 8331
f 8336 8335 8173
f 8182 8338 8175
f 8182 8174 8176
f 8181 8176 8177
f 8180 8177 8179
f 7133 6728 6590
f 7130 7131 8194
f 8200 6633 6632
f 7178 8201 8205
f 8269 6154 6153
f 8254 8311 8252
f 8260 6102 6101
f 8179 8263 6802
f 8263 8264 6038
f 8264 8265 6039
f 8265 8266 6130
f 8266 8267 6157
f 8267 8268 6158
f 8268 8270 8217
f 8270 8272 6816
f 6813 8274 8273
f 8273 8275 8247
f 8276 8260 8277
f 7192 8251 8250
f 8252 8316 8259
f 8276 8275 8250
f 7204 8200 7177
f 7182 8316 8315
f 8343 8339 8334
f 8333 8337 8342
f 8343 8342 6800
f 8340 8339 6064
f 6323 8349 8350
f 8168 8352 8348
f 8349 5937 5936
f 8352 5939 5938
f 6103 6634 7167
f 8271 8269 8216
f 8201 7188 7241
f 8274 8272 8271
f 5991 6018 6017
f 8728 8171 6017
f 5997 5996 6680
f 5996 6033 6045
f 6033 6032 6042
f 6042 6032 8175
f 8172 8175 8338
f 8336 8338 8337
f 6684 6678 6677
f 6681 6677 6044
f 6019 6044 6043
f 6016 6043 8173
f 8728 8173 8335
f 8332 8335 8334
f 8194 6332 8160
f 6805 6010 6009
f 5940 5941 7137
f 8324 5496 5942
f 8325 5942 5495
f 6253 5943 4292
f 7137 5941 5944
f 8348 5938 5937
f 8350 5936 5530
f 5624 8150 6159
f 6718 4293 5940
f 8327 5945 5490
f 8347 5946 5939
f 5933 5502 6121
f 8184 5532 5946
f 7142 4298 5615
f 6145 5487 5945
f 8234 5947 5943
f 8328 5948 5488
f 8318 5500 5948
f 7139 5494 4299
f 8418 5616 5947
f 5604 8414 6599
f 5949 3853 6712
f 5944 5949 6716
f 6720 5601 5950
f 6255 5950 4322
f 5614 5935 6235
f 6711 3852 5951
f 8161 5951 3857
f 5973 5964 2965
f 2965 5964 5963
f 222 5963 5960
f 223 5960 5958
f 5958 5957 3185
f 5957 5970 2977
f 5970 5967 1213
f 5967 5966 1214
f 2532 1214 5966
f 2894 2532 5953
f 2871 2894 5952
f 5510 5722 5721
f 5822 5825 5824
f 3511 3512 3844
f 3887 3892 3889
f 3876 3879 3878
f 3356 3357 3911
f 3372 3373 3390
f 3849 3854 3851
f 3481 3478 3867
f 3873 3874 3385
f 3875 3375 3450
f 3915 3794 3865
f 3657 3670 3671
f 5618 5973 3013
f 1997 1996 1889
f 1237 745 744
f 1535 1534 120
f 1531 1532 201
f 1119 1241 1032
f 946 948 824
f 163 8 5
f 9041 9178 9175
f 1155 1156 1162
f 427 213 327
f 553 1902 796
f 8732 2232 2231
f 8732 3178 2230
f 2237 3183 3180
f 8734 8735 8736
f 8735 8737 8738
f 8737 8739 8740
f 8739 8741 8742
f 8743 8744 8745
f 8746 8745 8747
f 8749 8750 8748
f 8751 8752 8750
f 8754 8755 8756
f 8757 8758 8755
f 8759 8760 8758
f 8761 8762 8760
f 8763 8764 8762
f 8766 8751 8749
f 8765 8749 8747
f 8767 8747 8745
f 8768 8745 8744
f 8744 8770 8771
f 8770 8741 8772
f 8741 8739 8773
f 8739 8737 8774
f 8737 8735 8775
f 8735 8734 8776
f 8776 8734 8777
f 2904 8778 8779
f 8780 8778 2904
f 8781 8780 2902
f 2875 8782 8781
f 8783 8784 2733
f 2825 8785 8786
f 8788 8789 8790
f 8792 8788 8787
f 2724 2723 8785
f 8787 8790 3115
f 8791 8787 3117
f 8794 8766 8765
f 8793 8765 8767
f 8795 8767 8768
f 8796 8768 8769
f 8797 8769 8771
f 8771 8772 8799
f 8772 8773 8800
f 8773 8774 8801
f 8774 8775 8802
f 8775 8776 8803
f 8776 3184 3056
f 8802 8803 2253
f 8801 8802 2252
f 8800 8801 1727
f 8799 8800 2150
f 8804 8798 8799
f 8805 8797 8798
f 8806 8796 8797
f 8807 8795 8796
f 8793 8795 8807
f 8794 8793 8808
f 8810 8811 8809
f 8808 8807 8806
f 8810 8806 8805
f 8813 8811 8810
f 8812 8805 8804
f 8815 8813 8812
f 8814 8804 1941
f 8755 8750 8752
f 8758 8748 8750
f 8760 8746 8748
f 8762 8743 8746
f 8816 8817 8764
f 8818 8819 8820
f 8816 8763 8782
f 8821 8818 8817
f 8789 8821 8783
f 8818 8821 8789
f 8819 8818 8788
f 8822 8820 8819
f 8823 8819 8792
f 8824 8792 8791
f 2712 8791 3119
f 8826 8822 8823
f 8825 8823 8824
f 8827 8824 2712
f 8828 8827 2711
f 8829 8825 8827
f 8830 8826 8825
f 8743 8762 8764
f 8817 8820 8831
f 8770 8744 8743
f 8741 8770 8831
f 8820 8822 8742
f 8740 8742 8822
f 8738 8740 8826
f 8736 8738 8830
f 8833 8828 2400
f 8834 8829 8828
f 8832 8830 8829
f 8835 8833 2402
f 3058 8835 2707
f 3061 8836 8835
f 8836 8834 8833
f 8733 8736 8832
f 8837 8832 8834
f 8777 8734 8733
f 8838 8733 8837
f 8837 8836 3061
f 1961 3057 8838
f 3057 3184 8777
f 8779 8754 8753
f 8778 8757 8754
f 8780 8759 8757
f 8781 8761 8759
f 8782 8763 8761
f 8821 8816 8784
f 8785 8790 8789
f 2723 3115 8790
f 2875 2733 8784
f 2736 2824 8786
f 2947 8779 8839
f 8815 8814 1360
f 1900 1925 1924
f 1736 1717 1718
f 1955 1952 1943
f 1671 1738 1735
f 1696 1750 1698
f 1800 1865 1864
f 2063 2055 2056
f 1737 1734 1717
f 1751 1735 1697
f 943 9337 9351
f 9108 8839 8753
f 1577 1578 1764
f 9369 1598 1599
f 1945 146 82
f 68 6 7
f 147 1542 1543
f 1109 1135 1133
f 1503 1910 1907
f 1499 1501 1909
f 452 1922 735
f 1824 2068 9287
f 1825 2067 2068
f 1463 1462 1022
f 841 1012 1009
f 1568 1547 1955
f 1910 1503 1502
f 1939 1502 422
f 309 280 1940
f 1804 1851 1866
f 269 1482 1954
f 2065 1607 2060
f 9264 1685 1758
f 280 276 552
f 1875 1873 1869
f 1739 1721 1734
f 5923 5897 5899
f 1778 1779 1790
f 310 1920 1915
f 1909 1908 1906
f 1789 1783 1778
f 978 981 980
f 1584 1759 1731
f 425 426 311
f 148 1543 115
f 2044 9349 9346
f 277 1910 1939
f 1943 1946 1945
f 1461 1462 1463
f 2253 8803 3056
f 2981 2254 8927
f 2209 2998 8927
f 2254 2253 3055
f 2998 926 958
f 2826 2817 2721
f 8928 2739 2721
f 2816 8929 8928
f 2334 2297 2296
f 2298 2297 2334
f 2301 2298 2336
f 2311 2301 2338
f 2312 2311 2354
f 2359 2358 2361
f 2335 2296 2359
f 2414 2413 2365
f 2413 2270 2361
f 2355 2352 2540
f 2541 2540 2539
f 2722 2721 2739
f 3114 2722 2738
f 3110 3112 3121
f 3108 3110 3120
f 3122 1754 3127
f 3112 3122 3126
f 3127 1754 1753
f 3139 3133 2529
f 9196 9227 3133
f 8928 2789 2740
f 8929 2790 2789
f 228 229 91
f 245 244 243
f 248 7 247
f 2 297 296
f 145 146 300
f 327 213 210
f 329 332 331
f 239 241 240
f 373 376 375
f 178 177 176
f 1218 1225 1228
f 9314 1231 1295
f 808 809 824
f 9310 9311 1013
f 9265 9262 1411
f 2154 2149 2159
f 9297 9287 1758
f 306 807 1922
f 2157 2153 1976
f 708 709 2031
f 1450 1226 1227
f 1672 1604 1605
f 1813 1814 1821
f 1717 1716 1715
f 176 159 402
f 1710 1705 9368
f 1712 1580 1577
f 1705 1713 1711
f 3435 3476 3475
f 971 978 979
f 822 823 1094
f 2909 2810 2793
f 2810 2769 2795
f 2799 2910 2249
f 9114 9095 2910
f 2769 2768 2801
f 3177 3176 3178
f 3178 8732 3180
f 3181 1394 1393
f 3181 1633 1632
f 3182 1632 2244
f 3183 2244 2243
f 8932 2791 2790
f 2808 8932 8929
f 2239 9018 9016
f 1149 1150 9015
f 1150 2009 9011
f 2202 9013 9010
f 2921 9008 9009
f 9012 9004 2133
f 1777 1579 1759
f 1201 1196 1183
f 9005 8998 2195
f 8997 9020 2770
f 9379 9377 1687
f 1516 152 154
f 8993 9006 2974
f 8994 8992 2779
f 2771 2772 9019
f 3070 2771 8990
f 8991 8988 2775
f 1376 1375 1370
f 2767 8987 9000
f 2195 8998 8987
f 2775 8988 8986
f 8344 5617 8989
f 9256 9254 8983
f 2776 8986 8982
f 2240 9016 8979
f 2920 8979 9121
f 8992 8978 2786
f 1805 1850 1851
f 8978 8976 2787
f 2951 2773 8984
f 2772 2951 8975
f 2973 2224 8974
f 2224 2223 8981
f 1957 1953 320
f 306 305 304
f 2770 9020 8972
f 2913 8972 9018
f 2923 9009 8971
f 308 1940 431
f 207 208 132
f 1879 1876 1881
f 9185 9239 8969
f 2475 3070 9002
f 2476 2475 8968
f 2223 2476 8967
f 8966 8993 2803
f 2037 9007 11
f 1959 1958 450
f 2003 8999 8964
f 9 10 334
f 2009 2008 8962
f 2008 2973 8980
f 9329 672 673
f 8959 8994 2778
f 2935 8958 8957
f 111 1149 9014
f 3238 3342 3341
f 8954 8958 2935
f 683 9328 9337
f 8952 9001 2810
f 736 733 732
f 1795 1804 1803
f 8949 8954 2938
f 8951 8949 2939
f 2950 8956 8948
f 2940 2949 8948
f 9253 9243 8956
f 2868 8953 8946
f 2869 8946 8966
f 1024 1034 1023
f 8944 8947 2948
f 551 1939 442
f 2972 8943 9012
f 2032 8977 8943
f 216 93 1924
f 3532 3534 3482
f 203 202 201
f 3539 3542 3541
f 1828 1848 1847
f 1958 1957 449
f 272 271 178
f 2871 8989 8939
f 9071 9121 9008
f 2801 2768 9095
f 2005 9210 9106
f 960 886 899
f 9109 9107 9064
f 9232 9240 9098
f 3151 9098 9045
f 2193 9056 9075
f 9059 9055 3145
f 9055 9101 2761
f 9044 9059 3144
f 2926 9110 9086
f 9086 9044 3104
f 9207 9206 9198
f 566 567 9210
f 8839 9108 1864
f 1602 1586 2079
f 2868 9110 9063
f 2922 9063 9062
f 2923 9062 9070
f 9122 9065 2918
f 9071 9122 9066
f 2921 9070 9122
f 2920 9066 9038
f 9065 9094 2915
f 2917 2766 9074
f 2916 2917 9093
f 2239 9039 9104
f 2911 9092 9104
f 9095 9092 2911
f 2797 2801 9114
f 2797 9043 9050
f 9074 9080 2763
f 9060 9080 2764
f 2194 9075 9100
f 2221 9100 9101
f 2756 9060 9061
f 2750 9050 9061
f 9121 8979 1817
f 9215 9222 1691
f 2515 9073 9042
f 2548 9042 9045
f 2513 2489 9084
f 2513 9068 9073
f 2509 9085 9072
f 2510 9084 9085
f 2289 9072 9091
f 2283 9091 9069
f 2240 9038 9039
f 9111 9109 9076
f 716 2121 9339
f 727 1999 9213
f 2165 2171 2170
f 9112 9111 9078
f 9195 9033 9030
f 2175 2172 769
f 2100 500 2095
f 9210 567 9209
f 640 9004 9012
f 1653 9020 8997
f 1895 8980 8974
f 746 8974 8981
f 1653 1810 8972
f 9214 1603 1604
f 2093 2075 2073
f 959 996 995
f 962 899 919
f 1400 1401 1398
f 1000 817 1127
f 956 959 884
f 1662 8992 8994
f 2034 9002 8990
f 9378 1689 8983
f 8979 9016 766
f 9016 9018 765
f 334 9014 9015
f 1868 8975 8984
f 1684 1651 1652
f 1682 1683 775
f 1585 1603 9214
f 9215 9214 1672
f 2173 2174 490
f 1658 8988 8991
f 9000 8987 1650
f 1571 9206 2010
f 1587 9116 9123
f 2099 2095 2077
f 787 9213 1999
f 2000 9146 786
f 3155 339 9149
f 9165 3155 9135
f 2180 2179 9137
f 8940 2180 9136
f 1684 9298 9292
f 1760 464 8939
f 2607 9141 9145
f 2581 9128 9141
f 2371 2502 9152
f 2371 9147 9145
f 2587 9128 9127
f 2586 9127 9149
f 2497 9143 9139
f 2502 2503 9139
f 2494 9143 9142
f 9142 9140 2472
f 9140 9153 2468
f 9153 9155 2469
f 726 9360 9344
f 581 9011 8962
f 10 8955 9014
f 1837 8958 8954
f 741 8981 8967
f 1299 8968 9002
f 1851 8951 8948
f 8971 9009 1820
f 580 8962 8980
f 1758 1685 8966
f 1693 9001 8952
f 8948 8956 1867
f 1894 1826 9012
f 2126 1418 9265
f 9358 2126 9293
f 2113 9363 9319
f 2179 9165 9241
f 624 9355 9356
f 2192 9056 9240
f 2177 8985 9239
f 1364 9276 9285
f 9310 9307 1470
f 3135 1753 9227
f 2069 9264 9287
f 1351 9313 9305
f 2108 9334 9353
f 2089 2092 9188
f 9280 9286 1358
f 2001 9201 9235
f 2187 9235 9171
f 2130 9208 9204
f 2004 9204 9201
f 2014 9176 9231
f 2201 9231 9208
f 3167 9172 9211
f 3168 9176 9172
f 3159 9161 9216
f 3160 9216 9217
f 9182 9159 3158
f 3158 9159 9161
f 2200 3069 9182
f 9137 9241 9194
f 9174 9226 2197
f 9242 9188 2092
f 9226 9242 9173
f 3154 9158 9242
f 3155 9165 9158
f 2091 9171 9173
f 2196 3148 9202
f 2193 2196 9228
f 9056 2193 9233
f 2086 2192 9232
f 2087 2086 9230
f 2204 9194 9203
f 2205 9203 9202
f 9361 9338 574
f 2124 2087 9229
f 2208 2124 9212
f 9163 9237 3140
f 9237 9197 3138
f 9197 9196 3139
f 9223 9164 3136
f 9164 9163 3137
f 9227 9219 3131
f 9219 9234 3132
f 1813 9291 9290
f 1293 9306 9308
f 2184 2321 9200
f 2181 2184 9184
f 9217 9220 3079
f 9220 9186 3080
f 709 9325 9327
f 2774 2961 9189
f 9238 9221 2134
f 9261 9260 766
f 2968 9236 9218
f 2969 9211 9236
f 2958 9199 9189
f 2132 9199 9218
f 2321 2185 9223
f 9312 9300 1449
f 9357 9326 582
f 9338 9341 577
f 9299 9278 1818
f 705 9354 9339
f 9268 9364 9359
f 2111 9335 9363
f 9262 9281 1366
f 1812 9291 9274
f 675 9303 9304
f 8940 9157 9303
f 2110 9319 9320
f 2104 9348 9353
f 2109 9320 9351
f 9294 9283 703
f 1680 9263 9298
f 1639 1627 9271
f 623 9356 9358
f 2139 2140 9318
f 1808 1640 9296
f 9272 9273 1819
f 9324 9366 9352
f 1646 9284 9282
f 9341 9342 633
f 2139 9317 9327
f 2156 2155 9323
f 674 9304 9365
f 2117 9269 9264
f 1815 9274 9299
f 9307 9301 1444
f 697 9358 9364
f 866 842 9288
f 9316 9321 2136
f 9037 9183 9178
f 9035 9192 9183
f 9205 9198 9190
f 9192 9035 9033
f 1088 9190 9198
f 9191 9192 9195
f 2791 8932 8933
f 8932 2808 2807
f 2792 8933 8934
f 8933 2807 2806
f 8952 2909 8934
f 8960 8934 2806
f 2948 8947 9243
f 2105 9360 9348
f 8982 9254 9256
f 680 9330 9328
f 1891 1890 9362
f 2905 9251 9253
f 2900 9249 9251
f 2901 9249 9259
f 2734 2878 9258
f 2877 9259 9258
f 2820 9252 9246
f 2818 9248 9244
f 2823 9245 9244
f 2822 9245 9250
f 2819 2735 9252
f 2817 9248 9247
f 2809 9257 9247
f 2808 9257 9255
f 2805 9256 9255
f 1702 9373 9375
f 9374 9372 1797
f 9367 9368 1706
f 9370 9379 1692
f 1657 9350 9332
f 1890 1877 9347
f 9224 9222 1674
f 1689 1690 9224
f 9378 9254 8982
f 8960 8983 1689
f 9369 9375 1703
f 1598 9369 9380
f 9332 9336 1876
f 1691 1690 9377
f 9377 9378 1688
f 9386 9385 9389
f 9386 9390 9391
f 9384 9388 9389
f 9390 9394 9395
f 9389 9388 9392
f 9389 9393 9394
f 9394 9398 9399
f 9393 9392 9396
f 9394 9393 9397
f 9399 9398 9402
f 9396 9400 9401
f 9397 9401 9402
f 9402 9406 9407
f 9401 9400 9404
f 9402 9401 9405
f 9407 9406 9410
f 9405 9404 9408
f 9405 9409 9410
f 9411 9410 9414
f 9409 9408 9412
f 9410 9409 9413
f 9414 9418 9419
f 9412 9416 9417
f 9413 9417 9418
f 9418 9422 9423
f 9417 9416 9420
f 9418 9417 9421
f 9422 9426 9427
f 9420 9424 9425
f 9421 9425 9426
f 9426 9430 9431
f 9425 9424 9428
f 9426 9425 9429
f 9431 9430 9434
f 9428 9432 9433
f 9429 9433 9434
f 9434 9438 9439
f 9433 9432 9436
f 9434 9433 9437
f 9439 9438 9442
f 9436 9440 9441
f 9437 9441 9442
f 9443 9442 9446
f 9441 9440 9444
f 9442 9441 9445
f 9447 9446 9450
f 9444 9448 9449
f 9445 9449 9450
f 9450 9454 9455
f 9449 9448 9452
f 9450 9449 9453
f 9454 9458 9459
f 9452 9456 9457
f 9453 9457 9458
f 9458 9462 9463
f 9457 9456 9460
f 9458 9457 9461
f 9463 9462 9466
f 9460 9464 9465
f 9461 9465 9466
f 9466 9470 9471
f 9465 9464 9468
f 9466 9465 9469
f 9471 9470 9474
f 9468 9472 9473
f 9469 9473 9474
f 9475 9474 9478
f 9473 9472 9476
f 9474 9473 9477
f 9479 9478 9482
f 9476 9480 9481
f 9477 9481 9482
f 9483 9482 9486
f 9481 9480 9484
f 9482 9481 9485
f 9486 9490 9491
f 9484 9488 9489
f 9485 9489 9490
f 9490 9494 9495
f 9489 9488 9492
f 9490 9489 9493
f 9495 9494 9498
f 9492 9496 9497
f 9493 9497 9498
f 9498 9502 9503
f 9497 9496 9500
f 9498 9497 9501
f 9503 9502 9507
f 9500 9505 9506
f 9501 9506 9507
f 9508 9507 9511
f 9505 9509 9510
f 9507 9506 9510
f 9512 9511 9386
f 9510 9509 9384
f 9510 9385 9386
f 9521 9520 9533
f 9518 9531 9532
f 9517 9516 9529
f 9515 9514 9527
f 9523 9536 9537
f 9521 9534 9535
f 9519 9532 9533
f 9518 9517 9530
f 9515 9528 9529
f 9513 9526 9527
f 9524 9537 9538
f 9523 9522 9535
f 9528 9541 9542
f 9526 9539 9540
f 9538 9537 9550
f 9535 9548 9549
f 9534 9533 9546
f 9531 9544 9545
f 9530 9529 9542
f 9528 9527 9540
f 9537 9536 9549
f 9534 9547 9548
f 9532 9545 9546
f 9531 9530 9543
f 9541 9554 9555
f 9540 9539 9552
f 9550 9563 9564
f 9548 9561 9562
f 9547 9546 9559
f 9544 9557 9558
f 9542 9555 9556
f 9541 9540 9553
f 9549 9562 9563
f 9547 9560 9561
f 9546 9545 9558
f 9544 9543 9556
f 9555 9554 9567
f 9552 9565 9566
f 9564 9563 9576
f 9562 9561 9574
f 9559 9572 9573
f 9557 9570 9571
f 9555 9568 9569
f 9553 9566 9567
f 9562 9575 9576
f 9561 9560 9573
f 9559 9558 9571
f 9557 9556 9569
f 9567 9580 9581
f 9566 9565 9578
f 9576 9589 9590
f 9575 9574 9587
f 9572 9585 9586
f 9571 9570 9583
f 9569 9568 9581
f 9566 9579 9580
f 9576 9575 9588
f 9574 9573 9586
f 9571 9584 9585
f 9569 9582 9583
f 9581 9580 9593
f 9578 9591 9592
f 9590 9589 9602
f 9588 9587 9600
f 9585 9598 9599
f 9583 9596 9597
f 9582 9581 9594
f 9579 9592 9593
f 9589 9588 9601
f 9587 9586 9599
f 9584 9597 9598
f 9583 9582 9595
f 9594 9593 9606
f 9592 9591 9604
f 9602 9615 9616
f 9601 9600 9613
f 9598 9611 9612
f 9596 9609 9610
f 9594 9607 9608
f 9592 9605 9606
f 9601 9614 9615
f 9600 9599 9612
f 9598 9597 9610
f 9596 9595 9608
f 9607 9606 9619
f 9605 9604 9617
f 9615 9628 9629
f 9613 9626 9627
f 9611 9624 9625
f 9610 9609 9622
f 9607 9620 9621
f 9605 9618 9619
f 9615 9614 9627
f 9613 9612 9625
f 9611 9610 9623
f 9608 9621 9622
f 9619 9632 9633
f 9617 9630 9631
f 9628 9641 9642
f 9627 9626 9639
f 9625 9624 9637
f 9622 9635 9636
f 9621 9620 9633
f 9619 9618 9631
f 9627 9640 9641
f 9625 9638 9639
f 9623 9636 9637
f 9622 9621 9634
f 9632 9645 9646
f 9630 9643 9644
f 9642 9641 9654
f 9639 9652 9653
f 9638 9637 9650
f 9635 9648 9649
f 9634 9633 9646
f 9632 9631 9644
f 9641 9640 9653
f 9638 9651 9652
f 9636 9649 9650
f 9635 9634 9647
f 9645 9658 9659
f 9644 9643 9656
f 9654 9667 9668
f 9652 9665 9666
f 9651 9650 9663
f 9648 9661 9662
f 9646 9659 9660
f 9645 9644 9657
f 9653 9666 9667
f 9651 9664 9665
f 9650 9649 9662
f 9648 9647 9660
f 9659 9658 9671
f 9656 9669 9670
f 9668 9667 9680
f 9665 9678 9679
f 9663 9676 9677
f 9661 9674 9675
f 9659 9672 9673
f 9657 9670 9671
f 9666 9679 9680
f 9665 9664 9677
f 9663 9662 9675
f 9661 9660 9673
f 9671 9684 9685
f 9670 9669 9682
f 9680 9693 9694
f 9678 9691 9692
f 9677 9676 9689
f 9675 9674 9687
f 9673 9672 9685
f 9670 9683 9684
f 9680 9679 9692
f 9678 9677 9690
f 9675 9688 9689
f 9673 9686 9687
f 9685 9684 9697
f 9682 9695 9696
f 9694 9693 9706
f 9692 9691 9704
f 9689 9702 9703
f 9687 9700 9701
f 9686 9685 9698
f 9683 9696 9697
f 9693 9692 9705
f 9691 9690 9703
f 9688 9701 9702
f 9687 9686 9699
f 9698 9697 9710
f 9696 9695 9708
f 9706 9719 9720
f 9705 9704 9717
f 9702 9715 9716
f 9700 9713 9714
f 9698 9711 9712
f 9696 9709 9710
f 9705 9718 9719
f 9704 9703 9716
f 9702 9701 9714
f 9700 9699 9712
f 9711 9710 9723
f 9709 9708 9721
f 9719 9732 9733
f 9717 9730 9731
f 9715 9728 9729
f 9714 9713 9726
f 9711 9724 9725
f 9709 9722 9723
f 9718 9731 9732
f 9717 9716 9729
f 9715 9714 9727
f 9712 9725 9726
f 9723 9736 9737
f 9721 9734 9735
f 9733 9732 9745
f 9731 9730 9743
f 9729 9728 9741
f 9726 9739 9740
f 9725 9724 9737
f 9723 9722 9735
f 9732 9731 9744
f 9729 9742 9743
f 9727 9740 9741
f 9726 9725 9738
f 9736 9749 9750
f 9734 9747 9748
f 9746 9745 9758
f 9743 9756 9757
f 9742 9741 9754
f 9739 9752 9753
f 9738 9737 9750
f 9736 9735 9748
f 9745 9744 9757
f 9742 9755 9756
f 9740 9753 9754
f 9739 9738 9751
f 9749 9762 9763
f 9748 9747 9760
f 9758 9771 9772
f 9756 9769 9770
f 9755 9754 9767
f 9752 9765 9766
f 9750 9763 9764
f 9749 9748 9761
f 9757 9770 9771
f 9756 9755 9768
f 9754 9753 9766
f 9752 9751 9764
f 9762 9775 9776
f 9760 9773 9774
f 9772 9771 9784
f 9770 9769 9782
f 9768 9767 9780
f 9765 9778 9779
f 9763 9776 9777
f 9762 9761 9774
f 9770 9783 9784
f 9768 9781 9782
f 9767 9766 9779
f 9764 9777 9778
f 9775 9788 9789
f 9774 9773 9786
f 9784 9797 9798
f 9782 9795 9796
f 9781 9780 9793
f 9779 9778 9791
f 9777 9776 9789
f 9774 9787 9788
f 9784 9783 9796
f 9782 9781 9794
f 9779 9792 9793
f 9777 9790 9791
f 9789 9788 9802
f 9786 9800 9801
f 9798 9797 9811
f 9796 9795 9809
f 9793 9807 9808
f 9792 9791 9805
f 9790 9789 9803
f 9787 9801 9802
f 9797 9796 9810
f 9795 9794 9808
f 9792 9806 9807
f 9790 9804 9805
f 9803 9802 9815
f 9801 9800 9813
f 9811 9824 9825
f 9810 9809 9822
f 9807 9820 9821
f 9806 9805 9818
f 9803 9816 9817
f 9801 9814 9815
f 9810 9823 9824
f 9809 9808 9821
f 9807 9806 9819
f 9804 9817 9818
f 9816 9815 9828
f 9814 9813 9826
f 9825 9824 9837
f 9822 9835 9836
f 9820 9833 9834
f 9819 9818 9831
f 9816 9829 9830
f 9814 9827 9828
f 9824 9823 9836
f 9822 9821 9834
f 9820 9819 9832
f 9817 9830 9831
f 9828 9841 9842
f 9826 9839 9840
f 9837 9850 9851
f 9836 9835 9848
f 9834 9833 9846
f 9831 9844 9845
f 9830 9829 9842
f 9828 9827 9840
f 9836 9849 9850
f 9834 9847 9848
f 9832 9845 9846
f 9831 9830 9843
f 9841 9854 9855
f 9839 9852 9853
f 9851 9850 9863
f 9848 9861 9862
f 9847 9846 9859
f 9845 9844 9857
f 9843 9842 9855
f 9841 9840 9853
f 9850 9849 9862
f 9847 9860 9861
f 9845 9858 9859
f 9843 9856 9857
f 9854 9867 9868
f 9853 9852 9865
f 9863 9876 9877
f 9861 9874 9875
f 9860 9859 9872
f 9858 9857 9870
f 9855 9868 9869
f 9854 9853 9866
f 9862 9875 9876
f 9860 9873 9874
f 9859 9858 9871
f 9856 9869 9870
f 9868 9867 9880
f 9865 9878 9879
f 9877 9876 9889
f 9875 9874 9887
f 9873 9872 9885
f 9870 9883 9884
f 9868 9881 9882
f 9867 9866 9879
f 9875 9888 9889
f 9873 9886 9887
f 9872 9871 9884
f 9870 9869 9882
f 9880 9893 9894
f 9878 9891 9892
f 9889 9902 9903
f 9887 9900 9901
f 9886 9885 9898
f 9884 9883 9896
f 9882 9881 9894
f 9879 9892 9893
f 9889 9888 9901
f 9887 9886 9899
f 9884 9897 9898
f 9882 9895 9896
f 9894 9893 9906
f 9891 9904 9905
f 9903 9902 9915
f 9901 9900 9913
f 9898 9911 9912
f 9896 9909 9910
f 9895 9894 9907
f 9892 9905 9906
f 9902 9901 9914
f 9899 9912 9913
f 9897 9910 9911
f 9896 9895 9908
f 9907 9906 9919
f 9905 9904 9917
f 9915 9928 9929
f 9914 9913 9926
f 9911 9924 9925
f 9909 9922 9923
f 9907 9920 9921
f 9905 9918 9919
f 9914 9927 9928
f 9913 9912 9925
f 9911 9910 9923
f 9909 9908 9921
f 9920 9919 9515
f 9918 9917 9513
f 9929 9928 9524
f 9926 9522 9523
f 9924 9520 9521
f 9923 9922 9518
f 9920 9516 9517
f 9918 9514 9515
f 9928 9927 9523
f 9926 9925 9521
f 9924 9923 9519
f 9921 9517 9518
f 9387 9513 9917
f 9917 9904 9508
f 9904 9891 9503
f 9891 9878 9499
f 9499 9878 9865
f 9495 9865 9852
f 9491 9852 9839
f 9839 9826 9483
f 9483 9826 9813
f 9813 9800 9475
f 9800 9786 9471
f 9786 9773 9467
f 9467 9773 9760
f 9463 9760 9747
f 9459 9747 9734
f 9734 9721 9451
f 9451 9721 9708
f 9708 9695 9443
f 9695 9682 9439
f 9682 9669 9435
f 9435 9669 9656
f 9431 9656 9643
f 9427 9643 9630
f 9630 9617 9419
f 9419 9617 9604
f 9604 9591 9411
f 9591 9578 9407
f 9578 9565 9403
f 9403 9565 9552
f 9399 9552 9539
f 9395 9539 9526
f 9526 9513 9387
f 9932 9931 9935
f 9932 9936 9937
f 9931 9930 9934
f 9936 9940 9941
f 9934 9938 9939
f 9935 9939 9940
f 9940 9944 9945
f 9939 9938 9942
f 9940 9939 9943
f 9945 9944 9948
f 9942 9946 9947
f 9943 9947 9948
f 9948 9952 9953
f 9947 9946 9950
f 9948 9947 9951
f 9953 9952 9956
f 9950 9954 9955
f 9951 9955 9956
f 9957 9956 9960
f 9955 9954 9958
f 9956 9955 9959
f 9961 9960 9964
f 9958 9962 9963
f 9959 9963 9964
f 9965 9964 9968
f 9963 9962 9966
f 9964 9963 9967
f 9968 9972 9973
f 9966 9970 9971
f 9967 9971 9972
f 9972 9976 9977
f 9970 9974 9975
f 9972 9971 9975
f 9977 9976 9980
f 9974 9978 9979
f 9975 9979 9980
f 9980 9984 9985
f 9979 9978 9982
f 9980 9979 9983
f 9985 9984 9988
f 9982 9986 9987
f 9983 9987 9988
f 9989 9988 9992
f 9986 9990 9991
f 9988 9987 9991
f 9993 9992 9996
f 9991 9990 9994
f 9991 9995 9996
f 9996 10000 10001
f 9994 9998 9999
f 9996 9995 9999
f 10000 10004 10005
f 9999 9998 10002
f 9999 10003 10004
f 10004 10008 10009
f 10003 10002 10006
f 10004 10003 10007
f 10009 10008 10012
f 10006 10010 10011
f 10007 10011 10012
f 10012 10016 10017
f 10011 10010 10014
f 10012 10011 10015
f 10017 10016 10020
f 10014 10018 10019
f 10015 10019 10020
f 10021 10020 10024
f 10019 10018 10022
f 10020 10019 10023
f 10024 10028 10029
f 10022 10026 10027
f 10023 10027 10028
f 10028 10032 10033
f 10027 10026 10030
f 10028 10027 10031
f 10032 10036 10037
f 10030 10034 10035
f 10031 10035 10036
f 10036 10040 10041
f 10035 10034 10038
f 10036 10035 10039
f 10041 10040 10044
f 10038 10042 10043
f 10039 10043 10044
f 10044 10048 10049
f 10043 10042 10046
f 10044 10043 10047
f 10049 10048 10053
f 10046 10051 10052
f 10047 10052 10053
f 10054 10053 10057
f 10052 10051 10055
f 10053 10052 10056
f 10058 10057 9932
f 10055 9930 9931
f 10056 9931 9932
f 10067 10066 10079
f 10064 10077 10078
f 10063 10062 10075
f 10061 10060 10073
f 10070 10069 10082
f 10067 10080 10081
f 10065 10078 10079
f 10064 10063 10076
f 10061 10074 10075
f 10059 10072 10073
f 10071 10070 10083
f 10069 10068 10081
f 10074 10087 10088
f 10072 10085 10086
f 10084 10083 10096
f 10081 10094 10095
f 10080 10079 10092
f 10078 10077 10090
f 10076 10075 10088
f 10074 10073 10086
f 10083 10082 10095
f 10080 10093 10094
f 10078 10091 10092
f 10076 10089 10090
f 10087 10100 10101
f 10086 10085 10098
f 10096 10109 10110
f 10094 10107 10108
f 10093 10092 10105
f 10091 10090 10103
f 10088 10101 10102
f 10087 10086 10099
f 10095 10108 10109
f 10094 10093 10106
f 10092 10091 10104
f 10089 10102 10103
f 10100 10113 10114
f 10098 10111 10112
f 10110 10109 10122
f 10108 10107 10120
f 10105 10118 10119
f 10103 10116 10117
f 10101 10114 10115
f 10100 10099 10112
f 10108 10121 10122
f 10106 10119 10120
f 10105 10104 10117
f 10103 10102 10115
f 10113 10126 10127
f 10112 10111 10124
f 10122 10135 10136
f 10120 10133 10134
f 10119 10118 10131
f 10117 10116 10129
f 10115 10114 10127
f 10113 10112 10125
f 10122 10121 10134
f 10119 10132 10133
f 10117 10130 10131
f 10115 10128 10129
f 10127 10126 10139
f 10124 10137 10138
f 10136 10135 10148
f 10134 10133 10146
f 10131 10144 10145
f 10130 10129 10142
f 10128 10127 10140
f 10125 10138 10139
f 10135 10134 10147
f 10133 10132 10145
f 10130 10143 10144
f 10128 10141 10142
f 10140 10139 10152
f 10138 10137 10150
f 10148 10161 10162
f 10147 10146 10159
f 10144 10157 10158
f 10143 10142 10155
f 10140 10153 10154
f 10138 10151 10152
f 10147 10160 10161
f 10146 10145 10158
f 10144 10143 10156
f 10141 10154 10155
f 10153 10152 10165
f 10151 10150 10163
f 10162 10161 10174
f 10159 10172 10173
f 10157 10170 10171
f 10156 10155 10168
f 10153 10166 10167
f 10151 10164 10165
f 10161 10160 10173
f 10159 10158 10171
f 10157 10156 10169
f 10154 10167 10168
f 10165 10178 10179
f 10163 10176 10177
f 10175 10174 10187
f 10173 10172 10185
f 10171 10170 10183
f 10168 10181 10182
f 10167 10166 10179
f 10165 10164 10177
f 10173 10186 10187
f 10171 10184 10185
f 10169 10182 10183
f 10168 10167 10180
f 10178 10191 10192
f 10176 10189 10190
f 10188 10187 10200
f 10185 10198 10199
f 10184 10183 10196
f 10182 10181 10194
f 10180 10179 10192
f 10178 10177 10190
f 10187 10186 10199
f 10184 10197 10198
f 10182 10195 10196
f 10180 10193 10194
f 10191 10204 10205
f 10190 10189 10202
f 10200 10213 10214
f 10198 10211 10212
f 10197 10196 10209
f 10195 10194 10207
f 10192 10205 10206
f 10191 10190 10203
f 10199 10212 10213
f 10197 10210 10211
f 10196 10195 10208
f 10193 10206 10207
f 10205 10204 10217
f 10202 10215 10216
f 10214 10213 10226
f 10211 10224 10225
f 10210 10209 10222
f 10207 10220 10221
f 10205 10218 10219
f 10204 10203 10216
f 10212 10225 10226
f 10210 10223 10224
f 10209 10208 10221
f 10207 10206 10219
f 10217 10230 10231
f 10216 10215 10228
f 10226 10239 10240
f 10224 10237 10238
f 10223 10222 10235
f 10221 10220 10233
f 10219 10218 10231
f 10217 10216 10229
f 10226 10225 10238
f 10223 10236 10237
f 10221 10234 10235
f 10219 10232 10233
f 10231 10230 10243
f 10228 10241 10242
f 10240 10239 10252
f 10238 10237 10250
f 10235 10248 10249
f 10234 10233 10246
f 10232 10231 10244
f 10229 10242 10243
f 10239 10238 10251
f 10237 10236 10249
f 10234 10247 10248
f 10232 10245 10246
f 10244 10243 10256
f 10242 10241 10254
f 10252 10265 10266
f 10251 10250 10263
f 10248 10261 10262
f 10247 10246 10259
f 10244 10257 10258
f 10242 10255 10256
f 10251 10264 10265
f 10250 10249 10262
f 10248 10247 10260
f 10245 10258 10259
f 10257 10256 10269
f 10255 10254 10267
f 10266 10265 10278
f 10263 10276 10277
f 10261 10274 10275
f 10260 10259 10272
f 10257 10270 10271
f 10255 10268 10269
f 10265 10264 10277
f 10263 10262 10275
f 10261 10260 10273
f 10258 10271 10272
f 10269 10282 10283
f 10267 10280 10281
f 10278 10291 10292
f 10277 10276 10289
f 10275 10274 10287
f 10272 10285 10286
f 10271 10270 10283
f 10269 10268 10281
f 10277 10290 10291
f 10275 10288 10289
f 10273 10286 10287
f 10272 10271 10284
f 10282 10295 10296
f 10280 10293 10294
f 10292 10291 10304
f 10289 10302 10303
f 10288 10287 10300
f 10286 10285 10298
f 10284 10283 10296
f 10282 10281 10294
f 10291 10290 10303
f 10288 10301 10302
f 10286 10299 10300
f 10284 10297 10298
f 10295 10308 10309
f 10294 10293 10306
f 10304 10317 10318
f 10302 10315 10316
f 10301 10300 10313
f 10299 10298 10311
f 10296 10309 10310
f 10295 10294 10307
f 10303 10316 10317
f 10301 10314 10315
f 10300 10299 10312
f 10297 10310 10311
f 10309 10308 10321
f 10307 10306 10319
f 10318 10317 10330
f 10316 10315 10328
f 10314 10313 10326
f 10311 10324 10325
f 10309 10322 10323
f 10308 10307 10320
f 10316 10329 10330
f 10314 10327 10328
f 10313 10312 10325
f 10311 10310 10323
f 10321 10334 10335
f 10320 10319 10332
f 10330 10343 10344
f 10329 10328 10341
f 10326 10339 10340
f 10325 10324 10337
f 10323 10322 10335
f 10320 10333 10334
f 10330 10329 10342
f 10328 10327 10340
f 10325 10338 10339
f 10323 10336 10337
f 10335 10334 10348
f 10332 10346 10347
f 10344 10343 10357
f 10342 10341 10355
f 10339 10353 10354
f 10337 10351 10352
f 10336 10335 10349
f 10333 10347 10348
f 10343 10342 10356
f 10341 10340 10354
f 10338 10352 10353
f 10337 10336 10350
f 10349 10348 10361
f 10347 10346 10359
f 10357 10370 10371
f 10356 10355 10368
f 10353 10366 10367
f 10351 10364 10365
f 10349 10362 10363
f 10347 10360 10361
f 10356 10369 10370
f 10355 10354 10367
f 10353 10352 10365
f 10351 10350 10363
f 10362 10361 10374
f 10360 10359 10372
f 10371 10370 10383
f 10368 10381 10382
f 10366 10379 10380
f 10365 10364 10377
f 10362 10375 10376
f 10360 10373 10374
f 10370 10369 10382
f 10368 10367 10380
f 10366 10365 10378
f 10363 10376 10377
f 10374 10387 10388
f 10372 10385 10386
f 10383 10396 10397
f 10382 10381 10394
f 10380 10379 10392
f 10377 10390 10391
f 10376 10375 10388
f 10374 10373 10386
f 10382 10395 10396
f 10380 10393 10394
f 10378 10391 10392
f 10377 10376 10389
f 10387 10400 10401
f 10385 10398 10399
f 10397 10396 10409
f 10394 10407 10408
f 10393 10392 10405
f 10390 10403 10404
f 10389 10388 10401
f 10387 10386 10399
f 10396 10395 10408
f 10393 10406 10407
f 10391 10404 10405
f 10390 10389 10402
f 10400 10413 10414
f 10399 10398 10411
f 10409 10422 10423
f 10407 10420 10421
f 10406 10405 10418
f 10403 10416 10417
f 10401 10414 10415
f 10400 10399 10412
f 10408 10421 10422
f 10406 10419 10420
f 10405 10404 10417
f 10403 10402 10415
f 10414 10413 10426
f 10411 10424 10425
f 10423 10422 10435
f 10420 10433 10434
f 10418 10431 10432
f 10416 10429 10430
f 10414 10427 10428
f 10412 10425 10426
f 10421 10434 10435
f 10419 10432 10433
f 10418 10417 10430
f 10416 10415 10428
f 10427 10426 10439
f 10425 10424 10437
f 10435 10448 10449
f 10433 10446 10447
f 10431 10444 10445
f 10430 10429 10442
f 10428 10427 10440
f 10425 10438 10439
f 10435 10434 10447
f 10433 10432 10445
f 10430 10443 10444
f 10428 10441 10442
f 10440 10439 10452
f 10437 10450 10451
f 10449 10448 10461
f 10447 10446 10459
f 10444 10457 10458
f 10443 10442 10455
f 10441 10440 10453
f 10438 10451 10452
f 10448 10447 10460
f 10446 10445 10458
f 10443 10456 10457
f 10441 10454 10455
f 10453 10452 10465
f 10451 10450 10463
f 10461 10474 10475
f 10460 10459 10472
f 10457 10470 10471
f 10456 10455 10468
f 10453 10466 10467
f 10451 10464 10465
f 10460 10473 10474
f 10459 10458 10471
f 10457 10456 10469
f 10454 10467 10468
f 10466 10465 10061
f 10464 10463 10059
f 10474 10070 10071
f 10472 10068 10069
f 10470 10066 10067
f 10469 10468 10064
f 10466 10062 10063
f 10464 10060 10061
f 10473 10069 10070
f 10472 10471 10067
f 10470 10469 10065
f 10467 10063 10064
f 9933 10059 10463
f 10463 10450 10054
f 10450 10437 10049
f 10437 10424 10045
f 10045 10424 10411
f 10041 10411 10398
f 10037 10398 10385
f 10385 10372 10029
f 10029 10372 10359
f 10359 10346 10021
f 10346 10332 10017
f 10332 10319 10013
f 10013 10319 10306
f 10009 10306 10293
f 10005 10293 10280
f 10280 10267 9997
f 9997 10267 10254
f 10254 10241 9989
f 10241 10228 9985
f 10228 10215 9981
f 9981 10215 10202
f 9977 10202 10189
f 9973 10189 10176
f 10176 10163 9965
f 9965 10163 10150
f 10150 10137 9957
f 10137 10124 9953
f 10124 10111 9949
f 9949 10111 10098
f 9945 10098 10085
f 9941 10085 10072
f 10072 10059 9933